,MASTER FILE NUMBER,INVESTIGATING AGENCY,LOCAL CODE,COLLISION STATUS CODE,COUNTY NAME,ROADWAY NUMBER,BLOCK/HOUSE #,ROADWAY NAME,ROADWAY SUFFIX,ROADWAY DIRECTION CODE,GPS LATITUDE DECIMAL,GPS LONGITUDE DECIMAL,MILEPOINT DERIVED,COLLISION DATE,COLLISION TIME,INTERSECTION ROADWAY #,INTERSECTION ROADWAY NAME,INTERSECTION ROADWAY SFX,BETWEEN STREET ROADWAY # 1,BETWEEN STREET ROADWAY NAME 1,BETWEEN STREET ROADWAY SFX 1,BETWEEN STREET ROADWAY # 2,BETWEEN STREET ROADWAY NAME 2,BETWEEN STREET ROADWAY SFX 2,UNITS INVOLVED,MOTOR VEHICLES INVOLVED,KILLED,INJURED,WEATHER CODE,WEATHER,ROADWAY CONDITION CODE,ROADWAY CONDITION,HIT & RUN INDICATOR,ROADWAY TYPE CODE,ROADWAY TYPE,DIRECTIONAL ANALYSIS CODE,DIRECTIONAL ANALYSIS,MANNER OF COLLISION CODE,MANNER OF COLLISION,ROADWAY CHARACTER CODE,ROADWAY CHARACTER,LIGHT CONDITION CODE,LIGHT CONDITION,RAMP FROM ROADWAY ID,RAMP TO ROADWAY ID,SECONDARY COLLISION INDICATOR,hour,minute,Date,Latitude,Longitude,geometry,index_right
19139,70894018,LOUISVILLE METRO POLICE DEPT,8010068428,AC,56,US0031E ,,BARDSTOWN,RD   ,,38.2372168,-85.7188142,15.279,9/1/2010,1044,,,,,PATTERSON,AVE  ,,LUCIA,AVE  ,2,1,0,0,2.0,CLEAR,1.0,DRY,N,2.0,FEDERAL,37.0,COLLISION WITH BICYCLIST,9.0,SINGLE VEHICLE,6.0,STRAIGHT & LEVEL,2.0,DAYLIGHT,,,N,10,44,2010-09-01 10:44:00,38.2372168,-85.7188142,POINT (-85.7188142 38.2372168),0
19302,70894902,ST. MATTHEWS POLICE DEPARTMENT,101574    ,AC,56,,100.0,THIERMAN,LN   ,,38.2529387,-85.644964,0.06,9/3/2010,00009,,,,,,,,,,2,1,0,0,2.0,CLEAR,1.0,DRY,N,5.0,LOCAL STREET,37.0,COLLISION WITH BICYCLIST,9.0,SINGLE VEHICLE,6.0,STRAIGHT & LEVEL,2.0,DAYLIGHT,,,N,00,00,2010-09-03 00:00:00,38.2529387,-85.644964,POINT (-85.644964 38.2529387),0
19391,70896645,LOUISVILLE METRO POLICE DEPT,8010068504,AC,56,US0060A ,,EASTERN,PKWY ,,38.2170698,-85.738441,4.858,9/1/2010,1515,,DELOR,AVE  ,,,,,,,2,1,0,1,2.0,CLEAR,1.0,DRY,N,2.0,FEDERAL,2.0,COLLISION WITH BICYCLE,9.0,SINGLE VEHICLE,6.0,STRAIGHT & LEVEL,2.0,DAYLIGHT,,,N,15,15,2010-09-01 15:15:00,38.2170698,-85.738441,POINT (-85.73844099999999 38.2170698),0
19516,70896801,LOUISVILLE METRO POLICE DEPT,8010069589,AC,56,I 0264  ,,,,,38.2105103,-85.6706679,0.334,9/5/2010,1000,US0031E ,BARDSTOWN,RD   ,,,,,,,2,1,0,1,2.0,CLEAR,1.0,DRY,N,4.0,INTERSTATE,2.0,COLLISION WITH BICYCLE,9.0,SINGLE VEHICLE,3.0,CURVE & LEVEL,2.0,DAYLIGHT,,,N,10,00,2010-09-05 10:00:00,38.2105103,-85.6706679,POINT (-85.6706679 38.2105103),0
19637,70896946,LOUISVILLE METRO POLICE DEPT,8010070337,AC,56,US0031  ,,CLARK MEMORIAL BRIDGE,,,38.263645,-85.7516207,0.517,9/8/2010,000004,,,,,,,,,,2,1,0,1,2.0,CLEAR,1.0,DRY,N,2.0,FEDERAL,37.0,COLLISION WITH BICYCLIST,9.0,SINGLE VEHICLE,6.0,STRAIGHT & LEVEL,2.0,DAYLIGHT,,,N,00,00,2010-09-08 00:00:00,38.263645,-85.7516207,POINT (-85.7516207 38.263645),0
19705,70897378,SHIVELY POLICE DEPARTMENT,0410001634,AC,56,KY1931  ,,7TH STREET,RD   ,,38.2111259,-85.7860571,9.724,9/7/2010,1705,,,,,WATHEN,LN   ,,PHYLLIS,AVE  ,2,1,0,0,3.0,CLOUDY,1.0,DRY,N,7.0,STATE,37.0,COLLISION WITH BICYCLIST,9.0,SINGLE VEHICLE,6.0,STRAIGHT & LEVEL,2.0,DAYLIGHT,,,N,17,05,2010-09-07 17:05:00,38.2111259,-85.7860571,POINT (-85.78605709999999 38.2111259),0
19734,70898291,LOUISVILLE METRO POLICE DEPT,8010070633,AC,56,,,OAK,ST   ,E ,38.2343208,-85.7486738,0.368,9/8/2010,2310,,,,KY0061  ,JACKSON,ST   ,KY0061,PRESTON,ST   ,2,1,0,0,2.0,CLEAR,1.0,DRY,N,5.0,LOCAL STREET,37.0,COLLISION WITH BICYCLIST,9.0,SINGLE VEHICLE,6.0,STRAIGHT & LEVEL,5.0,DARK-HWY LIGHTED/ON,,,N,23,10,2010-09-08 23:10:00,38.2343208,-85.7486738,POINT (-85.74867380000001 38.2343208),0
20081,70900237,SHIVELY POLICE DEPARTMENT,0410001674,AC,56,KY2049  ,,CRUMS,LN   ,,38.1946541,-85.8175967,1.137,9/12/2010,2049,,,,,FERN LEA,RD   ,,NORTH,LN   ,2,1,0,0,2.0,CLEAR,1.0,DRY,N,7.0,STATE,37.0,COLLISION WITH BICYCLIST,9.0,SINGLE VEHICLE,4.0,STRAIGHT & GRADE,5.0,DARK-HWY LIGHTED/ON,,,N,20,49,2010-09-12 20:49:00,38.1946541,-85.8175967,POINT (-85.8175967 38.1946541),0
20133,70900413,LOUISVILLE METRO POLICE DEPT,8010070787,AC,56,,,BURNETT,AVE  ,W ,38.2269277,-85.7583894,0.092,9/9/2010,1420,KY1020  ,2ND,ST   ,,,,,,,2,1,0,1,2.0,CLEAR,1.0,DRY,N,5.0,LOCAL STREET,2.0,COLLISION WITH BICYCLE,9.0,SINGLE VEHICLE,6.0,STRAIGHT & LEVEL,2.0,DAYLIGHT,,,N,14,20,2010-09-09 14:20:00,38.2269277,-85.7583894,POINT (-85.7583894 38.2269277),0
20235,70900522,LOUISVILLE METRO POLICE DEPT,8010072584,AC,56,,,WILLOW SPRINGS,DR   ,,38.2643766,-85.5945928,0.003,9/15/2010,00003,KY0146  ,NEW LA GRANGE,RD   ,,,,,,,2,1,0,1,2.0,CLEAR,1.0,DRY,N,5.0,LOCAL STREET,2.0,COLLISION WITH BICYCLE,9.0,SINGLE VEHICLE,6.0,STRAIGHT & LEVEL,2.0,DAYLIGHT,,,N,00,00,2010-09-15 00:00:00,38.2643766,-85.5945928,POINT (-85.5945928 38.2643766),0
20419,70901349,LOUISVILLE METRO POLICE DEPT,8010073246,AC,56,,,GOLDSMITH,LN   ,,38.2128048,-85.6606645,1.601,9/17/2010,1700,,BON AIR,AVE  ,,,,,,,2,1,0,1,2.0,CLEAR,1.0,DRY,N,5.0,LOCAL STREET,2.0,COLLISION WITH BICYCLE,9.0,SINGLE VEHICLE,6.0,STRAIGHT & LEVEL,2.0,DAYLIGHT,,,N,17,00,2010-09-17 17:00:00,38.2128048,-85.6606645,POINT (-85.6606645 38.2128048),0
20557,70902081,ST. MATTHEWS POLICE DEPARTMENT,101673    ,AC,56,KY1447  ,,WESTPORT,RD   ,,38.2536676,-85.654608,0.061,9/20/2010,1322,,,,KY1932  ,CHENOWETH,LN   ,,ST MATTHEWS,AVE  ,2,1,0,1,2.0,CLEAR,1.0,DRY,N,7.0,STATE,37.0,COLLISION WITH BICYCLIST,9.0,SINGLE VEHICLE,6.0,STRAIGHT & LEVEL,2.0,DAYLIGHT,,,N,13,22,2010-09-20 13:22:00,38.2536676,-85.654608,POINT (-85.654608 38.2536676),0
20627,70902427,LOUISVILLE METRO POLICE DEPT,8010074266,AC,56,,,SYLVIA,ST   ,,38.2235283,-85.7423381,0.025,9/21/2010,1230,,SHELBY,ST   ,,,,,,,2,1,0,1,2.0,CLEAR,1.0,DRY,Y,5.0,LOCAL STREET,2.0,COLLISION WITH BICYCLE,9.0,SINGLE VEHICLE,6.0,STRAIGHT & LEVEL,2.0,DAYLIGHT,,,N,12,30,2010-09-21 12:30:00,38.2235283,-85.7423381,POINT (-85.7423381 38.2235283),0
20636,70902448,LOUISVILLE METRO POLICE DEPT,8010074444,AC,56,US0031E ,,BARDSTOWN,RD   ,,38.2259709,-85.6970282,13.835,9/21/2010,2251,,LAUDERDALE,RD   ,,,,,,,2,1,0,0,2.0,CLEAR,1.0,DRY,Y,2.0,FEDERAL,2.0,COLLISION WITH BICYCLE,9.0,SINGLE VEHICLE,6.0,STRAIGHT & LEVEL,5.0,DARK-HWY LIGHTED/ON,,,N,22,51,2010-09-21 22:51:00,38.2259709,-85.6970282,POINT (-85.69702820000001 38.2259709),0
20940,70904116,LOUISVILLE METRO POLICE DEPT,8010075545,AC,56,,,LUCIA,AVE  ,,38.2363678,-85.719672,0.08,9/25/2010,1045,,,,KY1703  ,BAXTER,AVE  ,US0031E,BARDSTOWN,RD   ,2,1,0,0,2.0,CLEAR,1.0,DRY,N,5.0,LOCAL STREET,37.0,COLLISION WITH BICYCLIST,9.0,SINGLE VEHICLE,6.0,STRAIGHT & LEVEL,2.0,DAYLIGHT,,,N,10,45,2010-09-25 10:45:00,38.2363678,-85.719672,POINT (-85.719672 38.2363678),0
20946,70904122,LOUISVILLE METRO POLICE DEPT,8010075571,AC,56,KY2860  ,,GRINSTEAD,DR   ,,38.2429885,-85.7063997,0.914,9/25/2010,1258,,,,,GLENMARY,AVE  ,US0060A,CHEROKEE,PKWY ,2,1,0,0,2.0,CLEAR,1.0,DRY,N,7.0,STATE,37.0,COLLISION WITH BICYCLIST,9.0,SINGLE VEHICLE,2.0,CURVE & HILLCREST,2.0,DAYLIGHT,,,N,12,58,2010-09-25 12:58:00,38.2429885,-85.7063997,POINT (-85.70639970000001 38.2429885),0
21044,70904645,LOUISVILLE METRO POLICE DEPT,8010075989,AC,56,KY1865  ,,NEW CUT,RD   ,,38.1554394,-85.7774468,3.348,9/27/2010,0625,,,,,PARK,RD   ,,IROQUOIS GARDENS,DR   ,2,1,0,1,2.0,CLEAR,1.0,DRY,N,7.0,STATE,37.0,COLLISION WITH BICYCLIST,9.0,SINGLE VEHICLE,6.0,STRAIGHT & LEVEL,5.0,DARK-HWY LIGHTED/ON,,,N,06,25,2010-09-27 06:25:00,38.1554394,-85.7774468,POINT (-85.77744680000001 38.1554394),0
21200,70905457,LOUISVILLE METRO POLICE DEPT,8010076656,AC,56,KY0864  ,,GOSS,AVE  ,,38.2272095,-85.7352582,14.07,9/29/2010,0900,,SPRATT,ST   ,,,,,,,2,1,0,0,2.0,CLEAR,1.0,DRY,N,7.0,STATE,2.0,COLLISION WITH BICYCLE,9.0,SINGLE VEHICLE,6.0,STRAIGHT & LEVEL,2.0,DAYLIGHT,,,N,09,00,2010-09-29 09:00:00,38.2272095,-85.7352582,POINT (-85.7352582 38.2272095),0
21274,70906300,LOUISVILLE METRO POLICE DEPT,8010077044,AC,56,US0031E ,,MAIN,ST   ,E ,38.2540517,-85.7335607,16.795,9/30/2010,1107,,WENZEL,ST   ,,,,,,,2,1,0,0,2.0,CLEAR,1.0,DRY,N,2.0,FEDERAL,2.0,COLLISION WITH BICYCLE,9.0,SINGLE VEHICLE,6.0,STRAIGHT & LEVEL,2.0,DAYLIGHT,,,N,11,07,2010-09-30 11:07:00,38.2540517,-85.7335607,POINT (-85.7335607 38.2540517),0
21637,1184196,LOUISVILLE METRO POLICE DEPT,8010078007,AC,56,US0031E ,,BARDSTOWN,RD   ,,38.237416667,-85.718816667,,10/3/2010,1830,,LONGEST,AVE  ,,,,,,,2,1,0,0,2.0,CLEAR,1.0,DRY,N,2.0,FEDERAL,2.0,COLLISION WITH BICYCLE,1.0,ANGLE,6.0,STRAIGHT & LEVEL,2.0,DAYLIGHT,,,,18,30,2010-10-03 18:30:00,38.237416667,-85.718816667,POINT (-85.718816667 38.237416667),0
21794,1188995,LOUISVILLE METRO POLICE DEPT,8010078687,AC,56,,,DR WILLIAM G WEATHERS,DR   ,,38.228166667,-85.812116667,,10/5/2010,2016,,34TH,ST   ,,,,,,,2,1,0,1,2.0,CLEAR,1.0,DRY,N,5.0,LOCAL STREET,2.0,COLLISION WITH BICYCLE,1.0,ANGLE,6.0,STRAIGHT & LEVEL,5.0,DARK-HWY LIGHTED/ON,,,,20,16,2010-10-05 20:16:00,38.228166667,-85.812116667,POINT (-85.812116667 38.228166667),0
21795,1188996,LOUISVILLE METRO POLICE DEPT,8010081855,AC,56,,,SOUTHERN,AVE  ,,38.209183333,-85.8018,,10/16/2010,1419,,,,,WILSON,AVE  ,,CATALPA,ST   ,2,1,0,1,2.0,CLEAR,1.0,DRY,N,5.0,LOCAL STREET,37.0,COLLISION WITH BICYCLIST,1.0,ANGLE,6.0,STRAIGHT & LEVEL,2.0,DAYLIGHT,,,,14,19,2010-10-16 14:19:00,38.209183333,-85.8018,POINT (-85.8018 38.209183333),0
21806,1243390,LOUISVILLE METRO POLICE DEPT,8010099063,AC,56,US0031E ,,BAXTER,AVE  ,,38.249866667,-85.731766667,16.43,12/15/2010,1740,,LIBERTY,ST   ,,,,,,,2,1,0,0,3.0,CLOUDY,1.0,DRY,Y,2.0,FEDERAL,2.0,COLLISION WITH BICYCLE,8.0,SIDESWIPE-SAME DIRECTION,6.0,STRAIGHT & LEVEL,3.0,DUSK,,,,17,40,2010-12-15 17:40:00,38.249866667,-85.731766667,POINT (-85.731766667 38.249866667),0
21945,1689319,LOUISVILLE METRO POLICE DEPT,8010085916,AC,56,,,EDGELAND,AVE  ,,38.235883333,-85.71665,,10/29/2010,1557,,BARDSTOWN,RD   ,,,,,,,2,1,0,0,2.0,CLEAR,1.0,DRY,N,5.0,LOCAL STREET,2.0,COLLISION WITH BICYCLE,1.0,ANGLE,6.0,STRAIGHT & LEVEL,2.0,DAYLIGHT,,,,15,57,2010-10-29 15:57:00,38.235883333,-85.71665,POINT (-85.71665 38.235883333),0
21977,1517305,LOUISVILLE METRO POLICE DEPT,8010078529,AC,56,,,9TH,ST   ,S ,38.2415,-85.758166667,,10/6/2010,1815,,BROADWAY,,,,,,,,2,1,0,1,2.0,CLEAR,1.0,DRY,N,,,2.0,COLLISION WITH BICYCLE,1.0,ANGLE,6.0,STRAIGHT & LEVEL,2.0,DAYLIGHT,,,,18,15,2010-10-06 18:15:00,38.2415,-85.758166667,POINT (-85.758166667 38.2415),0
22115,1954345,LOUISVILLE METRO POLICE DEPT,8010084156,AC,56,KY1065  ,1049.0,OUTERLOOP,,,38.12775,-85.748966667,,10/23/2010,2308,,,,,,,,,,2,1,0,1,3.0,CLOUDY,1.0,DRY,N,7.0,STATE,37.0,COLLISION WITH BICYCLIST,8.0,SIDESWIPE-SAME DIRECTION,6.0,STRAIGHT & LEVEL,6.0,DARK-HWY NOT LIGHTED,,,,23,08,2010-10-23 23:08:00,38.12775,-85.748966667,POINT (-85.748966667 38.12775),0
22252,70907835,ST. MATTHEWS POLICE DEPARTMENT,101775    ,AC,56,US0060  ,,SHELBYVILLE,RD   ,,38.2526633,-85.6525251,3.704,10/3/2010,1828,,ST MATTHEWS,AVE  ,,,,,,,2,1,0,0,2.0,CLEAR,1.0,DRY,N,2.0,FEDERAL,2.0,COLLISION WITH BICYCLE,9.0,SINGLE VEHICLE,6.0,STRAIGHT & LEVEL,2.0,DAYLIGHT,,,N,18,28,2010-10-03 18:28:00,38.2526633,-85.6525251,POINT (-85.65252510000001 38.2526633),0
22325,70908086,LOUISVILLE METRO POLICE DEPT,8010078463,AC,56,,,FLOYD,ST   ,N ,38.2565158,-85.7476589,0.06,10/5/2010,0900,,WASHINGTON,ST   ,,,,,,,2,1,0,0,2.0,CLEAR,1.0,DRY,Y,5.0,LOCAL STREET,2.0,COLLISION WITH BICYCLE,9.0,SINGLE VEHICLE,6.0,STRAIGHT & LEVEL,1.0,DAWN,,,N,09,00,2010-10-05 09:00:00,38.2565158,-85.7476589,POINT (-85.7476589 38.2565158),0
22335,70908411,JEFFERSONTOWN POLICE DEPT,A1004625  ,AC,56,,,WATTERSON,TRL  ,,38.1967675,-85.5617654,0.476,10/6/2010,0625,,,,,BRUNERS,WAY  ,,BLUEBIRD,LN   ,2,1,0,1,2.0,CLEAR,1.0,DRY,Y,,,37.0,COLLISION WITH BICYCLIST,9.0,SINGLE VEHICLE,4.0,STRAIGHT & GRADE,6.0,DARK-HWY NOT LIGHTED,,,N,06,25,2010-10-06 06:25:00,38.1967675,-85.5617654,POINT (-85.5617654 38.1967675),0
22505,70909311,LOUISVILLE METRO POLICE DEPT,8010078901,AC,56,US0031W ,,DIXIE,HWY  ,,38.1709652,-85.8266313,13.496,10/6/2010,1600,,,,,LEWISTON,DR   ,,BRICK KILN,LN   ,2,1,0,0,2.0,CLEAR,1.0,DRY,N,2.0,FEDERAL,37.0,COLLISION WITH BICYCLIST,9.0,SINGLE VEHICLE,6.0,STRAIGHT & LEVEL,2.0,DAYLIGHT,,,N,16,00,2010-10-06 16:00:00,38.1709652,-85.8266313,POINT (-85.8266313 38.1709652),0
22556,70909320,LOUISVILLE METRO POLICE DEPT,8010079121,AC,56,,,CARDINAL,BLVD ,W ,38.2205677,-85.7611543,0.18,10/7/2010,0814,KY1020  ,3RD,ST   ,,,,,,,2,1,0,0,2.0,CLEAR,1.0,DRY,N,5.0,LOCAL STREET,2.0,COLLISION WITH BICYCLE,9.0,SINGLE VEHICLE,6.0,STRAIGHT & LEVEL,2.0,DAYLIGHT,,,N,08,14,2010-10-07 08:14:00,38.2205677,-85.7611543,POINT (-85.7611543 38.2205677),0
22775,70910292,LOUISVILLE METRO POLICE DEPT,8010080154,AC,56,,,INVERNESS,AVE  ,,38.1673955,-85.7679801,0.177,10/10/2010,100000,,,,,3RD,ST   ,KY1020,SOUTHSIDE,DR   ,2,1,0,1,2.0,CLEAR,1.0,DRY,N,5.0,LOCAL STREET,37.0,COLLISION WITH BICYCLIST,9.0,SINGLE VEHICLE,6.0,STRAIGHT & LEVEL,5.0,DARK-HWY LIGHTED/ON,,,N,10,00,2010-10-10 10:00:00,38.1673955,-85.7679801,POINT (-85.7679801 38.1673955),0
22981,70911668,LOUISVILLE METRO POLICE DEPT,8010-08095,AC,56,,,INDIAN,TRL  ,E ,38.1776897,-85.6778855,1.783,10/13/2010,1630,,KILMER,BLVD ,,,,,,,2,1,0,1,3.0,CLOUDY,1.0,DRY,N,1.0,COUNTY ROAD,2.0,COLLISION WITH BICYCLE,9.0,SINGLE VEHICLE,5.0,STRAIGHT & HILLCREST,2.0,DAYLIGHT,,,N,16,30,2010-10-13 16:30:00,38.1776897,-85.6778855,POINT (-85.6778855 38.1776897),0
23187,70912996,LOUISVILLE METRO POLICE DEPT,8010080349,AC,56,,,OAK,ST   ,W ,38.2369416,-85.7809025,1.4,10/11/2010,1519,,16TH,ST   ,,,,,,,2,1,0,1,3.0,CLOUDY,1.0,DRY,N,5.0,LOCAL STREET,2.0,COLLISION WITH BICYCLE,9.0,SINGLE VEHICLE,6.0,STRAIGHT & LEVEL,2.0,DAYLIGHT,,,N,15,19,2010-10-11 15:19:00,38.2369416,-85.7809025,POINT (-85.7809025 38.2369416),0
23196,70913017,LOUISVILLE METRO POLICE DEPT,8010081491,AC,56,,,BEARGRASS,RD   ,,38.2342417,-85.6844735,0.783,10/15/2010,0953,,ALTA VISTA,RD   ,,,,,,,2,1,0,1,2.0,CLEAR,1.0,DRY,N,5.0,LOCAL STREET,2.0,COLLISION WITH BICYCLE,9.0,SINGLE VEHICLE,5.0,STRAIGHT & HILLCREST,2.0,DAYLIGHT,,,N,09,53,2010-10-15 09:53:00,38.2342417,-85.6844735,POINT (-85.6844735 38.2342417),0
23372,70913333,LOUISVILLE METRO POLICE DEPT,8010082249,AC,56,KY0864  ,,POPLAR LEVEL,RD   ,,38.207659,-85.7151584,12.267,10/18/2010,000000,,FINCASTLE,RD   ,,,,,,,2,1,0,0,3.0,CLOUDY,1.0,DRY,N,7.0,STATE,2.0,COLLISION WITH BICYCLE,9.0,SINGLE VEHICLE,3.0,CURVE & LEVEL,5.0,DARK-HWY LIGHTED/ON,,,N,00,00,2010-10-18 00:00:00,38.207659,-85.7151584,POINT (-85.71515840000001 38.207659),0
23742,70915344,LOUISVILLE METRO POLICE DEPT,8010083388,AC,56,,,DURRETT,LN   ,,38.1863591,-85.7241193,0.004,10/21/2010,1600,,,,KY0061  ,PRESTON,HWY  ,,HANNAH,AVE  ,2,1,0,1,2.0,CLEAR,1.0,DRY,N,5.0,LOCAL STREET,37.0,COLLISION WITH BICYCLIST,9.0,SINGLE VEHICLE,6.0,STRAIGHT & LEVEL,2.0,DAYLIGHT,,,N,16,00,2010-10-21 16:00:00,38.1863591,-85.7241193,POINT (-85.7241193 38.1863591),0
23802,70915855,LOUISVILLE METRO POLICE DEPT,8010082494,AC,56,,,SKYWATCH,LN   ,,38.2866051,-85.5027547,0.095,10/18/2010,1920,,,,,TERRACE SPRINGS,DR   ,,VENDETTA,WAY  ,2,1,0,1,2.0,CLEAR,1.0,DRY,N,5.0,LOCAL STREET,37.0,COLLISION WITH BICYCLIST,9.0,SINGLE VEHICLE,3.0,CURVE & LEVEL,3.0,DUSK,,,N,19,20,2010-10-18 19:20:00,38.2866051,-85.5027547,POINT (-85.5027547 38.2866051),0
23930,70916213,LOUISVILLE METRO POLICE DEPT,8010084493,AC,56,KY0864  ,,POPLAR LEVEL,RD   ,,38.167511,-85.6819042,8.901,10/25/2010,000005,,RANGELAND,RD   ,,,,,,,2,1,0,1,6.0,RAINING,5.0,WET,N,7.0,STATE,2.0,COLLISION WITH BICYCLE,9.0,SINGLE VEHICLE,6.0,STRAIGHT & LEVEL,2.0,DAYLIGHT,,,N,00,00,2010-10-25 00:00:00,38.167511,-85.6819042,POINT (-85.68190420000001 38.167511),0
23947,70916547,SHIVELY POLICE DEPARTMENT,0410001933,AC,56,US0031W ,,DIXIE,HWY  ,,38.1941699,-85.8067399,15.521,10/21/2010,1030,,,,,PARK,RD   ,,SCHMITTS,LN   ,2,1,0,1,2.0,CLEAR,1.0,DRY,N,2.0,FEDERAL,37.0,COLLISION WITH BICYCLIST,9.0,SINGLE VEHICLE,6.0,STRAIGHT & LEVEL,2.0,DAYLIGHT,,,N,10,30,2010-10-21 10:30:00,38.1941699,-85.8067399,POINT (-85.8067399 38.1941699),0
24244,70917927,LOUISVILLE METRO POLICE DEPT,8010085480,AC,56,KY1020  ,,3RD,ST   ,S ,38.2172908,-85.7617274,10.099,10/28/2010,0750,,,,,,,,,,2,1,0,0,2.0,CLEAR,1.0,DRY,N,7.0,STATE,37.0,COLLISION WITH BICYCLIST,9.0,SINGLE VEHICLE,6.0,STRAIGHT & LEVEL,2.0,DAYLIGHT,,,N,07,50,2010-10-28 07:50:00,38.2172908,-85.7617274,POINT (-85.7617274 38.2172908),0
24271,70917744,LOUISVILLE METRO POLICE DEPT,8010085346,AC,56,,,GREYLING,DR   ,,38.1159645,-85.7997189,0.338,10/27/2010,1933,,,,,LAMBORNE,BLVD ,,ACRES,LN   ,2,1,0,1,2.0,CLEAR,1.0,DRY,N,1.0,COUNTY ROAD,37.0,COLLISION WITH BICYCLIST,9.0,SINGLE VEHICLE,6.0,STRAIGHT & LEVEL,6.0,DARK-HWY NOT LIGHTED,,,N,19,33,2010-10-27 19:33:00,38.1159645,-85.7997189,POINT (-85.7997189 38.1159645),0
24341,70918472,LOUISVILLE METRO POLICE DEPT,8010085778,AC,56,KY2050  ,,HERR,LN   ,,38.283508,-85.6276642,2.15,10/29/2010,0733,,,,,BROWNSBORO,RD   ,,WESBORO,RD   ,2,1,0,1,2.0,CLEAR,1.0,DRY,N,7.0,STATE,37.0,COLLISION WITH BICYCLIST,9.0,SINGLE VEHICLE,4.0,STRAIGHT & GRADE,1.0,DAWN,,,N,07,33,2010-10-29 07:33:00,38.283508,-85.6276642,POINT (-85.6276642 38.283508),0
24488,70919117,LOUISVILLE METRO POLICE DEPT,8010085945,AC,56,,,INDIAN,TRL  ,E ,38.1716544,-85.6848002,1.215,10/29/2010,100001,KY0864  ,POPLAR LEVEL,RD   ,,,,,,,2,1,0,0,2.0,CLEAR,1.0,DRY,N,5.0,LOCAL STREET,2.0,COLLISION WITH BICYCLE,9.0,SINGLE VEHICLE,6.0,STRAIGHT & LEVEL,2.0,DAYLIGHT,,,N,10,00,2010-10-29 10:00:00,38.1716544,-85.6848002,POINT (-85.6848002 38.1716544),0
24846,70920968,LOUISVILLE METRO POLICE DEPT,8010087303,AC,56,,,HILL,ST   ,W ,38.2264777,-85.766287,0.513,11/3/2010,1532,,,,,6TH,ST   ,,7TH,ST   ,2,1,0,1,3.0,CLOUDY,1.0,DRY,N,1.0,COUNTY ROAD,37.0,COLLISION WITH BICYCLIST,9.0,SINGLE VEHICLE,4.0,STRAIGHT & GRADE,2.0,DAYLIGHT,,,N,15,32,2010-11-03 15:32:00,38.2264777,-85.766287,POINT (-85.76628700000001 38.2264777),0
25186,70922940,LOUISVILLE METRO POLICE DEPT,8010088752,AC,56,KY0061  ,,PRESTON,HWY  ,,38.2068613,-85.7376104,9.475,11/8/2010,1644,,LOCUST,LN   ,,,,,,,2,1,0,1,2.0,CLEAR,1.0,DRY,N,7.0,STATE,2.0,COLLISION WITH BICYCLE,9.0,SINGLE VEHICLE,6.0,STRAIGHT & LEVEL,2.0,DAYLIGHT,,,N,16,44,2010-11-08 16:44:00,38.2068613,-85.7376104,POINT (-85.73761039999999 38.2068613),0
25424,70924022,LOUISVILLE METRO POLICE DEPT,8010089378,AC,56,US0031E ,,BAXTER,AVE  ,,38.2469126,-85.7294818,16.185,11/10/2010,1656,,HULL,ST   ,,,,,,,2,1,0,1,2.0,CLEAR,1.0,DRY,N,2.0,FEDERAL,2.0,COLLISION WITH BICYCLE,9.0,SINGLE VEHICLE,4.0,STRAIGHT & GRADE,2.0,DAYLIGHT,,,N,16,56,2010-11-10 16:56:00,38.2469126,-85.7294818,POINT (-85.7294818 38.2469126),0
25808,70926049,LOUISVILLE METRO POLICE DEPT,8010090689,AC,56,,,CRITTENDEN,DR   ,,38.2140503,-85.7509735,0.191,11/15/2010,1355,,,,,WARNOCK,ST   ,,LILLY,AVE  ,2,1,0,1,2.0,CLEAR,1.0,DRY,N,1.0,COUNTY ROAD,37.0,COLLISION WITH BICYCLIST,9.0,SINGLE VEHICLE,6.0,STRAIGHT & LEVEL,2.0,DAYLIGHT,,,N,13,55,2010-11-15 13:55:00,38.2140503,-85.7509735,POINT (-85.7509735 38.2140503),0
26115,70928003,LOUISVILLE METRO POLICE DEPT,8010091380,AC,56,,,EWING,AVE  ,S ,38.2537438,-85.6998494,0.002,11/17/2010,1610,US0060  ,FRANKFORT,AVE  ,,,,,,,2,1,0,1,2.0,CLEAR,1.0,DRY,Y,5.0,LOCAL STREET,2.0,COLLISION WITH BICYCLE,9.0,SINGLE VEHICLE,6.0,STRAIGHT & LEVEL,2.0,DAYLIGHT,,,N,16,10,2010-11-17 16:10:00,38.2537438,-85.6998494,POINT (-85.69984940000001 38.2537438),0
26435,70929451,LOUISVILLE METRO POLICE DEPT,8010092773,AC,56,,,GRINSTEAD,DR   ,,38.2455368,-85.7015478,0.0,11/22/2010,1055,US0060A ,LEXINGTON,RD   ,,,,,,,2,1,0,1,2.0,CLEAR,1.0,DRY,N,5.0,LOCAL STREET,2.0,COLLISION WITH BICYCLE,9.0,SINGLE VEHICLE,3.0,CURVE & LEVEL,2.0,DAYLIGHT,,,N,10,55,2010-11-22 10:55:00,38.2455368,-85.7015478,POINT (-85.7015478 38.2455368),0
26645,70931570,JEFFERSONTOWN POLICE DEPT,A1107382  ,AC,56,KY1747  ,,HURSTBOURNE,PKWY ,S ,38.2120282,-85.5955209,10.68,11/28/2010,1750,,GREENE,WAY  ,,,,,,,2,1,0,0,2.0,CLEAR,1.0,DRY,N,7.0,STATE,2.0,COLLISION WITH BICYCLE,9.0,SINGLE VEHICLE,6.0,STRAIGHT & LEVEL,3.0,DUSK,,,N,17,50,2010-11-28 17:50:00,38.2120282,-85.5955209,POINT (-85.5955209 38.2120282),0