,MASTER FILE NUMBER,INVESTIGATING AGENCY,LOCAL CODE,COLLISION STATUS CODE,COUNTY NAME,ROADWAY NUMBER,BLOCK/HOUSE #,ROADWAY NAME,ROADWAY SUFFIX,ROADWAY DIRECTION CODE,GPS LATITUDE DECIMAL,GPS LONGITUDE DECIMAL,MILEPOINT DERIVED,COLLISION DATE,COLLISION TIME,INTERSECTION ROADWAY #,INTERSECTION ROADWAY NAME,INTERSECTION ROADWAY SFX,BETWEEN STREET ROADWAY # 1,BETWEEN STREET ROADWAY NAME 1,BETWEEN STREET ROADWAY SFX 1,BETWEEN STREET ROADWAY # 2,BETWEEN STREET ROADWAY NAME 2,BETWEEN STREET ROADWAY SFX 2,UNITS INVOLVED,MOTOR VEHICLES INVOLVED,KILLED,INJURED,WEATHER CODE,WEATHER,ROADWAY CONDITION CODE,ROADWAY CONDITION,HIT & RUN INDICATOR,ROADWAY TYPE CODE,ROADWAY TYPE,DIRECTIONAL ANALYSIS CODE,DIRECTIONAL ANALYSIS,MANNER OF COLLISION CODE,MANNER OF COLLISION,ROADWAY CHARACTER CODE,ROADWAY CHARACTER,LIGHT CONDITION CODE,LIGHT CONDITION,RAMP FROM ROADWAY ID,RAMP TO ROADWAY ID,SECONDARY COLLISION INDICATOR,hour,minute,Date,Latitude,Longitude,geometry,index_right
26666,70930706,JEFFERSONTOWN POLICE DEPT,A1106822  ,AC,56,KY1747  ,,HURSTBOURNE,PKWY ,S ,38.2371502,-85.5769754,12.868,11/19/2010,0445,,,,,WESSEX,PL   ,,STONE CREEK,PKWY ,2,1,1,0,3.0,CLOUDY,1.0,DRY,N,7.0,STATE,37.0,COLLISION WITH BICYCLIST,9.0,SINGLE VEHICLE,6.0,STRAIGHT & LEVEL,6.0,DARK-HWY NOT LIGHTED,,,N,04,45,2010-11-19 04:45:00,38.2371502,-85.5769754,POINT (-85.57697539999999 38.2371502),0
28114,70938773,LOUISVILLE METRO POLICE DEPT,8010097753,AC,56,,,GREEN MEADOWS,DR   ,,38.200927,-85.6570268,0.002,12/10/2010,1600,,HIKES,LN   ,,,,,,,2,1,0,0,2.0,CLEAR,1.0,DRY,N,5.0,LOCAL STREET,2.0,COLLISION WITH BICYCLE,9.0,SINGLE VEHICLE,6.0,STRAIGHT & LEVEL,2.0,DAYLIGHT,,,N,16,00,2010-12-10 16:00:00,38.200927,-85.6570268,POINT (-85.6570268 38.200927),0
28150,70938839,LOUISVILLE METRO POLICE DEPT,8010098023,AC,56,,,WHEELER,AVE  ,,38.1834292,-85.7889063,0.652,12/11/2010,1655,,BICKNELL,AVE  ,,,,,,,2,1,0,1,6.0,RAINING,5.0,WET,Y,5.0,LOCAL STREET,2.0,COLLISION WITH BICYCLE,9.0,SINGLE VEHICLE,6.0,STRAIGHT & LEVEL,2.0,DAYLIGHT,,,N,16,55,2010-12-11 16:55:00,38.1834292,-85.7889063,POINT (-85.78890629999999 38.1834292),0
28688,70942269,LOUISVILLE METRO POLICE DEPT,8010098423,AC,56,KY0061  ,,JACKSON,ST   ,S ,38.2451107,-85.745617,12.286,12/13/2010,1355,US0150  ,BROADWAY,,,,,,,,2,1,0,1,2.0,CLEAR,1.0,DRY,N,7.0,STATE,2.0,COLLISION WITH BICYCLE,9.0,SINGLE VEHICLE,6.0,STRAIGHT & LEVEL,2.0,DAYLIGHT,,,N,13,55,2010-12-13 13:55:00,38.2451107,-85.745617,POINT (-85.745617 38.2451107),0
28902,70943160,LOUISVILLE METRO POLICE DEPT,8010100303,AC,56,,,DELOR,AVE  ,,38.216959,-85.7383461,0.411,12/20/2010,00000,US0060A ,EASTERN,PKWY ,,,,,,,2,1,0,0,3.0,CLOUDY,5.0,WET,N,5.0,LOCAL STREET,2.0,COLLISION WITH BICYCLE,9.0,SINGLE VEHICLE,6.0,STRAIGHT & LEVEL,5.0,DARK-HWY LIGHTED/ON,,,N,00,00,2010-12-20 00:00:00,38.216959,-85.7383461,POINT (-85.7383461 38.216959),0
29018,70944201,LOUISVILLE METRO POLICE DEPT,8010100678,AC,56,KY1020  ,,3RD,ST   ,S ,38.234906,-85.7586438,11.319,12/22/2010,0841,,OAK,ST   ,,,,,,,2,1,0,1,3.0,CLOUDY,1.0,DRY,N,7.0,STATE,2.0,COLLISION WITH BICYCLE,9.0,SINGLE VEHICLE,6.0,STRAIGHT & LEVEL,2.0,DAYLIGHT,,,N,08,41,2010-12-22 08:41:00,38.234906,-85.7586438,POINT (-85.7586438 38.234906),0
29463,70946694,LOUISVILLE METRO POLICE DEPT,8010102203,AC,56,US0031W ,,MARKET,ST   ,W ,38.2574258,-85.7766299,20.735,12/29/2010,1210,,16TH,ST   ,,,,,,,2,1,0,0,2.0,CLEAR,1.0,DRY,N,2.0,FEDERAL,2.0,COLLISION WITH BICYCLE,9.0,SINGLE VEHICLE,6.0,STRAIGHT & LEVEL,2.0,DAYLIGHT,,,N,12,10,2010-12-29 12:10:00,38.2574258,-85.7766299,POINT (-85.7766299 38.2574258),0
29975,1244294,LOUISVILLE METRO POLICE DEPT,8011015937,AC,56,US0150  ,,BROADWAY,,E ,38.244566667,-85.73765,3.506,3/4/2011,0650,,CAMPBELL,,,,,,,,2,1,0,1,3.0,CLOUDY,1.0,DRY,N,2.0,FEDERAL,2.0,COLLISION WITH BICYCLE,1.0,ANGLE,6.0,STRAIGHT & LEVEL,1.0,DAWN,,,,06,50,2011-03-04 06:50:00,38.244566667,-85.73765,POINT (-85.73765 38.244566667),0
30050,1266613,LOUISVILLE METRO POLICE DEPT,8011020171,AC,56,,,RUFER,AVE  ,,38.235883333,-85.71665,,3/19/2011,1552,,BARRET,,,,,,,,2,1,0,1,2.0,CLEAR,1.0,DRY,N,5.0,LOCAL STREET,2.0,COLLISION WITH BICYCLE,5.0,REAR END,4.0,STRAIGHT & GRADE,2.0,DAYLIGHT,,,,15,52,2011-03-19 15:52:00,38.235883333,-85.71665,POINT (-85.71665 38.235883333),0
30885,70952613,LOUISVILLE METRO POLICE DEPT,8011002496,AC,56,KY1934  ,,CANE RUN,RD   ,,38.2011854,-85.8349285,9.37,1/10/2011,1504,,KRAMERS,LN   ,,,,,,,2,1,0,1,2.0,CLEAR,1.0,DRY,N,7.0,STATE,2.0,COLLISION WITH BICYCLE,9.0,SINGLE VEHICLE,6.0,STRAIGHT & LEVEL,2.0,DAYLIGHT,,,N,15,04,2011-01-10 15:04:00,38.2011854,-85.8349285,POINT (-85.8349285 38.2011854),0
31101,70954308,LOUISVILLE METRO POLICE DEPT,8011003550,AC,56,,,7TH,ST   ,S ,38.2204362,-85.7769192,0.036,1/14/2011,1400,,,,,INDUSTRY,RD   ,KY2054,ALGONQUIN,PKWY ,2,1,0,1,3.0,CLOUDY,1.0,DRY,N,5.0,LOCAL STREET,37.0,COLLISION WITH BICYCLIST,9.0,SINGLE VEHICLE,6.0,STRAIGHT & LEVEL,2.0,DAYLIGHT,,,N,14,00,2011-01-14 14:00:00,38.2204362,-85.7769192,POINT (-85.77691919999999 38.2204362),0
31322,70954498,LOUISVILLE METRO POLICE DEPT,8011004464,AC,56,US0031W ,7490.0,DIXIE,HWY  ,,38.1517595,-85.8365361,12.177,1/18/2011,0339,,,,,,,,,,2,1,0,1,2.0,CLEAR,5.0,WET,Y,2.0,FEDERAL,37.0,COLLISION WITH BICYCLIST,9.0,SINGLE VEHICLE,6.0,STRAIGHT & LEVEL,6.0,DARK-HWY NOT LIGHTED,,,N,03,39,2011-01-18 03:39:00,38.1517595,-85.8365361,POINT (-85.8365361 38.1517595),0
31818,70957664,LOUISVILLE METRO POLICE DEPT,8011006137,AC,56,,,MILES,LN   ,,38.1243574,-85.6792188,0.0,1/24/2011,1234,KY0061  ,PRESTON,HWY  ,,,,,,,2,1,0,1,3.0,CLOUDY,5.0,WET,N,5.0,LOCAL STREET,2.0,COLLISION WITH BICYCLE,9.0,SINGLE VEHICLE,6.0,STRAIGHT & LEVEL,2.0,DAYLIGHT,,,N,12,34,2011-01-24 12:34:00,38.1243574,-85.6792188,POINT (-85.6792188 38.1243574),0
32000,70958678,LOUISVILLE METRO POLICE DEPT,8011006809,AC,56,,,COOPER,ST   ,,38.2481133,-85.728174,0.105,1/27/2011,0045,,,,,,,,,,2,1,0,0,3.0,CLOUDY,1.0,DRY,N,5.0,LOCAL STREET,37.0,COLLISION WITH BICYCLIST,9.0,SINGLE VEHICLE,6.0,STRAIGHT & LEVEL,5.0,DARK-HWY LIGHTED/ON,,,N,00,45,2011-01-27 00:45:00,38.2481133,-85.728174,POINT (-85.728174 38.2481133),0
32346,70961073,LOUISVILLE METRO POLICE DEPT,8011008354,AC,56,,,JEFFERSON,ST   ,W ,38.2547285,-85.765119,0.718,2/2/2011,1440,I 0064  ,I64 W EXIT4 OFF RAMP TO S ROY WILKINS AV,,,,,,,,2,1,0,1,3.0,CLOUDY,1.0,DRY,N,5.0,LOCAL STREET,2.0,COLLISION WITH BICYCLE,9.0,SINGLE VEHICLE,6.0,STRAIGHT & LEVEL,2.0,DAYLIGHT,,,N,14,40,2011-02-02 14:40:00,38.2547285,-85.765119,POINT (-85.765119 38.2547285),0
32479,70961577,LOUISVILLE METRO POLICE DEPT,8011008687,AC,56,US0031E ,,BARDSTOWN,RD   ,,38.2353418,-85.7153963,15.052,2/3/2011,1908,,,,,LONGEST,AVE  ,,ROSEWOOD,AVE  ,2,1,0,1,2.0,CLEAR,1.0,DRY,N,2.0,FEDERAL,37.0,COLLISION WITH BICYCLIST,9.0,SINGLE VEHICLE,6.0,STRAIGHT & LEVEL,3.0,DUSK,,,N,19,08,2011-02-03 19:08:00,38.2353418,-85.7153963,POINT (-85.71539629999999 38.2353418),0
32760,70963354,LOUISVILLE METRO POLICE DEPT,8011009794,AC,56,US0150  ,,BROADWAY,,E ,38.2450273,-85.743442,3.196,2/8/2011,1005,,HANCOCK,ST   ,,,,,,,2,1,0,0,2.0,CLEAR,1.0,DRY,Y,2.0,FEDERAL,2.0,COLLISION WITH BICYCLE,9.0,SINGLE VEHICLE,6.0,STRAIGHT & LEVEL,2.0,DAYLIGHT,,,N,10,05,2011-02-08 10:05:00,38.2450273,-85.743442,POINT (-85.743442 38.2450273),0
33109,70965942,LOUISVILLE METRO POLICE DEPT,8011011265,AC,56,,,1ST,ST   ,S ,38.2457023,-85.7534036,0.723,2/14/2011,1239,US0150  ,BROADWAY,,,,,,,,2,1,0,1,3.0,CLOUDY,01,DRY,N,5.0,LOCAL STREET,2.0,COLLISION WITH BICYCLE,9.0,SINGLE VEHICLE,6.0,STRAIGHT & LEVEL,2.0,DAYLIGHT,,,N,12,39,2011-02-14 12:39:00,38.2457023,-85.7534036,POINT (-85.7534036 38.2457023),0
33478,70967928,LOUISVILLE METRO POLICE DEPT,8011012424,AC,56,,,PAYNE,ST   ,,38.2462396,-85.7289554,0.106,2/18/2011,1707,US0031E ,BAXTER,AVE  ,,,,,,,2,1,0,1,2.0,CLEAR,01,DRY,N,5.0,LOCAL STREET,2.0,COLLISION WITH BICYCLE,9.0,SINGLE VEHICLE,6.0,STRAIGHT & LEVEL,2.0,DAYLIGHT,,,N,17,07,2011-02-18 17:07:00,38.2462396,-85.7289554,POINT (-85.7289554 38.2462396),0
34418,70973164,LOUISVILLE METRO POLICE DEPT,8011015480,AC,56,US0031E ,,BARDSTOWN,RD   ,,38.2235586,-85.6867698,13.249,3/2/2011,1420,,,,,WEBER,AVE  ,,TREVILIAN,WAY  ,2,1,0,1,2.0,CLEAR,01,DRY,Y,2.0,FEDERAL,37.0,COLLISION WITH BICYCLIST,9.0,SINGLE VEHICLE,6.0,STRAIGHT & LEVEL,2.0,DAYLIGHT,,,N,14,20,2011-03-02 14:20:00,38.2235586,-85.6867698,POINT (-85.68676979999999 38.2235586),0
34657,70973716,LOUISVILLE METRO POLICE DEPT,8011016815,AC,56,KY1065  ,,OUTER LOOP,,,38.1377308,-85.6373171,8.765,3/7/2011,00008,,,,,SMYRNA,RD   ,,ROCHELLE,RD   ,2,1,0,1,2.0,CLEAR,01,DRY,N,7.0,STATE,37.0,COLLISION WITH BICYCLIST,9.0,SINGLE VEHICLE,6.0,STRAIGHT & LEVEL,2.0,DAYLIGHT,,,N,00,00,2011-03-07 00:00:00,38.1377308,-85.6373171,POINT (-85.6373171 38.1377308),0
35040,70976040,LOUISVILLE METRO POLICE DEPT,8011018089,AC,56,KY2052  ,,SHEPHERDSVILLE,RD   ,,38.1484275,-85.6601483,0.707,3/12/2011,1145,,,,,WHISPERING HILLS,BLVD ,,MILE OF SUNSHINE,DR   ,2,1,0,1,2.0,CLEAR,01,DRY,N,7.0,STATE,37.0,COLLISION WITH BICYCLIST,9.0,SINGLE VEHICLE,5.0,STRAIGHT & HILLCREST,2.0,DAYLIGHT,,,N,11,45,2011-03-12 11:45:00,38.1484275,-85.6601483,POINT (-85.6601483 38.1484275),0
35267,70977104,LOUISVILLE METRO POLICE DEPT,8011019017,AC,56,KY1020  ,,3RD,ST   ,S ,38.2104163,-85.7634142,9.886,3/15/2011,100007,US0060A ,WINKLER,AVE  ,,,,,,,2,1,0,0,3.0,CLOUDY,01,DRY,N,7.0,STATE,2.0,COLLISION WITH BICYCLE,9.0,SINGLE VEHICLE,4.0,STRAIGHT & GRADE,2.0,DAYLIGHT,,,N,10,00,2011-03-15 10:00:00,38.2104163,-85.7634142,POINT (-85.7634142 38.2104163),0
35481,70978956,LOUISVILLE METRO POLICE DEPT,8011020616,AC,56,US0150  ,,BROADWAY,,W ,38.2459978,-85.75674,2.473,3/21/2011,1135,KY1020  ,3RD,ST   ,,,,,,,2,1,0,1,2.0,CLEAR,01,DRY,N,2.0,FEDERAL,2.0,COLLISION WITH BICYCLE,9.0,SINGLE VEHICLE,6.0,STRAIGHT & LEVEL,2.0,DAYLIGHT,,,N,11,35,2011-03-21 11:35:00,38.2459978,-85.75674,POINT (-85.75673999999999 38.2459978),0
35694,70980234,LOUISVILLE METRO POLICE DEPT,8011019270,AC,56,KY0061  ,,PRESTON,HWY  ,,38.1648921,-85.7024343,5.99,3/16/2011,1536,,,,,BENNETT,LN   ,,VINEWOOD,RD   ,2,1,0,1,2.0,CLEAR,01,DRY,N,7.0,STATE,37.0,COLLISION WITH BICYCLIST,9.0,SINGLE VEHICLE,6.0,STRAIGHT & LEVEL,2.0,DAYLIGHT,,,N,15,36,2011-03-16 15:36:00,38.1648921,-85.7024343,POINT (-85.70243429999999 38.1648921),0
36398,70982854,LOUISVILLE METRO POLICE DEPT,8011023519,AC,56,,,26TH,ST   ,S ,38.2388574,-85.7960916,1.515,3/31/2011,00008,,HALE,AVE  ,,,,,,,2,1,0,1,2.0,CLEAR,01,DRY,N,5.0,LOCAL STREET,2.0,COLLISION WITH BICYCLE,9.0,SINGLE VEHICLE,6.0,STRAIGHT & LEVEL,2.0,DAYLIGHT,,,N,00,00,2011-03-31 00:00:00,38.2388574,-85.7960916,POINT (-85.7960916 38.2388574),0
36517,70984139,LOUISVILLE METRO POLICE DEPT,8011020164,AC,56,US0060  ,,SHELBYVILLE,RD   ,,38.2462183,-85.5744255,7.993,3/19/2011,1525,,,,,,,,,,2,1,0,1,2.0,CLEAR,01,DRY,N,2.0,FEDERAL,37.0,COLLISION WITH BICYCLIST,9.0,SINGLE VEHICLE,6.0,STRAIGHT & LEVEL,2.0,DAYLIGHT,,,N,15,25,2011-03-19 15:25:00,38.2462183,-85.5744255,POINT (-85.5744255 38.2462183),0
36755,1184438,LOUISVILLE METRO POLICE DEPT,8011038206,AC,56,,600.0,43RD,ST   ,,38.2513,-85.8209,,5/19/2011,1703,,,,,RIVER PARK,DR   ,,BROADWAY,,2,1,0,1,2.0,CLEAR,01,DRY,Y,5.0,LOCAL STREET,37.0,COLLISION WITH BICYCLIST,1.0,ANGLE,6.0,STRAIGHT & LEVEL,2.0,DAYLIGHT,,,,17,03,2011-05-19 17:03:00,38.2513,-85.8209,POINT (-85.82089999999999 38.2513),0
37046,1954110,LOUISVILLE METRO POLICE DEPT,8011036186,AC,56,,,HILL,ST   ,W ,38.23,-85.797166667,,5/12/2011,100001,,25TH,ST   ,,,,,,,2,1,0,1,2.0,CLEAR,01,DRY,N,5.0,LOCAL STREET,2.0,COLLISION WITH BICYCLE,1.0,ANGLE,6.0,STRAIGHT & LEVEL,2.0,DAYLIGHT,,,,10,00,2011-05-12 10:00:00,38.23,-85.797166667,POINT (-85.797166667 38.23),0
37070,1926161,LOUISVILLE METRO POLICE DEPT,8011047047,AC,56,,,STORY,AVE  ,,38.254,-85.722533333,,6/17/2011,2012,,WEBSTER,,,,,,,,2,1,0,1,2.0,CLEAR,01,DRY,N,5.0,LOCAL STREET,2.0,COLLISION WITH BICYCLE,1.0,ANGLE,6.0,STRAIGHT & LEVEL,2.0,DAYLIGHT,,,,20,12,2011-06-17 20:12:00,38.254,-85.722533333,POINT (-85.722533333 38.254),0
37130,70983693,LOUISVILLE METRO POLICE DEPT,8011024211,AC,56,KY1931  ,,7TH STREET,RD   ,,38.2184678,-85.7791032,10.352,4/2/2011,1900,,LINCOLN,AVE  ,,,,,,,2,1,0,1,2.0,CLEAR,01,DRY,N,7.0,STATE,2.0,COLLISION WITH BICYCLE,9.0,SINGLE VEHICLE,6.0,STRAIGHT & LEVEL,2.0,DAYLIGHT,,,N,19,00,2011-04-02 19:00:00,38.2184678,-85.7791032,POINT (-85.77910319999999 38.2184678),0
37186,70983713,LOUISVILLE METRO POLICE DEPT,8011024340,AC,56,,,ROCK CREEK,DR   ,,38.2442535,-85.6663336,0.167,4/3/2011,1145,,,,,HUNTINGTON,RD   ,,CHAMBERRY,DR   ,2,1,0,1,2.0,CLEAR,01,DRY,N,5.0,LOCAL STREET,37.0,COLLISION WITH BICYCLIST,9.0,SINGLE VEHICLE,6.0,STRAIGHT & LEVEL,2.0,DAYLIGHT,,,N,11,45,2011-04-03 11:45:00,38.2442535,-85.6663336,POINT (-85.6663336 38.2442535),0
37281,70984597,LOUISVILLE METRO POLICE DEPT,8011024438,AC,56,KY1703  ,,BAXTER,AVE  ,,38.2378818,-85.7225161,5.492,4/3/2011,1840,,GRINSTEAD,DR   ,,,,,,,2,1,0,1,2.0,CLEAR,01,DRY,N,7.0,STATE,2.0,COLLISION WITH BICYCLE,9.0,SINGLE VEHICLE,6.0,STRAIGHT & LEVEL,2.0,DAYLIGHT,,,N,18,40,2011-04-03 18:40:00,38.2378818,-85.7225161,POINT (-85.72251610000001 38.2378818),0
37404,70985332,LOUISVILLE METRO POLICE DEPT,8011025638,AC,56,KY0061  ,,PRESTON,ST   ,S ,38.2170694,-85.7452908,10.334,4/7/2011,1730,,ATWOOD,ST   ,,,,,,,2,1,0,0,2.0,CLEAR,01,DRY,N,7.0,STATE,2.0,COLLISION WITH BICYCLE,9.0,SINGLE VEHICLE,6.0,STRAIGHT & LEVEL,2.0,DAYLIGHT,,,N,17,30,2011-04-07 17:30:00,38.2170694,-85.7452908,POINT (-85.74529080000001 38.2170694),0
37409,70985343,LOUISVILLE METRO POLICE DEPT,8011025694,AC,56,,,BROADWAY,,W ,38.2501217,-85.814924,1.455,4/7/2011,2043,,38TH,ST   ,,,,,,,2,1,0,1,3.0,CLOUDY,01,DRY,N,5.0,LOCAL STREET,2.0,COLLISION WITH BICYCLE,9.0,SINGLE VEHICLE,6.0,STRAIGHT & LEVEL,5.0,DARK-HWY LIGHTED/ON,,,N,20,43,2011-04-07 20:43:00,38.2501217,-85.814924,POINT (-85.814924 38.2501217),0
37411,70985345,LOUISVILLE METRO POLICE DEPT,8011025700,AC,56,,,38TH,ST   ,N ,38.2661943,-85.8112836,0.399,4/7/2011,2114,,,,,DUNCAN,ST   ,,ALFORD,AVE  ,2,1,0,1,2.0,CLEAR,01,DRY,N,5.0,LOCAL STREET,37.0,COLLISION WITH BICYCLIST,9.0,SINGLE VEHICLE,6.0,STRAIGHT & LEVEL,6.0,DARK-HWY NOT LIGHTED,,,N,21,14,2011-04-07 21:14:00,38.2661943,-85.8112836,POINT (-85.8112836 38.2661943),0
37541,70986193,LOUISVILLE METRO POLICE DEPT,8011025829,AC,56,,,STRADER,AVE  ,,38.1915136,-85.7918274,0.465,4/8/2011,1115,,,,,,,,,,2,1,0,0,2.0,CLEAR,01,DRY,N,5.0,LOCAL STREET,37.0,COLLISION WITH BICYCLIST,9.0,SINGLE VEHICLE,6.0,STRAIGHT & LEVEL,2.0,DAYLIGHT,,,N,11,15,2011-04-08 11:15:00,38.1915136,-85.7918274,POINT (-85.7918274 38.1915136),0
37561,70986689,LOUISVILLE METRO POLICE DEPT,8011026025,AC,56,KY1450  ,9111.0,BLUE LICK,RD   ,,38.1167452,-85.6893844,2.202,4/8/2011,2152,,,,,,,,,,2,1,0,1,3.0,CLOUDY,01,DRY,Y,7.0,STATE,37.0,COLLISION WITH BICYCLIST,9.0,SINGLE VEHICLE,4.0,STRAIGHT & GRADE,6.0,DARK-HWY NOT LIGHTED,,,N,21,52,2011-04-08 21:52:00,38.1167452,-85.6893844,POINT (-85.68938439999999 38.1167452),0
37658,70986786,LOUISVILLE METRO POLICE DEPT,8011026505,AC,56,,,HOWARD POOLE,ALY  ,,38.2379192,-85.7572435,0.051,4/9/2011,1730,,,,,,,,,,2,1,0,1,2.0,CLEAR,01,DRY,Y,99.0,NONE OF THE ABOVE,37.0,COLLISION WITH BICYCLIST,9.0,SINGLE VEHICLE,6.0,STRAIGHT & LEVEL,2.0,DAYLIGHT,,,N,17,30,2011-04-09 17:30:00,38.2379192,-85.7572435,POINT (-85.7572435 38.2379192),0
37755,70986883,LOUISVILLE METRO POLICE DEPT,8011026899,AC,56,,,CLIFF,AVE  ,,38.1940499,-85.7750903,0.318,4/11/2011,00000,,WHITNEY,AVE  ,,,,,,,2,1,0,0,6.0,RAINING,05,WET,N,5.0,LOCAL STREET,2.0,COLLISION WITH BICYCLE,9.0,SINGLE VEHICLE,6.0,STRAIGHT & LEVEL,2.0,DAYLIGHT,,,N,00,00,2011-04-11 00:00:00,38.1940499,-85.7750903,POINT (-85.7750903 38.1940499),0
38032,70988121,LOUISVILLE METRO POLICE DEPT,8011027798,AC,56,,,OLD CANNONS,LN   ,,38.2416074,-85.660709,0.004,4/14/2011,1856,KY2048  ,CANNONS,LN   ,,,,,,,2,1,0,2,2.0,CLEAR,01,DRY,N,5.0,LOCAL STREET,2.0,COLLISION WITH BICYCLE,9.0,SINGLE VEHICLE,6.0,STRAIGHT & LEVEL,2.0,DAYLIGHT,,,N,18,56,2011-04-14 18:56:00,38.2416074,-85.660709,POINT (-85.660709 38.2416074),0
38124,70988959,LOUISVILLE METRO POLICE DEPT,8011027578,AC,56,,,DIXIE,HWY  ,,38.2347081,-85.7878832,1.036,4/14/2011,0614,,WILSON,AVE  ,,,,,,,2,1,0,1,2.0,CLEAR,01,DRY,N,5.0,LOCAL STREET,2.0,COLLISION WITH BICYCLE,9.0,SINGLE VEHICLE,6.0,STRAIGHT & LEVEL,5.0,DARK-HWY LIGHTED/ON,,,N,06,14,2011-04-14 06:14:00,38.2347081,-85.7878832,POINT (-85.7878832 38.2347081),0
38423,70990119,LOUISVILLE METRO POLICE DEPT,8011029255,AC,56,,8006.0,BRUSH,LN   ,,38.1503575,-85.6117315,0.107,4/19/2011,1929,,,,,,,,,,2,1,0,0,2.0,CLEAR,01,DRY,N,5.0,LOCAL STREET,37.0,COLLISION WITH BICYCLIST,9.0,SINGLE VEHICLE,6.0,STRAIGHT & LEVEL,3.0,DUSK,,,N,19,29,2011-04-19 19:29:00,38.1503575,-85.6117315,POINT (-85.6117315 38.1503575),0
38829,70992143,LOUISVILLE METRO POLICE DEPT,8011030643,AC,56,KY1065  ,,BEULAH CHURCH,RD   ,,38.1468632,-85.59533,11.336,4/24/2011,1035,,FERNVIEW,DR   ,,,,,,,2,1,0,1,6.0,RAINING,05,WET,N,7.0,STATE,2.0,COLLISION WITH BICYCLE,9.0,SINGLE VEHICLE,6.0,STRAIGHT & LEVEL,2.0,DAYLIGHT,,,N,10,35,2011-04-24 10:35:00,38.1468632,-85.59533,POINT (-85.59533 38.1468632),0
38894,70992183,LOUISVILLE METRO POLICE DEPT,8011030947,AC,56,,,HOERTZ,AVE  ,,38.2277903,-85.7364802,0.006,4/23/2011,1745,KY0864  ,GOSS,AVE  ,,,,,,,2,1,0,1,3.0,CLOUDY,05,WET,N,5.0,LOCAL STREET,2.0,COLLISION WITH BICYCLE,9.0,SINGLE VEHICLE,6.0,STRAIGHT & LEVEL,2.0,DAYLIGHT,,,N,17,45,2011-04-23 17:45:00,38.2277903,-85.7364802,POINT (-85.7364802 38.2277903),0
39233,70994861,LOUISVILLE METRO POLICE DEPT,8011030798,AC,56,US0060A ,,TAYLOR,BLVD ,,38.2032433,-85.7801736,1.994,4/25/2011,0623,,,,,CALHOUN,AVE  ,,EARL,AVE  ,2,1,0,1,6.0,RAINING,05,WET,N,2.0,FEDERAL,37.0,COLLISION WITH BICYCLIST,9.0,SINGLE VEHICLE,6.0,STRAIGHT & LEVEL,5.0,DARK-HWY LIGHTED/ON,,,N,06,23,2011-04-25 06:23:00,38.2032433,-85.7801736,POINT (-85.7801736 38.2032433),0
39438,70995050,LOUISVILLE METRO POLICE DEPT,8011032426,AC,56,,,ALEXANDER,RD   ,,38.2370515,-85.707096,0.142,4/30/2011,1325,,,,,WILLOW,AVE  ,,SCENIC,LOOP ,2,1,0,1,2.0,CLEAR,01,DRY,N,5.0,LOCAL STREET,37.0,COLLISION WITH BICYCLIST,9.0,SINGLE VEHICLE,4.0,STRAIGHT & GRADE,2.0,DAYLIGHT,,,N,13,25,2011-04-30 13:25:00,38.2370515,-85.707096,POINT (-85.70709600000001 38.2370515),0
39659,70996148,LOUISVILLE METRO POLICE DEPT,8011033336,AC,56,,,IROQUOIS GARDENS,DR   ,,38.1543324,-85.7773381,0.008,5/3/2011,1750,KY1865  ,NEW CUT,RD   ,,,,,,,2,1,0,0,2.0,CLEAR,01,DRY,N,5.0,LOCAL STREET,2.0,COLLISION WITH BICYCLE,9.0,SINGLE VEHICLE,6.0,STRAIGHT & LEVEL,2.0,DAYLIGHT,,,N,17,50,2011-05-03 17:50:00,38.1543324,-85.7773381,POINT (-85.77733809999999 38.1543324),0
39875,70997766,LOUISVILLE METRO POLICE DEPT,8011032145,AC,56,,,9TH,ST   ,S ,38.2469036,-85.7664448,0.004,4/29/2011,1342,US0150  ,BROADWAY,,,,,,,,2,1,0,1,3.0,CLOUDY,01,DRY,N,5.0,LOCAL STREET,2.0,COLLISION WITH BICYCLE,9.0,SINGLE VEHICLE,6.0,STRAIGHT & LEVEL,2.0,DAYLIGHT,,,N,13,42,2011-04-29 13:42:00,38.2469036,-85.7664448,POINT (-85.7664448 38.2469036),0
39919,70997762,LOUISVILLE METRO POLICE DEPT,8011026028,AC,56,KY1934  ,,CANE RUN,RD   ,,38.1985935,-85.8382991,9.112,4/8/2011,2207,,,,KY2049  ,CRUMS,LN   ,,KRISTIN,WAY  ,2,1,0,1,2.0,CLEAR,01,DRY,N,7.0,STATE,37.0,COLLISION WITH BICYCLIST,9.0,SINGLE VEHICLE,6.0,STRAIGHT & LEVEL,5.0,DARK-HWY LIGHTED/ON,,,N,22,07,2011-04-08 22:07:00,38.1985935,-85.8382991,POINT (-85.8382991 38.1985935),0
40083,70998091,LOUISVILLE METRO POLICE DEPT,8011034839,AC,56,,,38TH,ST   ,N ,38.2635562,-85.8116755,0.582,5/8/2011,1353,,MAIN,ST   ,,,,,,,2,1,0,1,2.0,CLEAR,01,DRY,N,5.0,LOCAL STREET,2.0,COLLISION WITH BICYCLE,9.0,SINGLE VEHICLE,4.0,STRAIGHT & GRADE,2.0,DAYLIGHT,,,N,13,53,2011-05-08 13:53:00,38.2635562,-85.8116755,POINT (-85.81167550000001 38.2635562),0