,MASTER FILE NUMBER,INVESTIGATING AGENCY,LOCAL CODE,COLLISION STATUS CODE,COUNTY NAME,ROADWAY NUMBER,BLOCK/HOUSE #,ROADWAY NAME,ROADWAY SUFFIX,ROADWAY DIRECTION CODE,GPS LATITUDE DECIMAL,GPS LONGITUDE DECIMAL,MILEPOINT DERIVED,COLLISION DATE,COLLISION TIME,INTERSECTION ROADWAY #,INTERSECTION ROADWAY NAME,INTERSECTION ROADWAY SFX,BETWEEN STREET ROADWAY # 1,BETWEEN STREET ROADWAY NAME 1,BETWEEN STREET ROADWAY SFX 1,BETWEEN STREET ROADWAY # 2,BETWEEN STREET ROADWAY NAME 2,BETWEEN STREET ROADWAY SFX 2,UNITS INVOLVED,MOTOR VEHICLES INVOLVED,KILLED,INJURED,WEATHER CODE,WEATHER,ROADWAY CONDITION CODE,ROADWAY CONDITION,HIT & RUN INDICATOR,ROADWAY TYPE CODE,ROADWAY TYPE,DIRECTIONAL ANALYSIS CODE,DIRECTIONAL ANALYSIS,MANNER OF COLLISION CODE,MANNER OF COLLISION,ROADWAY CHARACTER CODE,ROADWAY CHARACTER,LIGHT CONDITION CODE,LIGHT CONDITION,RAMP FROM ROADWAY ID,RAMP TO ROADWAY ID,SECONDARY COLLISION INDICATOR,hour,minute,Date,Latitude,Longitude,geometry,index_right
40309,70999058,LOUISVILLE METRO POLICE DEPT,8011035542,AC,56,KY3064  ,,NORTHWESTERN,PKWY ,,38.274447,-85.8081555,1.509,5/10/2011,1901,,,,KY3217  ,37TH,ST   ,,36TH,ST   ,2,1,0,1,2.0,CLEAR,01,DRY,N,7.0,STATE,37.0,COLLISION WITH BICYCLIST,9.0,SINGLE VEHICLE,6.0,STRAIGHT & LEVEL,2.0,DAYLIGHT,,,N,19,01,2011-05-10 19:01:00,38.274447,-85.8081555,POINT (-85.8081555 38.274447),0
40380,70999837,LOUISVILLE METRO POLICE DEPT,8011036042,AC,56,,,CRITTENDEN,DR   ,,38.2146325,-85.7509841,0.152,5/12/2011,1230,,WARNOCK,ST   ,,,,,,,2,1,0,0,2.0,CLEAR,01,DRY,N,5.0,LOCAL STREET,2.0,COLLISION WITH BICYCLE,9.0,SINGLE VEHICLE,6.0,STRAIGHT & LEVEL,2.0,DAYLIGHT,,,N,12,30,2011-05-12 12:30:00,38.2146325,-85.7509841,POINT (-85.7509841 38.2146325),0
40629,71000821,LOUISVILLE METRO POLICE DEPT,8011036716,AC,56,,10821.0,GRAFTON HALL,RD   ,,38.0941178,-85.8559124,0.815,5/14/2011,1309,,,,,,,,,,2,1,0,1,2.0,CLEAR,01,DRY,N,5.0,LOCAL STREET,37.0,COLLISION WITH BICYCLIST,9.0,SINGLE VEHICLE,6.0,STRAIGHT & LEVEL,2.0,DAYLIGHT,,,N,13,09,2011-05-14 13:09:00,38.0941178,-85.8559124,POINT (-85.85591239999999 38.0941178),0
41034,71003052,JEFFERSONTOWN POLICE DEPT,A0518099  ,AC,56,KY1819  ,,RUCKRIEGEL,PKWY ,,38.1898159,-85.5681789,8.934,5/20/2011,1753,,,,,BILLTOWN,RD   ,,VANTAGE PLAZA,DR   ,2,1,0,1,2.0,CLEAR,01,DRY,N,7.0,STATE,37.0,COLLISION WITH BICYCLIST,9.0,SINGLE VEHICLE,4.0,STRAIGHT & GRADE,2.0,DAYLIGHT,,,Y,17,53,2011-05-20 17:53:00,38.1898159,-85.5681789,POINT (-85.56817890000001 38.1898159),0
41131,71004064,LOUISVILLE METRO POLICE DEPT,8011038512,AC,56,,,GOLDSMITH,LN   ,,38.2086509,-85.6688049,1.074,5/20/2011,1629,US0031E ,BARDSTOWN,RD   ,,,,,,,2,1,0,0,2.0,CLEAR,01,DRY,N,5.0,LOCAL STREET,2.0,COLLISION WITH BICYCLE,9.0,SINGLE VEHICLE,6.0,STRAIGHT & LEVEL,2.0,DAYLIGHT,,,N,16,29,2011-05-20 16:29:00,38.2086509,-85.6688049,POINT (-85.6688049 38.2086509),0
41185,71004082,LOUISVILLE METRO POLICE DEPT,8011038573,AC,56,,,DIXIE,HWY  ,,38.2292002,-85.7900844,1.434,5/20/2011,2025,,BOLLING,AVE  ,,,,,,,2,1,0,1,2.0,CLEAR,01,DRY,N,5.0,LOCAL STREET,2.0,COLLISION WITH BICYCLE,9.0,SINGLE VEHICLE,6.0,STRAIGHT & LEVEL,2.0,DAYLIGHT,,,N,20,25,2011-05-20 20:25:00,38.2292002,-85.7900844,POINT (-85.7900844 38.2292002),0
41274,71004204,LOUISVILLE METRO POLICE DEPT,8011037691,AC,56,US0031E ,,BARDSTOWN,RD   ,,38.2257107,-85.6964863,13.799,5/17/2011,2313,,RUTHERFORD,AVE  ,,,,,,,2,1,0,1,3.0,CLOUDY,05,WET,N,2.0,FEDERAL,2.0,COLLISION WITH BICYCLE,9.0,SINGLE VEHICLE,6.0,STRAIGHT & LEVEL,5.0,DARK-HWY LIGHTED/ON,,,N,23,13,2011-05-17 23:13:00,38.2257107,-85.6964863,POINT (-85.6964863 38.2257107),0
41466,71005181,LOUISVILLE METRO POLICE DEPT,8011039729,AC,56,,,RUDY,LN   ,,38.2693017,-85.632707,0.831,5/24/2011,2006,,HIGHFIELD,RD   ,,,,,,,2,1,0,0,2.0,CLEAR,01,DRY,N,5.0,LOCAL STREET,2.0,COLLISION WITH BICYCLE,9.0,SINGLE VEHICLE,4.0,STRAIGHT & GRADE,2.0,DAYLIGHT,,,N,20,06,2011-05-24 20:06:00,38.2693017,-85.632707,POINT (-85.632707 38.2693017),0
41478,71005205,LOUISVILLE METRO POLICE DEPT,8011039935,AC,56,KY1865  ,,TAYLOR,BLVD ,,38.1830984,-85.7837596,5.284,5/25/2011,1521,,BICKNELL,AVE  ,,,,,,,2,1,0,1,2.0,CLEAR,01,DRY,N,7.0,STATE,2.0,COLLISION WITH BICYCLE,9.0,SINGLE VEHICLE,6.0,STRAIGHT & LEVEL,2.0,DAYLIGHT,,,N,15,21,2011-05-25 15:21:00,38.1830984,-85.7837596,POINT (-85.7837596 38.1830984),0
41781,71006976,LOUISVILLE METRO POLICE DEPT,8011041596,AC,56,,,INVERNESS,AVE  ,,38.1674004,-85.7687176,0.217,5/31/2011,1521,,3RD,ST   ,,,,,,,2,1,0,1,2.0,CLEAR,01,DRY,N,5.0,LOCAL STREET,2.0,COLLISION WITH BICYCLE,9.0,SINGLE VEHICLE,6.0,STRAIGHT & LEVEL,2.0,DAYLIGHT,,,N,15,21,2011-05-31 15:21:00,38.1674004,-85.7687176,POINT (-85.7687176 38.1674004),0
41801,71007164,LOUISVILLE METRO POLICE DEPT,8011041213,AC,56,,,BARRET,AVE  ,,38.2371431,-85.7287286,0.896,5/30/2011,1009,,,,,HIGHLAND,AVE  ,,HEPBURN,AVE  ,2,1,0,1,2.0,CLEAR,01,DRY,N,5.0,LOCAL STREET,37.0,COLLISION WITH BICYCLIST,9.0,SINGLE VEHICLE,6.0,STRAIGHT & LEVEL,2.0,DAYLIGHT,,,N,10,09,2011-05-30 10:09:00,38.2371431,-85.7287286,POINT (-85.7287286 38.2371431),0
41847,71007162,LOUISVILLE METRO POLICE DEPT,8011041205,AC,56,KY1020  ,,2ND,ST   ,S ,38.2458366,-85.7550671,12.097,5/30/2011,0928,US0150  ,BROADWAY,,,,,,,,2,1,0,1,2.0,CLEAR,01,DRY,N,7.0,STATE,2.0,COLLISION WITH BICYCLE,9.0,SINGLE VEHICLE,6.0,STRAIGHT & LEVEL,2.0,DAYLIGHT,,,N,09,28,2011-05-30 09:28:00,38.2458366,-85.7550671,POINT (-85.75506710000001 38.2458366),0
41916,71007856,LOUISVILLE METRO POLICE DEPT,8011041700,AC,56,,,WHITNEY,AVE  ,W ,38.1938612,-85.7748383,0.452,5/31/2011,1825,,CLIFF,AVE  ,,,,,,,2,1,0,1,2.0,CLEAR,01,DRY,N,5.0,LOCAL STREET,2.0,COLLISION WITH BICYCLE,9.0,SINGLE VEHICLE,6.0,STRAIGHT & LEVEL,2.0,DAYLIGHT,,,N,18,25,2011-05-31 18:25:00,38.1938612,-85.7748383,POINT (-85.7748383 38.1938612),0
42096,71008863,SHIVELY POLICE DEPARTMENT,0411000998,AC,56,,1810.0,CLINTON,PL   ,,38.2052129,-85.8015523,0.105,5/28/2011,00000,,,,,,,,,,2,1,0,1,2.0,CLEAR,01,DRY,Y,5.0,LOCAL STREET,37.0,COLLISION WITH BICYCLIST,9.0,SINGLE VEHICLE,6.0,STRAIGHT & LEVEL,2.0,DAYLIGHT,,,N,00,00,2011-05-28 00:00:00,38.2052129,-85.8015523,POINT (-85.8015523 38.2052129),0
42116,71008472,LOUISVILLE METRO POLICE DEPT,8011042209,AC,56,,,KENWOOD,WAY  ,W ,38.1791326,-85.7631176,0.2,6/2/2011,1350,,,,,1ST,ST   ,,KENWOOD,WAY  ,2,1,0,0,2.0,CLEAR,01,DRY,N,99.0,NONE OF THE ABOVE,37.0,COLLISION WITH BICYCLIST,9.0,SINGLE VEHICLE,6.0,STRAIGHT & LEVEL,2.0,DAYLIGHT,,,N,13,50,2011-06-02 13:50:00,38.1791326,-85.7631176,POINT (-85.7631176 38.1791326),0
42293,71009447,LOUISVILLE METRO POLICE DEPT,8011043168,AC,56,KY1865  ,,NEW CUT,RD   ,,38.1326905,-85.7723993,1.753,6/5/2011,1912,,,,,ANGELETTA,WAY  ,,HARPERS FERRY,RD   ,2,1,0,0,2.0,CLEAR,01,DRY,N,7.0,STATE,37.0,COLLISION WITH BICYCLIST,9.0,SINGLE VEHICLE,3.0,CURVE & LEVEL,2.0,DAYLIGHT,,,N,19,12,2011-06-05 19:12:00,38.1326905,-85.7723993,POINT (-85.7723993 38.1326905),0
42420,71010101,LOUISVILLE METRO POLICE DEPT,8011040808,AC,56,,,DOWNING,WAY  ,,38.2027229,-85.654306,0.43,5/28/2011,1440,,HIKES,LN   ,,,,,,,2,1,0,1,2.0,CLEAR,01,DRY,Y,5.0,LOCAL STREET,2.0,COLLISION WITH BICYCLE,9.0,SINGLE VEHICLE,6.0,STRAIGHT & LEVEL,2.0,DAYLIGHT,,,N,14,40,2011-05-28 14:40:00,38.2027229,-85.654306,POINT (-85.65430600000001 38.2027229),0
42487,71010866,LOUISVILLE METRO POLICE DEPT,8011043468,AC,56,,,21ST,ST   ,N ,38.264406,-85.7833661,0.119,6/8/2011,1750,,,,,,,,,,2,1,0,1,2.0,CLEAR,01,DRY,N,5.0,LOCAL STREET,37.0,COLLISION WITH BICYCLIST,9.0,SINGLE VEHICLE,6.0,STRAIGHT & LEVEL,2.0,DAYLIGHT,,,N,17,50,2011-06-08 17:50:00,38.264406,-85.7833661,POINT (-85.78336609999999 38.264406),0
42577,71011052,LOUISVILLE METRO POLICE DEPT,8011044354,AC,56,KY2052  ,,SHEPHERDSVILLE,RD   ,,38.1779791,-85.6593554,2.716,6/9/2011,1220,,,,,BUECHEL BANK,RD   ,,ARMSMERE,WAY  ,2,1,0,1,2.0,CLEAR,01,DRY,N,7.0,STATE,37.0,COLLISION WITH BICYCLIST,9.0,SINGLE VEHICLE,6.0,STRAIGHT & LEVEL,2.0,DAYLIGHT,,,N,12,20,2011-06-09 12:20:00,38.1779791,-85.6593554,POINT (-85.6593554 38.1779791),0
42627,71011229,LOUISVILLE METRO POLICE DEPT,8011043017,AC,56,,,26TH,ST   ,N ,38.2607303,-85.7935655,0.0,6/5/2011,0045,,MAIN,ST   ,,,,,,,2,1,0,1,2.0,CLEAR,01,DRY,N,5.0,LOCAL STREET,2.0,COLLISION WITH BICYCLE,9.0,SINGLE VEHICLE,6.0,STRAIGHT & LEVEL,5.0,DARK-HWY LIGHTED/ON,,,N,00,45,2011-06-05 00:45:00,38.2607303,-85.7935655,POINT (-85.7935655 38.2607303),0
42709,71011944,ST. MATTHEWS POLICE DEPARTMENT,0311000781,AC,56,US0060  ,,SHELBYVILLE,RD   ,,38.2514189,-85.6371451,4.563,6/12/2011,1841,,,,,FAIRMEADE,RD   ,,MCARTHUR,DR   ,2,1,0,1,2.0,CLEAR,01,DRY,N,2.0,FEDERAL,37.0,COLLISION WITH BICYCLIST,9.0,SINGLE VEHICLE,6.0,STRAIGHT & LEVEL,2.0,DAYLIGHT,,,N,18,41,2011-06-12 18:41:00,38.2514189,-85.6371451,POINT (-85.6371451 38.2514189),0
42714,71011997,LOUISVILLE METRO POLICE DEPT,8011043397,AC,56,,,MUHAMMAD ALI,BLVD ,W ,38.2521542,-85.7667197,0.78,6/7/2011,1430,,,,,VILLAGE WEST,DR   ,,PLACE VERT,,2,1,0,0,2.0,CLEAR,01,DRY,N,5.0,LOCAL STREET,37.0,COLLISION WITH BICYCLIST,9.0,SINGLE VEHICLE,6.0,STRAIGHT & LEVEL,2.0,DAYLIGHT,,,N,14,30,2011-06-07 14:30:00,38.2521542,-85.7667197,POINT (-85.7667197 38.2521542),0
42778,71012188,LOUISVILLE METRO POLICE DEPT,8011045110,AC,56,,,APPLEGATE,LN   ,,38.1304513,-85.6374084,1.218,6/11/2011,2001,,SHERRY LYNN,CT   ,,,,,,,2,1,0,1,2.0,CLEAR,01,DRY,N,5.0,LOCAL STREET,2.0,COLLISION WITH BICYCLE,9.0,SINGLE VEHICLE,6.0,STRAIGHT & LEVEL,2.0,DAYLIGHT,,,N,20,01,2011-06-11 20:01:00,38.1304513,-85.6374084,POINT (-85.6374084 38.1304513),0
42871,71012784,LOUISVILLE METRO POLICE DEPT,8011044895,AC,56,KY0864  ,,POPLAR LEVEL,RD   ,,38.1793096,-85.6922339,9.886,6/10/2011,2229,,,,,PRODUCE,RD   ,,HUNTINGTON PARK,DR   ,2,1,0,1,2.0,CLEAR,01,DRY,N,7.0,STATE,37.0,COLLISION WITH BICYCLIST,9.0,SINGLE VEHICLE,6.0,STRAIGHT & LEVEL,5.0,DARK-HWY LIGHTED/ON,,,N,22,29,2011-06-10 22:29:00,38.1793096,-85.6922339,POINT (-85.69223390000001 38.1793096),0
43134,71014194,INDIAN HILLS POLICE DEPARTMENT,4411000050,AC,56,US0042  ,,BROWNSBORO,RD   ,,38.2652489,-85.6681032,3.763,6/15/2011,2133,,PENNINGTON,LN   ,,,,,,,2,1,0,1,2.0,CLEAR,01,DRY,N,2.0,FEDERAL,2.0,COLLISION WITH BICYCLE,9.0,SINGLE VEHICLE,6.0,STRAIGHT & LEVEL,4.0,DARK-HWY LIGHTED/OFF,,,N,21,33,2011-06-15 21:33:00,38.2652489,-85.6681032,POINT (-85.6681032 38.2652489),0
43419,71015798,LOUISVILLE METRO POLICE DEPT,8011047561,AC,56,,,VERMONT,AVE  ,,38.2553001,-85.8051155,0.241,6/19/2011,1830,,32ND,ST   ,,,,,,,2,1,0,1,2.0,CLEAR,01,DRY,Y,5.0,LOCAL STREET,2.0,COLLISION WITH BICYCLE,9.0,SINGLE VEHICLE,6.0,STRAIGHT & LEVEL,2.0,DAYLIGHT,,,N,18,30,2011-06-19 18:30:00,38.2553001,-85.8051155,POINT (-85.8051155 38.2553001),0
43584,71016176,LOUISVILLE METRO POLICE DEPT,8011046378,AC,56,KY0061  ,,PRESTON,ST   ,S ,38.2428808,-85.7479501,12.2,6/15/2011,2010,,ROSELANE,ST   ,,,,,,,2,1,0,1,2.0,CLEAR,01,DRY,N,7.0,STATE,2.0,COLLISION WITH BICYCLE,9.0,SINGLE VEHICLE,6.0,STRAIGHT & LEVEL,2.0,DAYLIGHT,,,N,20,10,2011-06-15 20:10:00,38.2428808,-85.7479501,POINT (-85.7479501 38.2428808),0
43636,71016671,LOUISVILLE METRO POLICE DEPT,8011048172,AC,56,KY0864  ,,SHELBY,ST   ,S ,38.2439846,-85.739709,15.437,6/23/2011,1530,US0150  ,BROADWAY,,,,,,,,2,1,0,1,3.0,CLOUDY,01,DRY,N,7.0,STATE,2.0,COLLISION WITH BICYCLE,9.0,SINGLE VEHICLE,6.0,STRAIGHT & LEVEL,2.0,DAYLIGHT,,,N,15,30,2011-06-23 15:30:00,38.2439846,-85.739709,POINT (-85.739709 38.2439846),0
43652,71016222,LOUISVILLE METRO POLICE DEPT,8011048426,AC,56,US0031E ,,BUECHEL,BYP  ,,38.1983666,-85.6610276,10.974,6/22/2011,1513,KY2052  ,HIKES,LN   ,,,,,,,2,1,0,1,2.0,CLEAR,01,DRY,N,2.0,FEDERAL,2.0,COLLISION WITH BICYCLE,9.0,SINGLE VEHICLE,6.0,STRAIGHT & LEVEL,2.0,DAYLIGHT,,,N,15,13,2011-06-22 15:13:00,38.1983666,-85.6610276,POINT (-85.6610276 38.1983666),0
43661,71016237,LOUISVILLE METRO POLICE DEPT,8011048494,AC,56,,,CHESTNUT,ST   ,W ,38.2530886,-85.7945619,0.348,6/22/2011,1810,,26TH,ST   ,,,,,,,2,1,0,0,3.0,CLOUDY,01,DRY,N,5.0,LOCAL STREET,2.0,COLLISION WITH BICYCLE,9.0,SINGLE VEHICLE,6.0,STRAIGHT & LEVEL,2.0,DAYLIGHT,,,N,18,10,2011-06-22 18:10:00,38.2530886,-85.7945619,POINT (-85.79456190000001 38.2530886),0
43768,71017526,ST. MATTHEWS POLICE DEPARTMENT,0311000880,AC,56,,100.0,TEN PIN,LN   ,,38.2503829,-85.6236494,0.014,6/25/2011,2005,,,,,,,,,,2,1,0,1,2.0,CLEAR,01,DRY,N,5.0,LOCAL STREET,37.0,COLLISION WITH BICYCLIST,9.0,SINGLE VEHICLE,6.0,STRAIGHT & LEVEL,2.0,DAYLIGHT,,,N,20,05,2011-06-25 20:05:00,38.2503829,-85.6236494,POINT (-85.62364940000001 38.2503829),0
43785,71017589,LOUISVILLE METRO POLICE DEPT,8011048915,AC,56,,,VINE,ST   ,,38.2424589,-85.7351532,0.096,6/24/2011,000008,,SWAN,ST   ,,,,,,,2,1,0,1,2.0,CLEAR,01,DRY,N,5.0,LOCAL STREET,2.0,COLLISION WITH BICYCLE,9.0,SINGLE VEHICLE,5.0,STRAIGHT & HILLCREST,2.0,DAYLIGHT,,,N,00,00,2011-06-24 00:00:00,38.2424589,-85.7351532,POINT (-85.7351532 38.2424589),0
43800,71017680,LOUISVILLE METRO POLICE DEPT,8011048641,AC,56,KY1020  ,,3RD,ST   ,S ,38.2519707,-85.7556941,12.517,6/23/2011,1030,,,,,MUHAMMAD ALI,BLVD ,,POST OFFICE,ALY  ,2,1,0,0,2.0,CLEAR,01,DRY,Y,7.0,STATE,37.0,COLLISION WITH BICYCLIST,9.0,SINGLE VEHICLE,6.0,STRAIGHT & LEVEL,2.0,DAYLIGHT,,,N,10,30,2011-06-23 10:30:00,38.2519707,-85.7556941,POINT (-85.7556941 38.2519707),0
43839,71017600,LOUISVILLE METRO POLICE DEPT,8011048961,AC,56,,,BLEVINS GAP,RD   ,,38.1071015,-85.804713,6.221,6/24/2011,1130,,GREYLING,DR   ,,,,,,,2,1,0,1,2.0,CLEAR,01,DRY,N,5.0,LOCAL STREET,2.0,COLLISION WITH BICYCLE,9.0,SINGLE VEHICLE,3.0,CURVE & LEVEL,2.0,DAYLIGHT,,,N,11,30,2011-06-24 11:30:00,38.1071015,-85.804713,POINT (-85.80471300000001 38.1071015),0
44099,71019105,LOUISVILLE METRO POLICE DEPT,8011050420,AC,56,,,4TH,ST   ,S ,38.2429428,-85.7590099,0.953,6/29/2011,1212,,,,,YORK,ST   ,,BRECKINRIDGE,ST   ,2,1,0,1,2.0,CLEAR,01,DRY,N,5.0,LOCAL STREET,37.0,COLLISION WITH BICYCLIST,9.0,SINGLE VEHICLE,6.0,STRAIGHT & LEVEL,2.0,DAYLIGHT,,,N,12,12,2011-06-29 12:12:00,38.2429428,-85.7590099,POINT (-85.7590099 38.2429428),0
44208,71019538,LOUISVILLE METRO POLICE DEPT,8011050934,AC,56,,,MUHAMMAD ALI,BLVD ,W ,38.2559852,-85.8007244,2.649,6/29/2011,2039,,30TH,ST   ,,,,,,,2,1,0,1,3.0,CLOUDY,01,DRY,N,5.0,LOCAL STREET,2.0,COLLISION WITH BICYCLE,9.0,SINGLE VEHICLE,6.0,STRAIGHT & LEVEL,2.0,DAYLIGHT,,,N,20,39,2011-06-29 20:39:00,38.2559852,-85.8007244,POINT (-85.80072439999999 38.2559852),0
44597,1262478,LOUISVILLE METRO POLICE DEPT,8011059573,AC,56,,,7TH,ST   ,,38.224683333,-85.767116667,,7/29/2011,1530,,9TH,ST   ,,,,,,,2,1,0,1,2.0,CLEAR,01,DRY,N,5.0,LOCAL STREET,2.0,COLLISION WITH BICYCLE,1.0,ANGLE,2.0,CURVE & HILLCREST,2.0,DAYLIGHT,,,,15,30,2011-07-29 15:30:00,38.224683333,-85.767116667,POINT (-85.767116667 38.224683333),0
44831,1926249,LOUISVILLE METRO POLICE DEPT,8011052375,AC,56,,,DOUP,AVE  ,,38.2226,-85.681233333,,7/5/2011,100002,,EASTVIEW,AVE  ,,,,,,,2,1,0,1,3.0,CLOUDY,01,DRY,N,5.0,LOCAL STREET,2.0,COLLISION WITH BICYCLE,1.0,ANGLE,6.0,STRAIGHT & LEVEL,2.0,DAYLIGHT,,,,10,00,2011-07-05 10:00:00,38.2226,-85.681233333,POINT (-85.68123333299999 38.2226),0
44922,71020571,LOUISVILLE METRO POLICE DEPT,8011051445,AC,56,US0060A ,,EASTERN,PKWY ,,38.2153033,-85.7417304,4.641,7/2/2011,1300,,,,,,,,,,2,1,0,1,2.0,CLEAR,01,DRY,N,2.0,FEDERAL,37.0,COLLISION WITH BICYCLIST,9.0,SINGLE VEHICLE,6.0,STRAIGHT & LEVEL,2.0,DAYLIGHT,,,N,13,00,2011-07-02 13:00:00,38.2153033,-85.7417304,POINT (-85.74173039999999 38.2153033),0
44924,71020579,LOUISVILLE METRO POLICE DEPT,8011051477,AC,56,KY2054  ,,ALGONQUIN,PKWY ,,38.2113326,-85.7696208,3.258,7/2/2011,1515,,,,,RODMAN,ST   ,,COMPTON,ST   ,2,1,0,1,2.0,CLEAR,01,DRY,N,7.0,STATE,37.0,COLLISION WITH BICYCLIST,9.0,SINGLE VEHICLE,6.0,STRAIGHT & LEVEL,1.0,DAWN,,,N,15,15,2011-07-02 15:15:00,38.2113326,-85.7696208,POINT (-85.7696208 38.2113326),0
44954,71020720,LOUISVILLE METRO POLICE DEPT,8011051794,AC,56,,,DUNCAN,ST   ,,38.2679738,-85.8229483,2.369,7/3/2011,2301,,LONGWORTH,AVE  ,,,,,,,2,1,0,1,3.0,CLOUDY,05,WET,Y,5.0,LOCAL STREET,2.0,COLLISION WITH BICYCLE,9.0,SINGLE VEHICLE,6.0,STRAIGHT & LEVEL,5.0,DARK-HWY LIGHTED/ON,,,N,23,01,2011-07-03 23:01:00,38.2679738,-85.8229483,POINT (-85.82294829999999 38.2679738),0
44972,71020750,LOUISVILLE METRO POLICE DEPT,8011052014,AC,56,,,NORWICH,BLVD ,,38.1448206,-85.8761506,0.001,7/4/2011,1950,KY1931  ,GREENWOOD,RD   ,,,,,,,2,1,0,0,2.0,CLEAR,01,DRY,N,5.0,LOCAL STREET,2.0,COLLISION WITH BICYCLE,9.0,SINGLE VEHICLE,6.0,STRAIGHT & LEVEL,2.0,DAYLIGHT,,,N,19,50,2011-07-04 19:50:00,38.1448206,-85.8761506,POINT (-85.8761506 38.1448206),0
45097,71022034,LOUISVILLE METRO POLICE DEPT,8011052250,AC,56,,,JEANINE,DR   ,,38.1707166,-85.6886504,0.894,7/5/2011,1400,,INDIAN,TRL  ,,,,,,,2,1,0,1,2.0,CLEAR,01,DRY,N,1.0,COUNTY ROAD,2.0,COLLISION WITH BICYCLE,9.0,SINGLE VEHICLE,6.0,STRAIGHT & LEVEL,2.0,DAYLIGHT,,,N,14,00,2011-07-05 14:00:00,38.1707166,-85.6886504,POINT (-85.6886504 38.1707166),0
45228,71022214,LOUISVILLE METRO POLICE DEPT,8011053147,AC,56,,,SOUTHERN,PKWY ,,38.1764275,-85.7724905,0.517,7/8/2011,0829,,,,,FORUM,AVE  ,,KINGSTON,AVE  ,2,1,0,1,6.0,RAINING,05,WET,Y,5.0,LOCAL STREET,37.0,COLLISION WITH BICYCLIST,9.0,SINGLE VEHICLE,3.0,CURVE & LEVEL,2.0,DAYLIGHT,,,N,08,29,2011-07-08 08:29:00,38.1764275,-85.7724905,POINT (-85.7724905 38.1764275),0
45271,71023106,LOUISVILLE METRO POLICE DEPT,8011053214,AC,56,US0031W ,,MARKET,ST   ,W ,38.2554345,-85.7584296,21.759,7/8/2011,1313,,5TH,ST   ,,,,,,,2,1,0,1,2.0,CLEAR,01,DRY,N,2.0,FEDERAL,2.0,COLLISION WITH BICYCLE,9.0,SINGLE VEHICLE,6.0,STRAIGHT & LEVEL,2.0,DAYLIGHT,,,N,13,13,2011-07-08 13:13:00,38.2554345,-85.7584296,POINT (-85.7584296 38.2554345),0
45483,71024117,LOUISVILLE METRO POLICE DEPT,8011054147,AC,56,,,WHITNEY,AVE  ,W ,38.1939964,-85.7627847,1.108,7/11/2011,1920,,,,,2ND,ST   ,,1ST,ST   ,2,1,0,1,2.0,CLEAR,01,DRY,N,5.0,LOCAL STREET,37.0,COLLISION WITH BICYCLIST,9.0,SINGLE VEHICLE,6.0,STRAIGHT & LEVEL,2.0,DAYLIGHT,,,N,19,20,2011-07-11 19:20:00,38.1939964,-85.7627847,POINT (-85.7627847 38.1939964),0
45662,71024987,LOUISVILLE METRO POLICE DEPT,8011055046,AC,56,KY1865  ,,TAYLOR,BLVD ,,38.1940665,-85.7831566,6.043,7/14/2011,2006,,CARLISLE,AVE  ,,,,,,,2,1,0,1,2.0,CLEAR,01,DRY,N,7.0,STATE,2.0,COLLISION WITH BICYCLE,9.0,SINGLE VEHICLE,6.0,STRAIGHT & LEVEL,2.0,DAYLIGHT,,,N,20,06,2011-07-14 20:06:00,38.1940665,-85.7831566,POINT (-85.7831566 38.1940665),0
45668,71025035,LOUISVILLE METRO POLICE DEPT,8011055174,AC,56,,,BARRET,AVE  ,,38.246218,-85.7318591,0.143,7/15/2011,1007,,,,,RUBEL,AVE  ,US0150,BROADWAY,,2,1,0,0,2.0,CLEAR,01,DRY,N,5.0,LOCAL STREET,37.0,COLLISION WITH BICYCLIST,9.0,SINGLE VEHICLE,6.0,STRAIGHT & LEVEL,2.0,DAYLIGHT,,,N,10,07,2011-07-15 10:07:00,38.246218,-85.7318591,POINT (-85.73185909999999 38.246218),0
45731,71025695,LOUISVILLE METRO POLICE DEPT,8011054628,RE,56,,,DUMESNIL,ST   ,,38.2364014,-85.7964194,1.301,7/13/2011,1510,,26TH,ST   ,,,,,,,2,2,0,1,2.0,CLEAR,01,DRY,N,5.0,LOCAL STREET,2.0,COLLISION WITH BICYCLE,1.0,ANGLE,6.0,STRAIGHT & LEVEL,2.0,DAYLIGHT,,,N,15,10,2011-07-13 15:10:00,38.2364014,-85.7964194,POINT (-85.7964194 38.2364014),0
45808,71025761,LOUISVILLE METRO POLICE DEPT,8011055342,AC,56,,1121.0,BEECHER,ST   ,,38.1916769,-85.7803677,0.158,7/15/2011,1832,,,,,,,,,,2,1,0,1,2.0,CLEAR,01,DRY,N,5.0,LOCAL STREET,37.0,COLLISION WITH BICYCLIST,9.0,SINGLE VEHICLE,6.0,STRAIGHT & LEVEL,2.0,DAYLIGHT,,,N,18,32,2011-07-15 18:32:00,38.1916769,-85.7803677,POINT (-85.7803677 38.1916769),0
45903,71025963,LOUISVILLE METRO POLICE DEPT,8011055922,AC,56,,,LAKE FOREST,PKWY ,,38.247868,-85.4869571,0.702,7/17/2011,1600,,,,,ASHMONT,PL   ,,WOODLAKE,DR   ,2,1,0,0,2.0,CLEAR,01,DRY,N,5.0,LOCAL STREET,37.0,COLLISION WITH BICYCLIST,9.0,SINGLE VEHICLE,4.0,STRAIGHT & GRADE,2.0,DAYLIGHT,,,N,16,00,2011-07-17 16:00:00,38.247868,-85.4869571,POINT (-85.4869571 38.247868),0