,MASTER FILE NUMBER,INVESTIGATING AGENCY,LOCAL CODE,COLLISION STATUS CODE,COUNTY NAME,ROADWAY NUMBER,BLOCK/HOUSE #,ROADWAY NAME,ROADWAY SUFFIX,ROADWAY DIRECTION CODE,GPS LATITUDE DECIMAL,GPS LONGITUDE DECIMAL,MILEPOINT DERIVED,COLLISION DATE,COLLISION TIME,INTERSECTION ROADWAY #,INTERSECTION ROADWAY NAME,INTERSECTION ROADWAY SFX,BETWEEN STREET ROADWAY # 1,BETWEEN STREET ROADWAY NAME 1,BETWEEN STREET ROADWAY SFX 1,BETWEEN STREET ROADWAY # 2,BETWEEN STREET ROADWAY NAME 2,BETWEEN STREET ROADWAY SFX 2,UNITS INVOLVED,MOTOR VEHICLES INVOLVED,KILLED,INJURED,WEATHER CODE,WEATHER,ROADWAY CONDITION CODE,ROADWAY CONDITION,HIT & RUN INDICATOR,ROADWAY TYPE CODE,ROADWAY TYPE,DIRECTIONAL ANALYSIS CODE,DIRECTIONAL ANALYSIS,MANNER OF COLLISION CODE,MANNER OF COLLISION,ROADWAY CHARACTER CODE,ROADWAY CHARACTER,LIGHT CONDITION CODE,LIGHT CONDITION,RAMP FROM ROADWAY ID,RAMP TO ROADWAY ID,SECONDARY COLLISION INDICATOR,hour,minute,Date,Latitude,Longitude,geometry,index_right
46033,71027177,LOUISVILLE METRO POLICE DEPT,8011056532,AC,56,,,BLUEGRASS PARK,DR   ,,38.1912049,-85.6759888,0.115,7/19/2011,1752,,CROSSLAND,WAY  ,,,,,,,2,1,0,1,2.0,CLEAR,01,DRY,N,5.0,LOCAL STREET,2.0,COLLISION WITH BICYCLE,9.0,SINGLE VEHICLE,6.0,STRAIGHT & LEVEL,2.0,DAYLIGHT,,,N,17,52,2011-07-19 17:52:00,38.1912049,-85.6759888,POINT (-85.6759888 38.1912049),0
46128,71027633,LOUISVILLE METRO POLICE DEPT,8011057165,AC,56,,,GRIFFITHS,AVE  ,,38.2649012,-85.7864926,0.421,7/21/2011,1530,,23RD,ST   ,,,,,,,2,1,0,1,2.0,CLEAR,01,DRY,Y,5.0,LOCAL STREET,2.0,COLLISION WITH BICYCLE,9.0,SINGLE VEHICLE,6.0,STRAIGHT & LEVEL,2.0,DAYLIGHT,,,N,15,30,2011-07-21 15:30:00,38.2649012,-85.7864926,POINT (-85.7864926 38.2649012),0
46171,71027628,LOUISVILLE METRO POLICE DEPT,8011057144,AC,56,US0031  ,,CLARK MEMORIAL BRIDGE,,,38.2640921,-85.7516079,0.548,7/21/2011,1645,,,,,,,,,,2,1,0,0,2.0,CLEAR,01,DRY,N,2.0,FEDERAL,37.0,COLLISION WITH BICYCLIST,9.0,SINGLE VEHICLE,6.0,STRAIGHT & LEVEL,2.0,DAYLIGHT,,,N,16,45,2011-07-21 16:45:00,38.2640921,-85.7516079,POINT (-85.7516079 38.2640921),0
46178,71027641,LOUISVILLE METRO POLICE DEPT,8011057224,AC,56,,,41ST,ST   ,S ,38.2380818,-85.8210519,0.355,7/21/2011,2127,,FORDSON,WAY  ,,,,,,,2,1,0,1,2.0,CLEAR,01,DRY,N,5.0,LOCAL STREET,2.0,COLLISION WITH BICYCLE,9.0,SINGLE VEHICLE,6.0,STRAIGHT & LEVEL,5.0,DARK-HWY LIGHTED/ON,,,N,21,27,2011-07-21 21:27:00,38.2380818,-85.8210519,POINT (-85.8210519 38.2380818),0
46217,71028336,LOUISVILLE METRO POLICE DEPT,8011057360,AC,56,,,SKY BLUE,AVE  ,,38.1441344,-85.8519788,0.007,7/22/2011,1306,,,,,,,,,,2,1,0,1,2.0,CLEAR,01,DRY,N,1.0,COUNTY ROAD,37.0,COLLISION WITH BICYCLIST,9.0,SINGLE VEHICLE,6.0,STRAIGHT & LEVEL,2.0,DAYLIGHT,,,N,13,06,2011-07-22 13:06:00,38.1441344,-85.8519788,POINT (-85.8519788 38.1441344),0
46240,71028383,LOUISVILLE METRO POLICE DEPT,8011057538,AC,56,,,CLAY,ST   ,S ,38.249443,-85.7407698,0.372,7/23/2011,0030,,,,,,,,,,2,1,0,1,2.0,CLEAR,01,DRY,Y,5.0,LOCAL STREET,37.0,COLLISION WITH BICYCLIST,9.0,SINGLE VEHICLE,6.0,STRAIGHT & LEVEL,5.0,DARK-HWY LIGHTED/ON,,,N,00,30,2011-07-23 00:30:00,38.249443,-85.7407698,POINT (-85.7407698 38.249443),0
46351,71028416,LOUISVILLE METRO POLICE DEPT,8011057725,AC,56,KY1020  ,,KENWOOD,WAY  ,W ,38.1795781,-85.7672473,7.66,7/23/2011,1620,,,,,3RD,ST   ,,BURKLEY,AVE  ,2,1,0,1,2.0,CLEAR,01,DRY,N,7.0,STATE,37.0,COLLISION WITH BICYCLIST,9.0,SINGLE VEHICLE,3.0,CURVE & LEVEL,2.0,DAYLIGHT,,,N,16,20,2011-07-23 16:20:00,38.1795781,-85.7672473,POINT (-85.76724729999999 38.1795781),0
46512,71029441,SHIVELY POLICE DEPARTMENT,0411001373,AC,56,,,HILLSIDE,DR   ,,38.1754838,-85.8259329,0.003,7/19/2011,1700,,,,,,,,,,2,1,0,0,2.0,CLEAR,01,DRY,Y,,,37.0,COLLISION WITH BICYCLIST,9.0,SINGLE VEHICLE,4.0,STRAIGHT & GRADE,2.0,DAYLIGHT,,,N,17,00,2011-07-19 17:00:00,38.1754838,-85.8259329,POINT (-85.8259329 38.1754838),0
46921,71032030,LOUISVILLE METRO POLICE DEPT,8011060368,AC,56,KY1932  ,,BRECKENRIDGE,LN   ,,38.2165406,-85.6274084,2.564,8/1/2011,1045,,,,,HIKES,LN   ,,CHURCHILL PARK,DR   ,2,1,0,1,3.0,CLOUDY,01,DRY,N,7.0,STATE,37.0,COLLISION WITH BICYCLIST,9.0,SINGLE VEHICLE,6.0,STRAIGHT & LEVEL,2.0,DAYLIGHT,,,N,10,45,2011-08-01 10:45:00,38.2165406,-85.6274084,POINT (-85.62740839999999 38.2165406),0
46966,71032033,LOUISVILLE METRO POLICE DEPT,8011060452,AC,56,,,WILKIE,RD   ,,38.176073,-85.8559005,0.312,8/1/2011,1506,,MARY ROSE,DR   ,,,,,,,2,1,0,1,2.0,CLEAR,01,DRY,N,5.0,LOCAL STREET,2.0,COLLISION WITH BICYCLE,9.0,SINGLE VEHICLE,6.0,STRAIGHT & LEVEL,2.0,DAYLIGHT,,,N,15,06,2011-08-01 15:06:00,38.176073,-85.8559005,POINT (-85.8559005 38.176073),0
46983,71032067,LOUISVILLE METRO POLICE DEPT,8011060776,AC,56,KY1747  ,,FERN VALLEY,RD   ,,38.1580294,-85.6930531,2.161,8/2/2011,1540,,,,,JEANINE,DR   ,KY0061,PRESTON,HWY  ,2,1,0,1,2.0,CLEAR,01,DRY,N,7.0,STATE,37.0,COLLISION WITH BICYCLIST,9.0,SINGLE VEHICLE,6.0,STRAIGHT & LEVEL,2.0,DAYLIGHT,,,N,15,40,2011-08-02 15:40:00,38.1580294,-85.6930531,POINT (-85.6930531 38.1580294),0
47005,71032198,LOUISVILLE METRO POLICE DEPT,8011060965,AC,56,,,BANK,ST   ,,38.2665561,-85.783538,0.001,8/3/2011,0835,US0150  ,22ND,ST   ,,,,,,,2,1,0,1,3.0,CLOUDY,01,DRY,N,5.0,LOCAL STREET,2.0,COLLISION WITH BICYCLE,9.0,SINGLE VEHICLE,6.0,STRAIGHT & LEVEL,2.0,DAYLIGHT,,,N,08,35,2011-08-03 08:35:00,38.2665561,-85.783538,POINT (-85.78353799999999 38.2665561),0
47099,71032854,JEFFERSONTOWN POLICE DEPT,A0812902  ,AC,56,KY0155  ,,TAYLORSVILLE,RD   ,,38.1969034,-85.5682004,9.586,8/4/2011,2150,,,,,JEFFERSON,ST   ,,SPROWL,RD   ,2,1,0,1,2.0,CLEAR,01,DRY,N,7.0,STATE,37.0,COLLISION WITH BICYCLIST,9.0,SINGLE VEHICLE,6.0,STRAIGHT & LEVEL,3.0,DUSK,,,N,21,50,2011-08-04 21:50:00,38.1969034,-85.5682004,POINT (-85.56820039999999 38.1969034),0
47151,71032920,LOUISVILLE METRO POLICE DEPT,8011061293,AC,56,,3706.0,WYNBROOKE,CIR  ,,38.2952156,-85.5654367,0.254,8/4/2011,0749,,,,,,,,,,2,1,0,1,2.0,CLEAR,01,DRY,N,1.0,COUNTY ROAD,37.0,COLLISION WITH BICYCLIST,9.0,SINGLE VEHICLE,1.0,CURVE & GRADE,2.0,DAYLIGHT,,,N,07,49,2011-08-04 07:49:00,38.2952156,-85.5654367,POINT (-85.56543670000001 38.2952156),0
47346,71033975,LOUISVILLE METRO POLICE DEPT,8011062151,AC,56,,,7TH,ST   ,S ,38.2569703,-85.7615695,2.793,8/6/2011,2220,,,,,,,,,,2,1,0,0,2.0,CLEAR,01,DRY,N,5.0,LOCAL STREET,37.0,COLLISION WITH BICYCLIST,9.0,SINGLE VEHICLE,6.0,STRAIGHT & LEVEL,5.0,DARK-HWY LIGHTED/ON,,,N,22,20,2011-08-06 22:20:00,38.2569703,-85.7615695,POINT (-85.76156949999999 38.2569703),0
47480,71035018,LOUISVILLE METRO POLICE DEPT,8011062904,AC,56,KY0864  ,,SHELBY,ST   ,S ,38.237877,-85.7406586,15.016,8/9/2011,1653,,,,,,,,,,2,1,0,1,2.0,CLEAR,01,DRY,N,7.0,STATE,37.0,COLLISION WITH BICYCLIST,9.0,SINGLE VEHICLE,6.0,STRAIGHT & LEVEL,2.0,DAYLIGHT,,,N,16,53,2011-08-09 16:53:00,38.237877,-85.7406586,POINT (-85.7406586 38.237877),0
47576,71035451,LOUISVILLE METRO POLICE DEPT,8011063275,AC,56,,,OAK,ST   ,W ,38.2350184,-85.7603181,0.273,8/10/2011,1300,,4TH,ST   ,,,,,,,2,1,0,1,2.0,CLEAR,01,DRY,N,5.0,LOCAL STREET,2.0,COLLISION WITH BICYCLE,9.0,SINGLE VEHICLE,6.0,STRAIGHT & LEVEL,2.0,DAYLIGHT,,,N,13,00,2011-08-10 13:00:00,38.2350184,-85.7603181,POINT (-85.76031810000001 38.2350184),0
47904,71036972,LOUISVILLE METRO POLICE DEPT,8011064389,AC,56,,,26TH,ST   ,N ,38.2634196,-85.7932449,0.187,8/13/2011,2029,,DUNCAN,ST   ,,,,,,,2,1,0,1,2.0,CLEAR,01,DRY,Y,5.0,LOCAL STREET,2.0,COLLISION WITH BICYCLE,9.0,SINGLE VEHICLE,6.0,STRAIGHT & LEVEL,2.0,DAYLIGHT,,,N,20,29,2011-08-13 20:29:00,38.2634196,-85.7932449,POINT (-85.7932449 38.2634196),0
47945,71037233,LOUISVILLE METRO POLICE DEPT,8011064815,AC,56,,,COGAN,BLVD ,,38.1421448,-85.7743904,0.001,8/15/2011,1157,,,,,ZACHARY,CIR  ,KY1865,NEW CUT,RD   ,2,1,0,1,3.0,CLOUDY,01,DRY,N,5.0,LOCAL STREET,37.0,COLLISION WITH BICYCLIST,9.0,SINGLE VEHICLE,6.0,STRAIGHT & LEVEL,2.0,DAYLIGHT,,,N,11,57,2011-08-15 11:57:00,38.1421448,-85.7743904,POINT (-85.7743904 38.1421448),0
48140,71038453,LOUISVILLE METRO POLICE DEPT,8011065128,AC,56,,,BARRET,AVE  ,,38.2357745,-85.7277478,1.005,8/16/2011,1257,,,,,WINTER,AVE  ,,OAK,ST   ,2,1,0,1,2.0,CLEAR,01,DRY,N,5.0,LOCAL STREET,37.0,COLLISION WITH BICYCLIST,9.0,SINGLE VEHICLE,6.0,STRAIGHT & LEVEL,2.0,DAYLIGHT,,,N,12,57,2011-08-16 12:57:00,38.2357745,-85.7277478,POINT (-85.7277478 38.2357745),0
48154,71038495,LOUISVILLE METRO POLICE DEPT,8011065485,AC,56,US0031E ,,MAIN,ST   ,E ,38.2556715,-85.7478894,17.587,8/17/2011,1430,,FLOYD,ST   ,,,,,,,2,1,0,1,2.0,CLEAR,01,DRY,N,2.0,FEDERAL,2.0,COLLISION WITH BICYCLE,9.0,SINGLE VEHICLE,6.0,STRAIGHT & LEVEL,2.0,DAYLIGHT,,,N,14,30,2011-08-17 14:30:00,38.2556715,-85.7478894,POINT (-85.74788940000001 38.2556715),0
48368,71039055,LOUISVILLE METRO POLICE DEPT,8011066083,AC,56,KY0864  ,,SHELBY,ST   ,S ,38.2398952,-85.7403311,15.156,8/19/2011,1035,,BRECKINRIDGE,ST   ,,,,,,,2,1,0,1,2.0,CLEAR,01,DRY,N,7.0,STATE,2.0,COLLISION WITH BICYCLE,9.0,SINGLE VEHICLE,6.0,STRAIGHT & LEVEL,2.0,DAYLIGHT,,,N,10,35,2011-08-19 10:35:00,38.2398952,-85.7403311,POINT (-85.74033110000001 38.2398952),0
48429,71039802,LOUISVILLE METRO POLICE DEPT,8011066484,AC,56,,,AQUA,LN   ,,38.1117548,-85.7704354,0.046,8/20/2011,1700,,INGLEWOOD,DR   ,,,,,,,2,1,0,0,2.0,CLEAR,01,DRY,N,5.0,LOCAL STREET,2.0,COLLISION WITH BICYCLE,9.0,SINGLE VEHICLE,6.0,STRAIGHT & LEVEL,2.0,DAYLIGHT,,,N,17,00,2011-08-20 17:00:00,38.1117548,-85.7704354,POINT (-85.7704354 38.1117548),0
48434,71039813,LOUISVILLE METRO POLICE DEPT,8011066528,AC,56,KY0061  ,,JACKSON,ST   ,S ,38.2433954,-85.7458943,12.167,8/20/2011,2047,,JACOB,ST   ,,,,,,,2,1,0,1,2.0,CLEAR,01,DRY,N,7.0,STATE,2.0,COLLISION WITH BICYCLE,9.0,SINGLE VEHICLE,6.0,STRAIGHT & LEVEL,2.0,DAYLIGHT,,,N,20,47,2011-08-20 20:47:00,38.2433954,-85.7458943,POINT (-85.7458943 38.2433954),0
48725,71041194,LOUISVILLE METRO POLICE DEPT,8011067633,AC,56,,,UPPER HUNTERS,TRCE ,,38.1589396,-85.846547,1.351,8/24/2011,1553,,MARIAN,DR   ,,,,,,,2,1,0,0,2.0,CLEAR,01,DRY,N,5.0,LOCAL STREET,2.0,COLLISION WITH BICYCLE,9.0,SINGLE VEHICLE,3.0,CURVE & LEVEL,2.0,DAYLIGHT,,,N,15,53,2011-08-24 15:53:00,38.1589396,-85.846547,POINT (-85.846547 38.1589396),0
49171,71043332,LOUISVILLE METRO POLICE DEPT,8011069103,AC,56,,,PHILLIPS,LN   ,,38.197499,-85.7319606,1.259,8/29/2011,1421,,,,KY0061  ,PRESTON,HWY  ,,MONARCH,DR   ,2,1,0,1,2.0,CLEAR,1.0,DRY,N,5.0,LOCAL STREET,37.0,COLLISION WITH BICYCLIST,9.0,SINGLE VEHICLE,6.0,STRAIGHT & LEVEL,2.0,DAYLIGHT,,,N,14,21,2011-08-29 14:21:00,38.197499,-85.7319606,POINT (-85.73196059999999 38.197499),0
49276,71043913,LOUISVILLE METRO POLICE DEPT,8011068919,AC,56,US0031E ,,BAXTER,AVE  ,,38.2437317,-85.7269965,15.901,8/28/2011,2323,US0150  ,BROADWAY,,,,,,,,2,1,0,0,2.0,CLEAR,1.0,DRY,N,2.0,FEDERAL,2.0,COLLISION WITH BICYCLE,9.0,SINGLE VEHICLE,6.0,STRAIGHT & LEVEL,3.0,DUSK,,,N,23,23,2011-08-28 23:23:00,38.2437317,-85.7269965,POINT (-85.7269965 38.2437317),0
49358,71044135,LOUISVILLE METRO POLICE DEPT,8011069998,AC,56,KY1727  ,,TERRY,RD   ,,38.1430731,-85.872148,1.478,9/1/2011,0915,,TEAROSE,DR   ,,,,,,,2,1,0,1,2.0,CLEAR,1.0,DRY,N,7.0,STATE,2.0,COLLISION WITH BICYCLE,9.0,SINGLE VEHICLE,6.0,STRAIGHT & LEVEL,2.0,DAYLIGHT,,,N,09,15,2011-09-01 09:15:00,38.1430731,-85.872148,POINT (-85.872148 38.1430731),0
49443,71044465,LOUISVILLE METRO POLICE DEPT,8011070249,AC,56,,,LOTUS,AVE  ,,38.1708148,-85.7171567,0.217,9/1/2011,2135,,VERA,AVE  ,,,,,,,2,1,0,1,2.0,CLEAR,1.0,DRY,Y,99.0,NONE OF THE ABOVE,2.0,COLLISION WITH BICYCLE,9.0,SINGLE VEHICLE,6.0,STRAIGHT & LEVEL,5.0,DARK-HWY LIGHTED/ON,,,N,21,35,2011-09-01 21:35:00,38.1708148,-85.7171567,POINT (-85.7171567 38.1708148),0
49693,71046945,SHIVELY POLICE DEPARTMENT,0411001700,AC,56,US0031W ,,DIXIE,HWY  ,,38.1969229,-85.8048239,15.716,9/3/2011,1258,,NOBEL,PL   ,,,,,,,2,1,0,1,2.0,CLEAR,1.0,DRY,Y,2.0,FEDERAL,2.0,COLLISION WITH BICYCLE,9.0,SINGLE VEHICLE,6.0,STRAIGHT & LEVEL,2.0,DAYLIGHT,,,N,12,58,2011-09-03 12:58:00,38.1969229,-85.8048239,POINT (-85.8048239 38.1969229),0
49802,71047219,LOUISVILLE METRO POLICE DEPT,8011071787,AC,56,,,FLOYD,ST   ,S ,38.2461715,-85.749671,0.663,9/7/2011,1420,,,,,GRAY,ST   ,,PIN,ALY  ,2,1,0,0,3.0,CLOUDY,1.0,DRY,N,5.0,LOCAL STREET,37.0,COLLISION WITH BICYCLIST,9.0,SINGLE VEHICLE,6.0,STRAIGHT & LEVEL,2.0,DAYLIGHT,,,N,14,20,2011-09-07 14:20:00,38.2461715,-85.749671,POINT (-85.74967100000001 38.2461715),0
49838,71047201,LOUISVILLE METRO POLICE DEPT,8011071678,AC,56,KY1020  ,,SOUTHSIDE,DR   ,,38.1664829,-85.7647933,6.644,9/7/2011,0010,,,,,ALGER,AVE  ,,NAVY,DR   ,2,1,0,1,6.0,RAINING,5.0,WET,Y,7.0,STATE,37.0,COLLISION WITH BICYCLIST,9.0,SINGLE VEHICLE,6.0,STRAIGHT & LEVEL,6.0,DARK-HWY NOT LIGHTED,,,N,00,10,2011-09-07 00:10:00,38.1664829,-85.7647933,POINT (-85.76479329999999 38.1664829),0
49879,71047576,LOUISVILLE METRO POLICE DEPT,8011071893,AC,56,,,FLOYD,ST   ,S ,38.2224452,-85.7537105,2.279,9/7/2011,100004,,LEE,ST   ,,,,,,,2,1,0,1,3.0,CLOUDY,5.0,WET,N,5.0,LOCAL STREET,2.0,COLLISION WITH BICYCLE,9.0,SINGLE VEHICLE,6.0,STRAIGHT & LEVEL,3.0,DUSK,,,N,10,00,2011-09-07 10:00:00,38.2224452,-85.7537105,POINT (-85.7537105 38.2224452),0
49992,71048441,ANCHORAGE POLICE DEPARTMENT,11-001804 ,AC,56,KY0146  ,12100.0,PARK,RD   ,,38.2674385,-85.5449474,4.571,8/19/2011,0555,,,,,,,,,,2,1,0,1,2.0,CLEAR,1.0,DRY,Y,7.0,STATE,37.0,COLLISION WITH BICYCLIST,9.0,SINGLE VEHICLE,5.0,STRAIGHT & HILLCREST,6.0,DARK-HWY NOT LIGHTED,,,N,05,55,2011-08-19 05:55:00,38.2674385,-85.5449474,POINT (-85.5449474 38.2674385),0
50077,71049257,LOUISVILLE METRO POLICE DEPT,8011072932,AC,56,US0060  ,,FRANKFORT,AVE  ,,38.2549708,-85.6919903,1.527,9/11/2011,1215,,BAYLY,AVE  ,,,,,,,2,1,0,1,2.0,CLEAR,1.0,DRY,N,2.0,FEDERAL,2.0,COLLISION WITH BICYCLE,9.0,SINGLE VEHICLE,6.0,STRAIGHT & LEVEL,2.0,DAYLIGHT,,,N,12,15,2011-09-11 12:15:00,38.2549708,-85.6919903,POINT (-85.6919903 38.2549708),0
50094,71049083,LOUISVILLE METRO POLICE DEPT,8011069083,AC,56,,,15TH,ST   ,S ,38.2365947,-85.7783632,0.777,8/29/2011,1328,,OAK,ST   ,,,,,,,2,1,0,1,2.0,CLEAR,1.0,DRY,N,5.0,LOCAL STREET,2.0,COLLISION WITH BICYCLE,9.0,SINGLE VEHICLE,6.0,STRAIGHT & LEVEL,2.0,DAYLIGHT,,,N,13,28,2011-08-29 13:28:00,38.2365947,-85.7783632,POINT (-85.7783632 38.2365947),0
50147,71049303,LOUISVILLE METRO POLICE DEPT,8011073182,AC,56,KY0061  ,,PRESTON,HWY  ,,38.1244205,-85.6792937,2.917,9/12/2011,1150,,MILES,LN   ,,,,,,,2,1,0,1,2.0,CLEAR,1.0,DRY,N,7.0,STATE,2.0,COLLISION WITH BICYCLE,9.0,SINGLE VEHICLE,4.0,STRAIGHT & GRADE,2.0,DAYLIGHT,,,N,11,50,2011-09-12 11:50:00,38.1244205,-85.6792937,POINT (-85.6792937 38.1244205),0
50356,71050270,LOUISVILLE METRO POLICE DEPT,8011073298,AC,56,,,WHIPPS MILL,RD   ,,38.2511441,-85.5982402,0.313,9/12/2011,1609,,WOOD,RD   ,,,,,,,2,1,0,0,2.0,CLEAR,1.0,DRY,N,5.0,LOCAL STREET,2.0,COLLISION WITH BICYCLE,9.0,SINGLE VEHICLE,6.0,STRAIGHT & LEVEL,2.0,DAYLIGHT,,,N,16,09,2011-09-12 16:09:00,38.2511441,-85.5982402,POINT (-85.59824020000001 38.2511441),0
50361,71050275,LOUISVILLE METRO POLICE DEPT,8011073626,AC,56,,,5TH,ST   ,S ,38.2514232,-85.7592557,3.166,9/13/2011,100009,,MUHAMMAD ALI,BLVD ,,,,,,,2,1,0,0,3.0,CLOUDY,1.0,DRY,N,5.0,LOCAL STREET,2.0,COLLISION WITH BICYCLE,9.0,SINGLE VEHICLE,6.0,STRAIGHT & LEVEL,2.0,DAYLIGHT,,,N,10,00,2011-09-13 10:00:00,38.2514232,-85.7592557,POINT (-85.7592557 38.2514232),0
51329,71054832,LOUISVILLE METRO POLICE DEPT,8011077127,AC,56,,,RANGELAND,RD   ,,38.1673084,-85.6809606,0.042,9/24/2011,1840,,,,,LAGOONA,DR   ,KY0864,POPLAR LEVEL,RD   ,2,1,0,1,2.0,CLEAR,1.0,DRY,Y,1.0,COUNTY ROAD,37.0,COLLISION WITH BICYCLIST,9.0,SINGLE VEHICLE,6.0,STRAIGHT & LEVEL,2.0,DAYLIGHT,,,N,18,40,2011-09-24 18:40:00,38.1673084,-85.6809606,POINT (-85.68096060000001 38.1673084),0
51385,71054852,LOUISVILLE METRO POLICE DEPT,8011077219,AC,56,US0060  ,,FRANKFORT,AVE  ,,38.2536116,-85.7061316,0.778,9/25/2011,0823,,CLIFTON,AVE  ,,,,,,,2,1,0,1,2.0,CLEAR,1.0,DRY,Y,2.0,FEDERAL,2.0,COLLISION WITH BICYCLE,9.0,SINGLE VEHICLE,6.0,STRAIGHT & LEVEL,2.0,DAYLIGHT,,,N,08,23,2011-09-25 08:23:00,38.2536116,-85.7061316,POINT (-85.70613160000001 38.2536116),0
51393,71054866,LOUISVILLE METRO POLICE DEPT,8011077308,AC,56,,,15TH,ST   ,S ,38.2544764,-85.7754514,2.021,9/25/2011,1632,,CEDAR,ST   ,,,,,,,2,1,0,1,2.0,CLEAR,1.0,DRY,N,5.0,LOCAL STREET,2.0,COLLISION WITH BICYCLE,9.0,SINGLE VEHICLE,6.0,STRAIGHT & LEVEL,2.0,DAYLIGHT,,,N,16,32,2011-09-25 16:32:00,38.2544764,-85.7754514,POINT (-85.77545139999999 38.2544764),0
51436,71054861,LOUISVILLE METRO POLICE DEPT,8011077288,AC,56,KY3064  ,,PORTLAND,AVE  ,,38.271804,-85.7921323,0.573,9/25/2011,1456,,,,,,,,,,2,1,0,0,3.0,CLOUDY,1.0,DRY,N,7.0,STATE,37.0,COLLISION WITH BICYCLIST,9.0,SINGLE VEHICLE,6.0,STRAIGHT & LEVEL,2.0,DAYLIGHT,,,N,14,56,2011-09-25 14:56:00,38.271804,-85.7921323,POINT (-85.79213230000001 38.271804),0
51544,71055534,LOUISVILLE METRO POLICE DEPT,8011077767,AC,56,US0031E ,,MARKET,ST   ,E ,38.2541348,-85.7462308,17.383,9/27/2011,0838,KY0061  ,PRESTON,ST   ,,,,,,,2,1,0,1,2.0,CLEAR,1.0,DRY,N,2.0,FEDERAL,2.0,COLLISION WITH BICYCLE,9.0,SINGLE VEHICLE,6.0,STRAIGHT & LEVEL,1.0,DAWN,,,N,08,38,2011-09-27 08:38:00,38.2541348,-85.7462308,POINT (-85.74623080000001 38.2541348),0
51587,71055974,LOUISVILLE METRO POLICE DEPT,8011077801,AC,56,,,FACTORY,LN   ,,38.2893316,-85.5120607,0.016,9/27/2011,1015,,,,,,,,,,2,1,0,0,3.0,CLOUDY,1.0,DRY,Y,1.0,COUNTY ROAD,37.0,COLLISION WITH BICYCLIST,9.0,SINGLE VEHICLE,6.0,STRAIGHT & LEVEL,2.0,DAYLIGHT,,,N,10,15,2011-09-27 10:15:00,38.2893316,-85.5120607,POINT (-85.51206070000001 38.2893316),0
51863,71057517,LOUISVILLE METRO POLICE DEPT,8011078898,AC,56,KY1020  ,,2ND,ST   ,S ,38.247226,-85.7548395,12.193,9/30/2011,1700,,,,,CHESTNUT,ST   ,US0150,BROADWAY,,2,1,0,1,3.0,CLOUDY,1.0,DRY,N,7.0,STATE,37.0,COLLISION WITH BICYCLIST,9.0,SINGLE VEHICLE,6.0,STRAIGHT & LEVEL,2.0,DAYLIGHT,,,N,17,00,2011-09-30 17:00:00,38.247226,-85.7548395,POINT (-85.7548395 38.247226),0
52106,1178750,LOUISVILLE METRO POLICE DEPT,8011100036,AC,56,,,3RD,ST   ,,38.191066667,-85.765016667,,12/9/2011,1600,,FLORENCE,,,,,,,,2,1,0,1,3.0,CLOUDY,1.0,DRY,N,5.0,LOCAL STREET,2.0,COLLISION WITH BICYCLE,1.0,ANGLE,6.0,STRAIGHT & LEVEL,2.0,DAYLIGHT,,,,16,00,2011-12-09 16:00:00,38.191066667,-85.765016667,POINT (-85.765016667 38.191066667),0
52155,1187478,LOUISVILLE METRO POLICE DEPT,8011090700,AC,56,US0031  ,,MAIN,ST   ,,38.253333333,-85.740666667,,11/8/2011,1457,,PRESTON,,,,,,,,2,1,0,0,2.0,CLEAR,1.0,DRY,N,2.0,FEDERAL,2.0,COLLISION WITH BICYCLE,8.0,SIDESWIPE-SAME DIRECTION,6.0,STRAIGHT & LEVEL,2.0,DAYLIGHT,,,,14,57,2011-11-08 14:57:00,38.253333333,-85.740666667,POINT (-85.740666667 38.253333333),0
52281,1263077,LOUISVILLE METRO POLICE DEPT,8011100092,AC,56,US0060  ,,FRANKFORT,AVE  ,,38.252516667,-85.671816667,,12/10/2011,1840,,BLACKBURN,AVE  ,,,,,,,2,1,0,0,3.0,CLOUDY,1.0,DRY,Y,2.0,FEDERAL,2.0,COLLISION WITH BICYCLE,5.0,REAR END,6.0,STRAIGHT & LEVEL,5.0,DARK-HWY LIGHTED/ON,,,,18,40,2011-12-10 18:40:00,38.252516667,-85.671816667,POINT (-85.671816667 38.252516667),0
52312,1263539,LOUISVILLE METRO POLICE DEPT,8011092351,AC,56,,,MONTGOMERY,ST   ,,38.27195,-85.788166667,,11/14/2011,1530,,25TH,ST   ,,,,,,,2,1,0,1,2.0,CLEAR,1.0,DRY,Y,5.0,LOCAL STREET,2.0,COLLISION WITH BICYCLE,5.0,REAR END,6.0,STRAIGHT & LEVEL,2.0,DAYLIGHT,,,,15,30,2011-11-14 15:30:00,38.27195,-85.788166667,POINT (-85.788166667 38.27195),0
52470,1689356,LOUISVILLE METRO POLICE DEPT,8011095381,AC,56,,,LOWER RIVER,RD   ,,38.1097,-85.889566667,,11/24/2011,0051,,JOHNSONTOWN,RD   ,,,,,,,2,1,0,0,2.0,CLEAR,1.0,DRY,N,5.0,LOCAL STREET,2.0,COLLISION WITH BICYCLE,1.0,ANGLE,6.0,STRAIGHT & LEVEL,5.0,DARK-HWY LIGHTED/ON,,,,00,51,2011-11-24 00:51:00,38.1097,-85.889566667,POINT (-85.889566667 38.1097),0