,MASTER FILE NUMBER,INVESTIGATING AGENCY,LOCAL CODE,COLLISION STATUS CODE,COUNTY NAME,ROADWAY NUMBER,BLOCK/HOUSE #,ROADWAY NAME,ROADWAY SUFFIX,ROADWAY DIRECTION CODE,GPS LATITUDE DECIMAL,GPS LONGITUDE DECIMAL,MILEPOINT DERIVED,COLLISION DATE,COLLISION TIME,INTERSECTION ROADWAY #,INTERSECTION ROADWAY NAME,INTERSECTION ROADWAY SFX,BETWEEN STREET ROADWAY # 1,BETWEEN STREET ROADWAY NAME 1,BETWEEN STREET ROADWAY SFX 1,BETWEEN STREET ROADWAY # 2,BETWEEN STREET ROADWAY NAME 2,BETWEEN STREET ROADWAY SFX 2,UNITS INVOLVED,MOTOR VEHICLES INVOLVED,KILLED,INJURED,WEATHER CODE,WEATHER,ROADWAY CONDITION CODE,ROADWAY CONDITION,HIT & RUN INDICATOR,ROADWAY TYPE CODE,ROADWAY TYPE,DIRECTIONAL ANALYSIS CODE,DIRECTIONAL ANALYSIS,MANNER OF COLLISION CODE,MANNER OF COLLISION,ROADWAY CHARACTER CODE,ROADWAY CHARACTER,LIGHT CONDITION CODE,LIGHT CONDITION,RAMP FROM ROADWAY ID,RAMP TO ROADWAY ID,SECONDARY COLLISION INDICATOR,hour,minute,Date,Latitude,Longitude,geometry,index_right
52519,1948539,LOUISVILLE METRO POLICE DEPT,8011093952,AC,56,US0060  ,,LEXINGTON,RD   ,,38.251633333,-85.6547,10.55,11/19/2011,1630,,WALLACE,AVE  ,,,,,,,2,1,0,1,3.0,CLOUDY,1.0,DRY,N,2.0,FEDERAL,2.0,COLLISION WITH BICYCLE,4.0,OPPOSING LEFT TURN,6.0,STRAIGHT & LEVEL,2.0,DAYLIGHT,,,,16,30,2011-11-19 16:30:00,38.251633333,-85.6547,POINT (-85.65470000000001 38.251633333),0
52850,71059154,LOUISVILLE METRO POLICE DEPT,8011080340,AC,56,KY1020  ,,2ND,ST   ,S ,38.2458563,-85.7550178,12.098,10/5/2011,1700,US0150  ,BROADWAY,,,,,,,,2,1,0,0,2.0,CLEAR,1.0,DRY,N,7.0,STATE,2.0,COLLISION WITH BICYCLE,9.0,SINGLE VEHICLE,6.0,STRAIGHT & LEVEL,2.0,DAYLIGHT,,,N,17,00,2011-10-05 17:00:00,38.2458563,-85.7550178,POINT (-85.7550178 38.2458563),0
52910,71059652,LOUISVILLE METRO POLICE DEPT,8011080241,AC,56,US0150  ,,BROADWAY,,W ,38.2489317,-85.7815245,1.094,10/5/2011,1300,,18TH,ST   ,,,,,,,2,1,0,0,2.0,CLEAR,1.0,DRY,N,2.0,FEDERAL,2.0,COLLISION WITH BICYCLE,9.0,SINGLE VEHICLE,6.0,STRAIGHT & LEVEL,2.0,DAYLIGHT,,,N,13,00,2011-10-05 13:00:00,38.2489317,-85.7815245,POINT (-85.7815245 38.2489317),0
52929,71060088,ST. MATTHEWS POLICE DEPARTMENT,0311001609,AC,56,,4100.0,OECHSLI,AVE  ,,38.2543961,-85.6462471,0.08,10/8/2011,1200,,,,,,,,,,2,1,0,0,2.0,CLEAR,1.0,DRY,N,5.0,LOCAL STREET,37.0,COLLISION WITH BICYCLIST,9.0,SINGLE VEHICLE,6.0,STRAIGHT & LEVEL,2.0,DAYLIGHT,,,N,12,00,2011-10-08 12:00:00,38.2543961,-85.6462471,POINT (-85.6462471 38.2543961),0
53007,71060321,LOUISVILLE METRO POLICE DEPT,8011080982,AC,56,,,FERN CREEK,RD   ,,38.1547494,-85.5922186,0.539,10/7/2011,1529,,,,,,,,,,2,1,0,0,2.0,CLEAR,1.0,DRY,N,1.0,COUNTY ROAD,37.0,COLLISION WITH BICYCLIST,9.0,SINGLE VEHICLE,6.0,STRAIGHT & LEVEL,2.0,DAYLIGHT,,,N,15,29,2011-10-07 15:29:00,38.1547494,-85.5922186,POINT (-85.5922186 38.1547494),0
53056,71060495,LOUISVILLE METRO POLICE DEPT,8011080999,AC,56,,,WELLINGTON,AVE  ,W ,38.1835521,-85.7625777,0.276,10/7/2011,1556,,2ND,ST   ,,,,,,,2,1,0,1,2.0,CLEAR,1.0,DRY,N,5.0,LOCAL STREET,2.0,COLLISION WITH BICYCLE,9.0,SINGLE VEHICLE,6.0,STRAIGHT & LEVEL,2.0,DAYLIGHT,,,N,15,56,2011-10-07 15:56:00,38.1835521,-85.7625777,POINT (-85.76257769999999 38.1835521),0
53120,71060620,LOUISVILLE METRO POLICE DEPT,8011081591,AC,56,KY1931  ,,ST ANDREWS CHURCH,RD   ,,38.152634,-85.8178661,4.521,10/9/2011,1951,,,,,BLANTON,LN   ,,BROOKVIEW,DR   ,2,1,0,1,2.0,CLEAR,1.0,DRY,N,7.0,STATE,37.0,COLLISION WITH BICYCLIST,9.0,SINGLE VEHICLE,6.0,STRAIGHT & LEVEL,5.0,DARK-HWY LIGHTED/ON,,,N,19,51,2011-10-09 19:51:00,38.152634,-85.8178661,POINT (-85.8178661 38.152634),0
53154,71060594,LOUISVILLE METRO POLICE DEPT,8011081450,AC,56,KY2049  ,,CRUMS,LN   ,,38.1991711,-85.8369648,0.024,10/9/2011,0530,,,,,,,,,,3,2,0,1,2.0,CLEAR,1.0,DRY,Y,7.0,STATE,37.0,COLLISION WITH BICYCLIST,5.0,REAR END,6.0,STRAIGHT & LEVEL,5.0,DARK-HWY LIGHTED/ON,,,Y,05,30,2011-10-09 05:30:00,38.1991711,-85.8369648,POINT (-85.8369648 38.1991711),0
53509,71063477,LOUISVILLE METRO POLICE DEPT,8011082154,AC,56,US0031W ,,MARKET,ST   ,W ,38.2553905,-85.7578176,21.797,10/11/2011,1710,,,,,5TH,ST   ,,4TH,ST   ,2,1,0,1,3.0,CLOUDY,1.0,DRY,N,2.0,FEDERAL,37.0,COLLISION WITH BICYCLIST,9.0,SINGLE VEHICLE,6.0,STRAIGHT & LEVEL,2.0,DAYLIGHT,,,N,17,10,2011-10-11 17:10:00,38.2553905,-85.7578176,POINT (-85.7578176 38.2553905),0
54263,71066890,LOUISVILLE METRO POLICE DEPT,8011085254,AC,56,,,BANK,ST   ,,38.2663431,-85.783328,0.019,10/21/2011,1545,US0150  ,22ND,ST   ,,,,,,,2,1,0,1,2.0,CLEAR,1.0,DRY,N,5.0,LOCAL STREET,2.0,COLLISION WITH BICYCLE,9.0,SINGLE VEHICLE,6.0,STRAIGHT & LEVEL,2.0,DAYLIGHT,,,N,15,45,2011-10-21 15:45:00,38.2663431,-85.783328,POINT (-85.783328 38.2663431),0
54494,71067663,LOUISVILLE METRO POLICE DEPT,8011086163,AC,56,,,SENECA PARK,RD   ,,38.2343971,-85.6771366,0.764,10/24/2011,1610,,,,,,,,,,2,1,0,0,2.0,CLEAR,1.0,DRY,N,5.0,LOCAL STREET,37.0,COLLISION WITH BICYCLIST,9.0,SINGLE VEHICLE,3.0,CURVE & LEVEL,2.0,DAYLIGHT,,,N,16,10,2011-10-24 16:10:00,38.2343971,-85.6771366,POINT (-85.6771366 38.2343971),0
54547,71068444,LOUISVILLE METRO POLICE DEPT,8011086509,AC,56,,,GOLDSMITH,LN   ,,38.2079448,-85.6697516,1.001,10/25/2011,1817,,,,,TRAFALGAR,SQ   ,US0031E,BARDSTOWN,RD   ,2,1,0,1,2.0,CLEAR,1.0,DRY,N,5.0,LOCAL STREET,37.0,COLLISION WITH BICYCLIST,9.0,SINGLE VEHICLE,6.0,STRAIGHT & LEVEL,2.0,DAYLIGHT,,,N,18,17,2011-10-25 18:17:00,38.2079448,-85.6697516,POINT (-85.6697516 38.2079448),0
54588,71068403,LOUISVILLE METRO POLICE DEPT,8011086526,AC,56,,,HANCOCK,ST   ,S ,38.2315207,-85.7458835,1.452,10/25/2011,1923,,CAMP,ST   ,,,,,,,2,1,0,1,2.0,CLEAR,1.0,DRY,N,5.0,LOCAL STREET,2.0,COLLISION WITH BICYCLE,9.0,SINGLE VEHICLE,6.0,STRAIGHT & LEVEL,5.0,DARK-HWY LIGHTED/ON,,,N,19,23,2011-10-25 19:23:00,38.2315207,-85.7458835,POINT (-85.74588350000001 38.2315207),0
54980,71070331,LOUISVILLE METRO POLICE DEPT,8011087733,AC,56,,,SCOTTSDALE,BLVD ,,38.1391771,-85.7738041,0.0,10/29/2011,1600,KY1865  ,NEW CUT,RD   ,,,,,,,2,1,0,0,2.0,CLEAR,1.0,DRY,Y,5.0,LOCAL STREET,2.0,COLLISION WITH BICYCLE,9.0,SINGLE VEHICLE,4.0,STRAIGHT & GRADE,2.0,DAYLIGHT,,,N,16,00,2011-10-29 16:00:00,38.1391771,-85.7738041,POINT (-85.77380410000001 38.1391771),0
55073,71070879,LOUISVILLE METRO POLICE DEPT,8011086178,AC,56,US0060  ,,FRANKFORT,AVE  ,,38.2536077,-85.7061282,0.778,10/24/2011,100005,,CLIFTON,AVE  ,,,,,,,2,1,0,1,2.0,CLEAR,1.0,DRY,N,2.0,FEDERAL,2.0,COLLISION WITH BICYCLE,9.0,SINGLE VEHICLE,5.0,STRAIGHT & HILLCREST,2.0,DAYLIGHT,,,N,10,00,2011-10-24 10:00:00,38.2536077,-85.7061282,POINT (-85.70612819999999 38.2536077),0
55154,71071200,JEFFERSONTOWN POLICE DEPT,A1118396  ,AC,56,,,STONY BROOK,DR   ,,38.2109004,-85.5975865,0.747,11/1/2011,0927,KY1747  ,HURSTBOURNE,PKWY ,,,,,,,2,1,0,0,2.0,CLEAR,1.0,DRY,N,5.0,LOCAL STREET,2.0,COLLISION WITH BICYCLE,9.0,SINGLE VEHICLE,6.0,STRAIGHT & LEVEL,2.0,DAYLIGHT,,,N,09,27,2011-11-01 09:27:00,38.2109004,-85.5975865,POINT (-85.59758650000001 38.2109004),0
55175,71071513,LOUISVILLE METRO POLICE DEPT,8011088493,AC,56,US0150  ,,BROADWAY,,E ,38.2456618,-85.7526504,2.688,11/1/2011,1221,,,,,,,,,,2,1,0,0,2.0,CLEAR,1.0,DRY,N,2.0,FEDERAL,37.0,COLLISION WITH BICYCLIST,9.0,SINGLE VEHICLE,6.0,STRAIGHT & LEVEL,2.0,DAYLIGHT,,,N,12,21,2011-11-01 12:21:00,38.2456618,-85.7526504,POINT (-85.75265039999999 38.2456618),0
55407,71072766,LOUISVILLE METRO POLICE DEPT,8011089341,AC,56,US0031E ,,BUECHEL,BYP  ,,38.190769,-85.6482377,10.068,11/3/2011,2000,,,,,PLAZA,AVE  ,,BUECHEL BANK,RD   ,2,1,0,1,6.0,RAINING,5.0,WET,N,2.0,FEDERAL,37.0,COLLISION WITH BICYCLIST,9.0,SINGLE VEHICLE,6.0,STRAIGHT & LEVEL,4.0,DARK-HWY LIGHTED/OFF,,,N,20,00,2011-11-03 20:00:00,38.190769,-85.6482377,POINT (-85.6482377 38.190769),0
55488,71073487,LOUISVILLE METRO POLICE DEPT,8011088692,AC,56,,,VIRGINIA,AVE  ,,38.237757,-85.7962691,0.002,11/1/2011,2005,,26TH,ST   ,,,,,,,2,1,0,1,2.0,CLEAR,1.0,DRY,N,5.0,LOCAL STREET,2.0,COLLISION WITH BICYCLE,9.0,SINGLE VEHICLE,6.0,STRAIGHT & LEVEL,5.0,DARK-HWY LIGHTED/ON,,,N,20,05,2011-11-01 20:05:00,38.237757,-85.7962691,POINT (-85.7962691 38.237757),0
55739,71074299,LOUISVILLE METRO POLICE DEPT,8011090382,AC,56,US0060  ,,FRANKFORT,AVE  ,,38.2543229,-85.6748288,2.495,11/7/2011,1450,,MCCREADY,AVE  ,,,,,,,2,1,0,1,2.0,CLEAR,1.0,DRY,N,2.0,FEDERAL,2.0,COLLISION WITH BICYCLE,9.0,SINGLE VEHICLE,6.0,STRAIGHT & LEVEL,2.0,DAYLIGHT,,,N,14,50,2011-11-07 14:50:00,38.2543229,-85.6748288,POINT (-85.6748288 38.2543229),0
55742,71074308,LOUISVILLE METRO POLICE DEPT,8011090432,AC,56,,,LIBERTY,ST   ,W ,38.2533279,-85.7595586,0.476,11/7/2011,1330,,ARMORY,PL   ,,,,,,,2,1,0,0,2.0,CLEAR,1.0,DRY,N,5.0,LOCAL STREET,2.0,COLLISION WITH BICYCLE,9.0,SINGLE VEHICLE,6.0,STRAIGHT & LEVEL,2.0,DAYLIGHT,,,N,13,30,2011-11-07 13:30:00,38.2533279,-85.7595586,POINT (-85.75955860000001 38.2533279),0
55776,71074820,LOUISVILLE METRO POLICE DEPT,8011090560,AC,56,,,BROADWAY,,W ,38.2494484,-85.7948788,0.363,11/8/2011,0659,,26TH,ST   ,,,,,,,2,1,0,1,2.0,CLEAR,1.0,DRY,N,5.0,LOCAL STREET,2.0,COLLISION WITH BICYCLE,9.0,SINGLE VEHICLE,6.0,STRAIGHT & LEVEL,2.0,DAYLIGHT,,,N,06,59,2011-11-08 06:59:00,38.2494484,-85.7948788,POINT (-85.79487880000001 38.2494484),0
55963,71075783,LOUISVILLE METRO POLICE DEPT,8011091294,AC,56,,,BROADWAY,,W ,38.2495518,-85.7974962,0.506,11/10/2011,1550,,,,,,,,,,2,1,0,0,2.0,CLEAR,1.0,DRY,N,5.0,LOCAL STREET,37.0,COLLISION WITH BICYCLIST,9.0,SINGLE VEHICLE,6.0,STRAIGHT & LEVEL,2.0,DAYLIGHT,,,N,15,50,2011-11-10 15:50:00,38.2495518,-85.7974962,POINT (-85.7974962 38.2495518),0
56004,71075770,LOUISVILLE METRO POLICE DEPT,8011091170,AC,56,US0060A ,,7TH STREET,RD   ,,38.1962723,-85.8008298,0.481,11/10/2011,0740,,,,,,,,,,2,1,0,0,2.0,CLEAR,1.0,DRY,Y,2.0,FEDERAL,37.0,COLLISION WITH BICYCLIST,9.0,SINGLE VEHICLE,6.0,STRAIGHT & LEVEL,2.0,DAYLIGHT,,,N,07,40,2011-11-10 07:40:00,38.1962723,-85.8008298,POINT (-85.8008298 38.1962723),0
56154,71076720,LOUISVILLE METRO POLICE DEPT,8011092116,AC,56,US0031E ,,MAIN,ST   ,E ,38.2552455,-85.743516,17.326,11/13/2011,1856,KY0061  ,JACKSON,ST   ,,,,,,,2,1,0,1,3.0,CLOUDY,1.0,DRY,Y,2.0,FEDERAL,2.0,COLLISION WITH BICYCLE,9.0,SINGLE VEHICLE,6.0,STRAIGHT & LEVEL,5.0,DARK-HWY LIGHTED/ON,,,N,18,56,2011-11-13 18:56:00,38.2552455,-85.743516,POINT (-85.743516 38.2552455),0
56386,71077994,LOUISVILLE METRO POLICE DEPT,8011092627,AC,56,,,LIBERTY,ST   ,E ,38.2516617,-85.745072,0.409,11/15/2011,1342,,,,KY0061  ,PRESTON,ST   ,KY0061,JACKSON,ST   ,2,1,0,1,6.0,RAINING,5.0,WET,N,5.0,LOCAL STREET,37.0,COLLISION WITH BICYCLIST,9.0,SINGLE VEHICLE,6.0,STRAIGHT & LEVEL,2.0,DAYLIGHT,,,N,13,42,2011-11-15 13:42:00,38.2516617,-85.745072,POINT (-85.74507199999999 38.2516617),0
56455,71078580,LOUISVILLE METRO POLICE DEPT,8011092019,AC,56,,,LINDELL,AVE  ,,38.2501458,-85.8122386,0.008,11/13/2011,1308,,BROADWAY,,,,,,,,2,1,0,0,2.0,CLEAR,1.0,DRY,Y,5.0,LOCAL STREET,2.0,COLLISION WITH BICYCLE,9.0,SINGLE VEHICLE,6.0,STRAIGHT & LEVEL,2.0,DAYLIGHT,,,N,13,08,2011-11-13 13:08:00,38.2501458,-85.8122386,POINT (-85.8122386 38.2501458),0
57252,71083032,LOUISVILLE METRO POLICE DEPT,8011094174,AC,56,,,GARFIELD,AVE  ,,38.2684021,-85.8110417,0.634,11/20/2011,1330,,,,,,,,,,2,1,0,2,3.0,CLOUDY,5.0,WET,Y,5.0,LOCAL STREET,37.0,COLLISION WITH BICYCLIST,9.0,SINGLE VEHICLE,6.0,STRAIGHT & LEVEL,2.0,DAYLIGHT,,,N,13,30,2011-11-20 13:30:00,38.2684021,-85.8110417,POINT (-85.8110417 38.2684021),0
57287,71083096,LOUISVILLE METRO POLICE DEPT,8011095464,AC,56,US0031E ,,BUECHEL,BYP  ,,38.1987968,-85.6614391,11.019,11/24/2011,1650,,,,KY2251  ,BARDSTOWN,RD   ,,HIKES,LN   ,2,1,0,0,2.0,CLEAR,1.0,DRY,Y,2.0,FEDERAL,37.0,COLLISION WITH BICYCLIST,9.0,SINGLE VEHICLE,6.0,STRAIGHT & LEVEL,2.0,DAYLIGHT,,,N,16,50,2011-11-24 16:50:00,38.1987968,-85.6614391,POINT (-85.6614391 38.1987968),0
57830,71085689,LOUISVILLE METRO POLICE DEPT,8011088628,AC,56,US0031W ,,MARKET,ST   ,W ,38.2551272,-85.7561813,21.891,11/1/2011,1730,,,,,4TH,ST   ,US0031E,3RD,ST   ,2,1,0,1,3.0,CLOUDY,1.0,DRY,N,2.0,FEDERAL,37.0,COLLISION WITH BICYCLIST,9.0,SINGLE VEHICLE,6.0,STRAIGHT & LEVEL,2.0,DAYLIGHT,,,N,17,30,2011-11-01 17:30:00,38.2551272,-85.7561813,POINT (-85.75618129999999 38.2551272),0
58459,71089195,LOUISVILLE METRO POLICE DEPT,8011099423,AC,56,,,CHRISTY,AVE  ,,38.239749,-85.7304727,0.303,11/7/2011,1956,,,,,BARRET,AVE  ,,EDWARD,ST   ,2,1,0,0,2.0,CLEAR,1.0,DRY,N,5.0,LOCAL STREET,37.0,COLLISION WITH BICYCLIST,9.0,SINGLE VEHICLE,6.0,STRAIGHT & LEVEL,3.0,DUSK,,,N,19,56,2011-11-07 19:56:00,38.239749,-85.7304727,POINT (-85.73047270000001 38.239749),0
58468,71089210,LOUISVILLE METRO POLICE DEPT,8011099607,AC,56,KY1020  ,,2ND,ST   ,S ,38.239941,-85.7561199,11.69,12/8/2011,1159,,,,,KENTUCKY,ST   ,,BRECKINRIDGE,ST   ,2,1,0,1,2.0,CLEAR,1.0,DRY,N,7.0,STATE,37.0,COLLISION WITH BICYCLIST,9.0,SINGLE VEHICLE,6.0,STRAIGHT & LEVEL,2.0,DAYLIGHT,,,N,11,59,2011-12-08 11:59:00,38.239941,-85.7561199,POINT (-85.7561199 38.239941),0
58511,71089205,LOUISVILLE METRO POLICE DEPT,8011099567,AC,56,,,4TH,ST   ,S ,38.2373318,-85.7598697,1.343,12/8/2011,000008,,ST CATHERINE,ST   ,,,,,,,2,1,0,1,2.0,CLEAR,1.0,DRY,N,5.0,LOCAL STREET,2.0,COLLISION WITH BICYCLE,9.0,SINGLE VEHICLE,6.0,STRAIGHT & LEVEL,2.0,DAYLIGHT,,,N,00,00,2011-12-08 00:00:00,38.2373318,-85.7598697,POINT (-85.7598697 38.2373318),0
58671,71090090,LOUISVILLE METRO POLICE DEPT,8011099750,AC,56,,,DOUGLASS,BLVD ,,38.2234387,-85.6962597,0.418,12/8/2011,1828,,,,,BOULEVARD NAPOLEON,,,SEWANEE,DR   ,2,1,0,1,2.0,CLEAR,1.0,DRY,N,5.0,LOCAL STREET,37.0,COLLISION WITH BICYCLIST,9.0,SINGLE VEHICLE,6.0,STRAIGHT & LEVEL,3.0,DUSK,,,N,18,28,2011-12-08 18:28:00,38.2234387,-85.6962597,POINT (-85.6962597 38.2234387),0
59263,71093438,LOUISVILLE METRO POLICE DEPT,8011102155,AC,56,KY0864  ,4901.0,POPLAR LEVEL,RD   ,,38.1714031,-85.6847229,9.2,12/16/2011,100000,,,,,,,,,,2,1,0,1,2.0,CLEAR,1.0,DRY,Y,7.0,STATE,37.0,COLLISION WITH BICYCLIST,9.0,SINGLE VEHICLE,4.0,STRAIGHT & GRADE,5.0,DARK-HWY LIGHTED/ON,,,N,10,00,2011-12-16 10:00:00,38.1714031,-85.6847229,POINT (-85.6847229 38.1714031),0
59384,71093869,LOUISVILLE METRO POLICE DEPT,8011103002,AC,56,,,BRECKINRIDGE,ST   ,E ,38.23942,-85.732906,0.429,12/20/2011,000006,,VINE,ST   ,,,,,,,2,1,0,1,3.0,CLOUDY,1.0,DRY,N,5.0,LOCAL STREET,2.0,COLLISION WITH BICYCLE,9.0,SINGLE VEHICLE,6.0,STRAIGHT & LEVEL,2.0,DAYLIGHT,,,N,00,00,2011-12-20 00:00:00,38.23942,-85.732906,POINT (-85.732906 38.23942),0
59884,71096712,LOUISVILLE METRO POLICE DEPT,8011104862,AC,56,,,HELCK,AVE  ,,38.1772158,-85.7088083,0.0,12/27/2011,1404,,,,,,,,,,2,1,0,0,6.0,RAINING,5.0,WET,N,5.0,LOCAL STREET,37.0,COLLISION WITH BICYCLIST,9.0,SINGLE VEHICLE,6.0,STRAIGHT & LEVEL,2.0,DAYLIGHT,,,N,14,04,2011-12-27 14:04:00,38.1772158,-85.7088083,POINT (-85.7088083 38.1772158),0
60060,71097874,LOUISVILLE METRO POLICE DEPT,8011105355,AC,56,KY0155  ,,TAYLORSVILLE,RD   ,,38.2224294,-85.6623395,15.32,12/29/2011,1020,,CARSON,WAY  ,,,,,,,2,1,0,1,2.0,CLEAR,1.0,DRY,N,7.0,STATE,2.0,COLLISION WITH BICYCLE,9.0,SINGLE VEHICLE,6.0,STRAIGHT & LEVEL,2.0,DAYLIGHT,,,N,10,20,2011-12-29 10:20:00,38.2224294,-85.6623395,POINT (-85.6623395 38.2224294),0
60327,71105970,LOUISVILLE METRO POLICE DEPT,8011101726,AC,56,KY1703  ,,BAXTER,AVE  ,,38.2358005,-85.7208108,5.326,12/13/2011,1120,,LUCIA,AVE  ,,,,,,,2,1,0,1,2.0,CLEAR,1.0,DRY,Y,7.0,STATE,2.0,COLLISION WITH BICYCLE,9.0,SINGLE VEHICLE,6.0,STRAIGHT & LEVEL,2.0,DAYLIGHT,,,N,11,20,2011-12-13 11:20:00,38.2358005,-85.7208108,POINT (-85.7208108 38.2358005),0
60412,1177695,LOUISVILLE METRO POLICE DEPT,8012012491,AC,56,KY0907  ,,3RD,ST   ,,38.25495,-85.7551,,2/16/2012,0742,,MARKET,ST   ,,,,,,,2,1,0,0,2.0,CLEAR,1.0,DRY,N,7.0,STATE,2.0,COLLISION WITH BICYCLE,3.0,HEAD ON,6.0,STRAIGHT & LEVEL,2.0,DAYLIGHT,,,,07,42,2012-02-16 07:42:00,38.25495,-85.7551,POINT (-85.7551 38.25495),0
60742,1925986,LOUISVILLE METRO POLICE DEPT,8012020480,AC,56,US0031  ,,DIXIE,HWY  ,,38.230983333,-85.789416667,,3/16/2012,1140,,,,,STANDARD,AVE  ,,WOODLAND,,2,1,0,1,3.0,CLOUDY,1.0,DRY,N,2.0,FEDERAL,37.0,COLLISION WITH BICYCLIST,1.0,ANGLE,4.0,STRAIGHT & GRADE,2.0,DAYLIGHT,,,,11,40,2012-03-16 11:40:00,38.230983333,-85.789416667,POINT (-85.789416667 38.230983333),0
61069,71100690,LOUISVILLE METRO POLICE DEPT,8012001331,AC,56,,,MINOR,LN   ,,38.1284087,-85.7112429,0.478,1/5/2012,1908,,,,,EDLIN,LN   ,,ZIB,LN   ,2,1,0,1,2.0,CLEAR,1.0,DRY,N,5.0,LOCAL STREET,37.0,COLLISION WITH BICYCLIST,9.0,SINGLE VEHICLE,6.0,STRAIGHT & LEVEL,5.0,DARK-HWY LIGHTED/ON,,,N,19,08,2012-01-05 19:08:00,38.1284087,-85.7112429,POINT (-85.7112429 38.1284087),0
61328,71102647,LOUISVILLE METRO POLICE DEPT,8012002751,AC,56,KY0841  ,,,,,38.1193407,-85.7772031,0.258,1/10/2012,1936,KY1865  ,NEW CUT,RD   ,,,,,,,3,1,0,0,3.0,CLOUDY,1.0,DRY,N,7.0,STATE,2.0,COLLISION WITH BICYCLE,9.0,SINGLE VEHICLE,1.0,CURVE & GRADE,6.0,DARK-HWY NOT LIGHTED,,,N,19,36,2012-01-10 19:36:00,38.1193407,-85.7772031,POINT (-85.77720309999999 38.1193407),0
61680,71104853,LOUISVILLE METRO POLICE DEPT,8012003591,AC,56,,,MUD,LN   ,,38.0928635,-85.6693706,0.012,1/13/2012,1408,KY0061  ,PRESTON,HWY  ,,,,,,,2,1,0,0,9.0,SNOWING,1.0,DRY,Y,1.0,COUNTY ROAD,2.0,COLLISION WITH BICYCLE,9.0,SINGLE VEHICLE,5.0,STRAIGHT & HILLCREST,2.0,DAYLIGHT,,,N,14,08,2012-01-13 14:08:00,38.0928635,-85.6693706,POINT (-85.66937059999999 38.0928635),0
62103,71107150,LOUISVILLE METRO POLICE DEPT,8012005517,AC,56,KY0907  ,,SOUTHSIDE,DR   ,,38.1463129,-85.774281,6.375,1/20/2012,100002,KY1865  ,NEW CUT,RD   ,,,,,,,2,1,0,1,2.0,CLEAR,1.0,DRY,N,7.0,STATE,2.0,COLLISION WITH BICYCLE,9.0,SINGLE VEHICLE,6.0,STRAIGHT & LEVEL,2.0,DAYLIGHT,,,N,10,00,2012-01-20 10:00:00,38.1463129,-85.774281,POINT (-85.774281 38.1463129),0
62129,71107015,LOUISVILLE METRO POLICE DEPT,8012001617,RE,56,,,41ST,ST   ,N ,38.2663042,-85.8156794,0.398,1/6/2012,1701,,DUNCAN,ST   ,,,,,,,2,1,0,3,2.0,CLEAR,1.0,DRY,N,5.0,LOCAL STREET,2.0,COLLISION WITH BICYCLE,9.0,SINGLE VEHICLE,6.0,STRAIGHT & LEVEL,2.0,DAYLIGHT,,,N,17,01,2012-01-06 17:01:00,38.2663042,-85.8156794,POINT (-85.81567939999999 38.2663042),0
62389,71108384,LOUISVILLE METRO POLICE DEPT,8012006833,AC,56,,,FLOYD,ST   ,S ,38.2342799,-85.7516731,1.489,1/25/2012,000000,,OAK,ST   ,,,,,,,2,1,0,0,3.0,CLOUDY,1.0,DRY,N,5.0,LOCAL STREET,2.0,COLLISION WITH BICYCLE,9.0,SINGLE VEHICLE,6.0,STRAIGHT & LEVEL,2.0,DAYLIGHT,,,N,00,00,2012-01-25 00:00:00,38.2342799,-85.7516731,POINT (-85.7516731 38.2342799),0
62816,71110492,LOUISVILLE METRO POLICE DEPT,8012008193,AC,56,,,BEECHER,ST   ,,38.1917632,-85.7771726,0.332,1/30/2012,2310,,WARREN,AVE  ,,,,,,,2,1,0,1,2.0,CLEAR,1.0,DRY,Y,5.0,LOCAL STREET,2.0,COLLISION WITH BICYCLE,9.0,SINGLE VEHICLE,6.0,STRAIGHT & LEVEL,4.0,DARK-HWY LIGHTED/OFF,,,N,23,10,2012-01-30 23:10:00,38.1917632,-85.7771726,POINT (-85.7771726 38.1917632),0
63340,71113611,LOUISVILLE METRO POLICE DEPT,8012010465,AC,56,,,4TH,ST   ,S ,38.2235666,-85.762372,2.302,2/8/2012,0637,,LEE,ST   ,,,,,,,2,1,0,1,9.0,SNOWING,5.0,WET,Y,5.0,LOCAL STREET,2.0,COLLISION WITH BICYCLE,9.0,SINGLE VEHICLE,6.0,STRAIGHT & LEVEL,5.0,DARK-HWY LIGHTED/ON,,,N,06,37,2012-02-08 06:37:00,38.2235666,-85.762372,POINT (-85.762372 38.2235666),0
64167,71117905,LOUISVILLE METRO POLICE DEPT,8012013090,AC,56,US0060  ,,FRANKFORT,AVE  ,,38.2530212,-85.6570943,3.46,2/18/2012,1005,US0060A ,LEXINGTON,RD   ,,,,,,,2,1,0,1,2.0,CLEAR,1.0,DRY,Y,2.0,FEDERAL,2.0,COLLISION WITH BICYCLE,9.0,SINGLE VEHICLE,3.0,CURVE & LEVEL,2.0,DAYLIGHT,,,N,10,05,2012-02-18 10:05:00,38.2530212,-85.6570943,POINT (-85.6570943 38.2530212),0
64168,71117906,LOUISVILLE METRO POLICE DEPT,8012013103,AC,56,,,5TH,ST   ,S ,38.1981358,-85.7684375,1.295,2/18/2012,1102,,KENTON,ST   ,,,,,,,2,1,0,1,3.0,CLOUDY,1.0,DRY,N,5.0,LOCAL STREET,2.0,COLLISION WITH BICYCLE,9.0,SINGLE VEHICLE,6.0,STRAIGHT & LEVEL,2.0,DAYLIGHT,,,N,11,02,2012-02-18 11:02:00,38.1981358,-85.7684375,POINT (-85.7684375 38.1981358),0