,MASTER FILE NUMBER,INVESTIGATING AGENCY,LOCAL CODE,COLLISION STATUS CODE,COUNTY NAME,ROADWAY NUMBER,BLOCK/HOUSE #,ROADWAY NAME,ROADWAY SUFFIX,ROADWAY DIRECTION CODE,GPS LATITUDE DECIMAL,GPS LONGITUDE DECIMAL,MILEPOINT DERIVED,COLLISION DATE,COLLISION TIME,INTERSECTION ROADWAY #,INTERSECTION ROADWAY NAME,INTERSECTION ROADWAY SFX,BETWEEN STREET ROADWAY # 1,BETWEEN STREET ROADWAY NAME 1,BETWEEN STREET ROADWAY SFX 1,BETWEEN STREET ROADWAY # 2,BETWEEN STREET ROADWAY NAME 2,BETWEEN STREET ROADWAY SFX 2,UNITS INVOLVED,MOTOR VEHICLES INVOLVED,KILLED,INJURED,WEATHER CODE,WEATHER,ROADWAY CONDITION CODE,ROADWAY CONDITION,HIT & RUN INDICATOR,ROADWAY TYPE CODE,ROADWAY TYPE,DIRECTIONAL ANALYSIS CODE,DIRECTIONAL ANALYSIS,MANNER OF COLLISION CODE,MANNER OF COLLISION,ROADWAY CHARACTER CODE,ROADWAY CHARACTER,LIGHT CONDITION CODE,LIGHT CONDITION,RAMP FROM ROADWAY ID,RAMP TO ROADWAY ID,SECONDARY COLLISION INDICATOR,hour,minute,Date,Latitude,Longitude,geometry,index_right
75277,71169607,LOUISVILLE METRO POLICE DEPT,8012050887,AC,56,,,MUHAMMAD ALI,BLVD ,E ,38.2500202,-85.7468211,0.725,6/26/2012,2121,KY0061  ,PRESTON,ST   ,,,,,,,2,1,0,1,2.0,CLEAR,1.0,DRY,N,5.0,LOCAL STREET,2.0,COLLISION WITH BICYCLE,9.0,SINGLE VEHICLE,6.0,STRAIGHT & LEVEL,5.0,DARK-HWY LIGHTED/ON,,,N,21,21,2012-06-26 21:21:00,38.2500202,-85.7468211,POINT (-85.74682110000001 38.2500202),0
75330,71169618,LOUISVILLE METRO POLICE DEPT,8012050988,AC,56,I 0264  ,,,,,38.1943827,-85.7072832,0.305,6/27/2012,0930,,,,,,,,,,2,1,0,1,2.0,CLEAR,1.0,DRY,N,4.0,INTERSTATE,37.0,COLLISION WITH BICYCLIST,9.0,SINGLE VEHICLE,4.0,STRAIGHT & GRADE,2.0,DAYLIGHT,,,N,09,30,2012-06-27 09:30:00,38.1943827,-85.7072832,POINT (-85.70728320000001 38.1943827),0
75348,71169654,LOUISVILLE METRO POLICE DEPT,8012051151,AC,56,,3804.0,SOUTHERN,PKWY ,,38.180916,-85.7697026,0.093,6/27/2012,1840,,,,,,,,,,3,1,0,2,2.0,CLEAR,1.0,DRY,N,5.0,LOCAL STREET,37.0,COLLISION WITH BICYCLIST,9.0,SINGLE VEHICLE,6.0,STRAIGHT & LEVEL,2.0,DAYLIGHT,,,N,18,40,2012-06-27 18:40:00,38.180916,-85.7697026,POINT (-85.7697026 38.180916),0
75493,71170793,LOUISVILLE METRO POLICE DEPT,8012051432,AC,56,,,KENTON,ST   ,E ,38.1982434,-85.7607983,0.043,6/28/2012,100005,,RANKIN,ST   ,,,,,,,2,1,0,0,2.0,CLEAR,1.0,DRY,N,5.0,LOCAL STREET,2.0,COLLISION WITH BICYCLE,9.0,SINGLE VEHICLE,6.0,STRAIGHT & LEVEL,2.0,DAYLIGHT,,,N,10,00,2012-06-28 10:00:00,38.1982434,-85.7607983,POINT (-85.7607983 38.1982434),0
75706,71172620,LOUISVILLE METRO POLICE DEPT,8012051684,AC,56,KY2251  ,,BARDSTOWN,RD   ,,38.2001838,-85.6624557,1.191,6/29/2012,1500,US0031E ,BUECHEL,BYP  ,,,,,,,2,1,0,0,2.0,CLEAR,1.0,DRY,Y,7.0,STATE,2.0,COLLISION WITH BICYCLE,9.0,SINGLE VEHICLE,6.0,STRAIGHT & LEVEL,2.0,DAYLIGHT,,,N,15,00,2012-06-29 15:00:00,38.2001838,-85.6624557,POINT (-85.6624557 38.2001838),0
75741,71171844,LOUISVILLE METRO POLICE DEPT,8012051623,AC,56,US0150  ,,BROADWAY,,W ,38.2464515,-85.7633706,2.105,6/29/2012,1203,,7TH,ST   ,,,,,,,2,1,0,0,2.0,CLEAR,1.0,DRY,Y,2.0,FEDERAL,2.0,COLLISION WITH BICYCLE,9.0,SINGLE VEHICLE,3.0,CURVE & LEVEL,2.0,DAYLIGHT,,,N,12,03,2012-06-29 12:03:00,38.2464515,-85.7633706,POINT (-85.7633706 38.2464515),0
75809,559494,LOUISVILLE METRO POLICE DEPT,8012052840,AC,56,US0031  ,,BARDSTOWN,,,38.217016667,-85.683366667,,7/3/2012,1735,,,,,TRAVILLIAN,WAY  ,,LAKESIDE,DR   ,2,1,0,1,2.0,CLEAR,1.0,DRY,N,2.0,FEDERAL,37.0,COLLISION WITH BICYCLIST,9.0,SINGLE VEHICLE,6.0,STRAIGHT & LEVEL,2.0,DAYLIGHT,,,,17,35,2012-07-03 17:35:00,38.217016667,-85.683366667,POINT (-85.683366667 38.217016667),0
76070,1816614,LOUISVILLE METRO POLICE DEPT,8012068499,AC,56,,,SHELBYVILLE,RD   ,,38.2452,-85.559183333,,8/27/2012,1745,,MOSER,RD   ,,,,,,,2,1,0,1,3.0,CLOUDY,1.0,DRY,N,5.0,LOCAL STREET,2.0,COLLISION WITH BICYCLE,1.0,ANGLE,6.0,STRAIGHT & LEVEL,2.0,DAYLIGHT,,,,17,45,2012-08-27 17:45:00,38.2452,-85.559183333,POINT (-85.55918333299999 38.2452),0
76136,1925394,LOUISVILLE METRO POLICE DEPT,8012065990,AC,56,,,36TH,ST   ,,38.2479,-85.81095,,8/18/2012,1955,,DOERHOEFER,,,,,,,,2,1,0,1,2.0,CLEAR,1.0,DRY,N,5.0,LOCAL STREET,2.0,COLLISION WITH BICYCLE,1.0,ANGLE,6.0,STRAIGHT & LEVEL,2.0,DAYLIGHT,,,,19,55,2012-08-18 19:55:00,38.2479,-85.81095,POINT (-85.81095000000001 38.2479),0
76261,1952002,LOUISVILLE METRO POLICE DEPT,8012054981,AC,56,,,7TH STREET,RD   ,,38.219583333,-85.77175,,7/11/2012,1640,,INDUSTRY,RD   ,,,,,,,2,1,0,1,2.0,CLEAR,1.0,DRY,N,5.0,LOCAL STREET,2.0,COLLISION WITH BICYCLE,1.0,ANGLE,6.0,STRAIGHT & LEVEL,2.0,DAYLIGHT,,,,16,40,2012-07-11 16:40:00,38.219583333,-85.77175,POINT (-85.77175 38.219583333),0
76268,1954056,LOUISVILLE METRO POLICE DEPT,8012076296,AC,56,,,POINSETTIA,DR   ,,38.138,-85.85725,,9/24/2012,1831,,,,,AZALEA,LN   ,,JESSAMINE,DR   ,2,1,0,1,2.0,CLEAR,1.0,DRY,N,5.0,LOCAL STREET,37.0,COLLISION WITH BICYCLIST,1.0,ANGLE,6.0,STRAIGHT & LEVEL,2.0,DAYLIGHT,,,,18,31,2012-09-24 18:31:00,38.138,-85.85725,POINT (-85.85724999999999 38.138),0
76272,1959986,LOUISVILLE METRO POLICE DEPT,8012067992,AC,56,,,40TH,ST   ,,38.201666667,-85.536666667,,8/25/2012,2030,,KENTUCKY,ST   ,,,,,,,2,1,0,1,2.0,CLEAR,1.0,DRY,N,5.0,LOCAL STREET,2.0,COLLISION WITH BICYCLE,1.0,ANGLE,6.0,STRAIGHT & LEVEL,3.0,DUSK,,,,20,30,2012-08-25 20:30:00,38.201666667,-85.536666667,POINT (-85.53666666700001 38.201666667),0
76282,1951103,LOUISVILLE METRO POLICE DEPT,8012070216,AC,56,,,CECIL,AVE  ,,38.251666667,-85.82,,9/2/2012,1653,,ELLIOTT,AVE  ,,,,,,,2,1,0,1,2.0,CLEAR,1.0,DRY,N,5.0,LOCAL STREET,2.0,COLLISION WITH BICYCLE,1.0,ANGLE,6.0,STRAIGHT & LEVEL,2.0,DAYLIGHT,,,,16,53,2012-09-02 16:53:00,38.251666667,-85.82,POINT (-85.81999999999999 38.251666667),0
76460,71172228,LOUISVILLE METRO POLICE DEPT,8012052891,AC,56,US0031E ,,MARKET,ST   ,W ,38.2549492,-85.7535902,17.8,7/3/2012,2015,KY1020  ,2ND,ST   ,,,,,,,2,1,0,1,2.0,CLEAR,1.0,DRY,N,2.0,FEDERAL,2.0,COLLISION WITH BICYCLE,9.0,SINGLE VEHICLE,6.0,STRAIGHT & LEVEL,3.0,DUSK,,,N,20,15,2012-07-03 20:15:00,38.2549492,-85.7535902,POINT (-85.7535902 38.2549492),0
76557,71172752,LOUISVILLE METRO POLICE DEPT,8012053577,AC,56,,,MANNER DALE,DR   ,,38.2025698,-85.6223878,0.001,7/6/2012,1103,KY1932  ,BRECKENRIDGE,LN   ,,,,,,,2,1,0,0,2.0,CLEAR,1.0,DRY,N,5.0,LOCAL STREET,2.0,COLLISION WITH BICYCLE,9.0,SINGLE VEHICLE,6.0,STRAIGHT & LEVEL,2.0,DAYLIGHT,,,N,11,03,2012-07-06 11:03:00,38.2025698,-85.6223878,POINT (-85.6223878 38.2025698),0
76623,71173392,LOUISVILLE METRO POLICE DEPT,8012053497,AC,56,,,MUHAMMAD ALI,BLVD ,W ,38.2524461,-85.7690858,0.91,7/5/2012,2338,,11TH,ST   ,,,,,,,2,1,0,1,2.0,CLEAR,1.0,DRY,N,5.0,LOCAL STREET,2.0,COLLISION WITH BICYCLE,9.0,SINGLE VEHICLE,6.0,STRAIGHT & LEVEL,5.0,DARK-HWY LIGHTED/ON,,,N,23,38,2012-07-05 23:38:00,38.2524461,-85.7690858,POINT (-85.7690858 38.2524461),0
76705,71174030,LOUISVILLE METRO POLICE DEPT,8012054322,AC,56,,,PRINCETON,DR   ,,38.2251652,-85.6952648,0.001,7/9/2012,1155,US0031E ,BARDSTOWN,RD   ,,,,,,,2,1,0,1,3.0,CLOUDY,1.0,DRY,N,5.0,LOCAL STREET,2.0,COLLISION WITH BICYCLE,9.0,SINGLE VEHICLE,6.0,STRAIGHT & LEVEL,2.0,DAYLIGHT,,,N,11,55,2012-07-09 11:55:00,38.2251652,-85.6952648,POINT (-85.6952648 38.2251652),0
76803,71174045,LOUISVILLE METRO POLICE DEPT,8012054431,AC,56,KY1020  ,,2ND,ST   ,S ,38.2468082,-85.7548792,12.165,7/9/2012,1810,,,,,CHESTNUT,ST   ,US0150,BROADWAY,,2,1,0,0,2.0,CLEAR,1.0,DRY,N,7.0,STATE,37.0,COLLISION WITH BICYCLIST,9.0,SINGLE VEHICLE,6.0,STRAIGHT & LEVEL,2.0,DAYLIGHT,,,N,18,10,2012-07-09 18:10:00,38.2468082,-85.7548792,POINT (-85.7548792 38.2468082),0
77004,71175141,LOUISVILLE METRO POLICE DEPT,8012055260,AC,56,,,DENA,DR   ,,38.1919257,-85.8020252,0.088,7/12/2012,1455,,,,,,,,,,2,1,0,1,2.0,CLEAR,1.0,DRY,N,5.0,LOCAL STREET,37.0,COLLISION WITH BICYCLIST,9.0,SINGLE VEHICLE,6.0,STRAIGHT & LEVEL,2.0,DAYLIGHT,,,N,14,55,2012-07-12 14:55:00,38.1919257,-85.8020252,POINT (-85.8020252 38.1919257),0
77221,71176195,LOUISVILLE METRO POLICE DEPT,8012056193,AC,56,KY0061  ,,JACKSON,ST   ,S ,38.2419605,-85.7461425,12.067,7/15/2012,1851,,LAMPTON,ST   ,,,,,,,2,1,0,1,2.0,CLEAR,1.0,DRY,N,7.0,STATE,2.0,COLLISION WITH BICYCLE,9.0,SINGLE VEHICLE,6.0,STRAIGHT & LEVEL,2.0,DAYLIGHT,,,N,18,51,2012-07-15 18:51:00,38.2419605,-85.7461425,POINT (-85.7461425 38.2419605),0
77336,71177165,LOUISVILLE METRO POLICE DEPT,8012055701,AC,56,US0150  ,,22ND,ST   ,N ,38.2624011,-85.7859004,0.57,7/13/2012,1051,,,,,DUNCAN,ST   ,,COLUMBIA,ST   ,2,1,0,1,2.0,CLEAR,1.0,DRY,Y,2.0,FEDERAL,37.0,COLLISION WITH BICYCLIST,9.0,SINGLE VEHICLE,6.0,STRAIGHT & LEVEL,5.0,DARK-HWY LIGHTED/ON,,,N,10,51,2012-07-13 10:51:00,38.2624011,-85.7859004,POINT (-85.7859004 38.2624011),0
77409,71177260,LOUISVILLE METRO POLICE DEPT,8012056823,AC,56,,,NORTHWESTERN,PKWY ,,38.2747671,-85.7922321,1.366,7/17/2012,2040,,,,,,,,,,2,1,0,0,2.0,CLEAR,1.0,DRY,N,5.0,LOCAL STREET,37.0,COLLISION WITH BICYCLIST,9.0,SINGLE VEHICLE,6.0,STRAIGHT & LEVEL,2.0,DAYLIGHT,,,N,20,40,2012-07-17 20:40:00,38.2747671,-85.7922321,POINT (-85.79223210000001 38.2747671),0
77827,71179103,LOUISVILLE METRO POLICE DEPT,8012058368,AC,56,US0031E ,,BARDSTOWN,RD   ,,38.2387768,-85.7215351,15.464,7/23/2012,1153,,,,,GRINSTEAD,DR   ,KY1703,BAXTER,AVE  ,2,1,0,1,2.0,CLEAR,1.0,DRY,N,2.0,FEDERAL,37.0,COLLISION WITH BICYCLIST,9.0,SINGLE VEHICLE,6.0,STRAIGHT & LEVEL,2.0,DAYLIGHT,,,N,11,53,2012-07-23 11:53:00,38.2387768,-85.7215351,POINT (-85.7215351 38.2387768),0
77980,71179829,LOUISVILLE METRO POLICE DEPT,8012058782,AC,56,,,MEADE,AVE  ,,38.210443,-85.7273398,0.085,7/24/2012,1825,,ENGLISH,AVE  ,,,,,,,2,1,0,1,3.0,CLOUDY,1.0,DRY,N,5.0,LOCAL STREET,2.0,COLLISION WITH BICYCLE,9.0,SINGLE VEHICLE,6.0,STRAIGHT & LEVEL,2.0,DAYLIGHT,,,N,18,25,2012-07-24 18:25:00,38.210443,-85.7273398,POINT (-85.7273398 38.210443),0
78006,71180197,LOUISVILLE METRO POLICE DEPT,8012058967,AC,56,,,GOLDSMITH,LN   ,,38.2084517,-85.6526874,0.262,7/25/2012,1205,,,,,RIO RITA,AVE  ,,DELL BROOKE,AVE  ,2,1,0,1,2.0,CLEAR,1.0,DRY,N,5.0,LOCAL STREET,37.0,COLLISION WITH BICYCLIST,9.0,SINGLE VEHICLE,6.0,STRAIGHT & LEVEL,2.0,DAYLIGHT,,,N,12,05,2012-07-25 12:05:00,38.2084517,-85.6526874,POINT (-85.6526874 38.2084517),0
78018,71180221,LOUISVILLE METRO POLICE DEPT,8012059099,AC,56,,,BROWNS,LN   ,,38.2303465,-85.6249668,1.972,7/25/2012,1835,,LYNNBROOK,DR   ,,,,,,,2,1,0,1,2.0,CLEAR,1.0,DRY,N,1.0,COUNTY ROAD,2.0,COLLISION WITH BICYCLE,9.0,SINGLE VEHICLE,6.0,STRAIGHT & LEVEL,2.0,DAYLIGHT,,,N,18,35,2012-07-25 18:35:00,38.2303465,-85.6249668,POINT (-85.6249668 38.2303465),0
78113,71180832,LOUISVILLE METRO POLICE DEPT,8012059537,AC,56,US0031W ,,DR W J HODGE,ST   ,,38.2520777,-85.7860228,19.851,7/27/2012,1100,,CHESTNUT,ST   ,,,,,,,2,1,0,1,2.0,CLEAR,1.0,DRY,N,2.0,FEDERAL,2.0,COLLISION WITH BICYCLE,9.0,SINGLE VEHICLE,6.0,STRAIGHT & LEVEL,2.0,DAYLIGHT,,,N,11,00,2012-07-27 11:00:00,38.2520777,-85.7860228,POINT (-85.7860228 38.2520777),0
78180,71181365,LOUISVILLE METRO POLICE DEPT,8012055530,AC,56,US0031W ,,2ND,ST   ,S ,38.2548491,-85.7535754,22.037,7/13/2012,1258,US0031E ,MARKET,ST   ,,,,,,,2,1,0,0,2.0,CLEAR,1.0,DRY,N,2.0,FEDERAL,2.0,COLLISION WITH BICYCLE,9.0,SINGLE VEHICLE,6.0,STRAIGHT & LEVEL,2.0,DAYLIGHT,,,N,12,58,2012-07-13 12:58:00,38.2548491,-85.7535754,POINT (-85.7535754 38.2548491),0
78215,71181506,LOUISVILLE METRO POLICE DEPT,8012059724,AC,56,KY1020  ,,3RD,ST   ,S ,38.2137362,-85.7622841,9.868,7/27/2012,2121,US0060A ,EASTERN,PKWY ,,,,,,,2,1,0,1,6.0,RAINING,5.0,WET,Y,7.0,STATE,2.0,COLLISION WITH BICYCLE,9.0,SINGLE VEHICLE,6.0,STRAIGHT & LEVEL,5.0,DARK-HWY LIGHTED/ON,,,N,21,21,2012-07-27 21:21:00,38.2137362,-85.7622841,POINT (-85.7622841 38.2137362),0
78380,71182077,LOUISVILLE METRO POLICE DEPT,8012060358,AC,56,KY2054  ,,ALGONQUIN,PKWY ,,38.2200231,-85.7773392,2.522,7/30/2012,1345,,7TH,ST   ,,,,,,,2,1,0,1,3.0,CLOUDY,1.0,DRY,N,7.0,STATE,2.0,COLLISION WITH BICYCLE,9.0,SINGLE VEHICLE,6.0,STRAIGHT & LEVEL,2.0,DAYLIGHT,,,N,13,45,2012-07-30 13:45:00,38.2200231,-85.7773392,POINT (-85.7773392 38.2200231),0
78435,71182134,LOUISVILLE METRO POLICE DEPT,8012060401,AC,56,US0031W ,,MARKET,ST   ,W ,38.2554281,-85.7590292,21.722,7/30/2012,1605,,,,,5TH,ST   ,,6TH,ST   ,2,1,0,1,2.0,CLEAR,1.0,DRY,N,2.0,FEDERAL,37.0,COLLISION WITH BICYCLIST,9.0,SINGLE VEHICLE,6.0,STRAIGHT & LEVEL,2.0,DAYLIGHT,,,N,16,05,2012-07-30 16:05:00,38.2554281,-85.7590292,POINT (-85.7590292 38.2554281),0
78469,71182546,LOUISVILLE METRO POLICE DEPT,8012060718,AC,56,KY1020  ,,2ND,ST   ,S ,38.2455781,-85.7549697,12.085,7/31/2012,1715,,,,,JACOB,ST   ,US0150,BROADWAY,,2,1,0,1,2.0,CLEAR,1.0,DRY,N,7.0,STATE,37.0,COLLISION WITH BICYCLIST,9.0,SINGLE VEHICLE,6.0,STRAIGHT & LEVEL,2.0,DAYLIGHT,,,N,17,15,2012-07-31 17:15:00,38.2455781,-85.7549697,POINT (-85.7549697 38.2455781),0
78724,71184175,LOUISVILLE METRO POLICE DEPT,8012061861,AC,56,KY1931  ,,GREENWOOD,RD   ,,38.1445402,-85.8642844,1.798,8/4/2012,1429,,COLUMBINE,DR   ,,,,,,,2,1,0,1,2.0,CLEAR,1.0,DRY,N,7.0,STATE,2.0,COLLISION WITH BICYCLE,9.0,SINGLE VEHICLE,6.0,STRAIGHT & LEVEL,2.0,DAYLIGHT,,,N,14,29,2012-08-04 14:29:00,38.1445402,-85.8642844,POINT (-85.8642844 38.1445402),0
78725,71184176,LOUISVILLE METRO POLICE DEPT,8012061872,AC,56,,,4TH,ST   ,S ,38.2051376,-85.7655794,3.588,8/4/2012,1457,,CENTRAL,AVE  ,,,,,,,2,1,0,1,2.0,CLEAR,1.0,DRY,N,5.0,LOCAL STREET,2.0,COLLISION WITH BICYCLE,9.0,SINGLE VEHICLE,6.0,STRAIGHT & LEVEL,2.0,DAYLIGHT,,,N,14,57,2012-08-04 14:57:00,38.2051376,-85.7655794,POINT (-85.76557939999999 38.2051376),0
78790,71184730,LOUISVILLE METRO POLICE DEPT,8012062483,AC,56,,,PEE WEE REESE,RD   ,,38.246015,-85.665699,2.065,8/6/2012,1900,,,,,ROCK CREEK,DR   ,KY2048,CANNONS,LN   ,2,1,0,1,2.0,CLEAR,1.0,DRY,N,5.0,LOCAL STREET,37.0,COLLISION WITH BICYCLIST,9.0,SINGLE VEHICLE,6.0,STRAIGHT & LEVEL,2.0,DAYLIGHT,,,N,19,00,2012-08-06 19:00:00,38.246015,-85.665699,POINT (-85.665699 38.246015),0
78826,71184712,LOUISVILLE METRO POLICE DEPT,8012062387,AC,56,,,CHAMBERLAIN,LN   ,,38.3092066,-85.5600538,3.399,8/6/2012,1435,,,,,,,,,,2,1,0,1,2.0,CLEAR,1.0,DRY,N,1.0,COUNTY ROAD,37.0,COLLISION WITH BICYCLIST,9.0,SINGLE VEHICLE,6.0,STRAIGHT & LEVEL,2.0,DAYLIGHT,,,N,14,35,2012-08-06 14:35:00,38.3092066,-85.5600538,POINT (-85.56005380000001 38.3092066),0
78979,71185729,LOUISVILLE METRO POLICE DEPT,8012061866,AC,56,KY0061  ,,PRESTON,ST   ,S ,38.2407961,-85.7483218,12.055,8/4/2012,1400,,,,,,,,,,2,1,0,1,2.0,CLEAR,1.0,DRY,N,7.0,STATE,37.0,COLLISION WITH BICYCLIST,9.0,SINGLE VEHICLE,6.0,STRAIGHT & LEVEL,2.0,DAYLIGHT,,,N,14,00,2012-08-04 14:00:00,38.2407961,-85.7483218,POINT (-85.7483218 38.2407961),0
79116,71187020,LOUISVILLE METRO POLICE DEPT,8012058189,AC,56,,,COLUMBIA,AVE  ,,38.1508045,-85.8479443,0.25,7/22/2012,1546,,KENTUCKY,AVE  ,,,,,,,2,1,0,1,2.0,CLEAR,1.0,DRY,N,1.0,COUNTY ROAD,2.0,COLLISION WITH BICYCLE,9.0,SINGLE VEHICLE,6.0,STRAIGHT & LEVEL,2.0,DAYLIGHT,,,N,15,46,2012-07-22 15:46:00,38.1508045,-85.8479443,POINT (-85.84794429999999 38.1508045),0
79229,71187248,LOUISVILLE METRO POLICE DEPT,8012063959,AC,56,,,DIXIE,HWY  ,,38.2489611,-85.7820492,0.005,8/11/2012,1900,US0150  ,BROADWAY,,,,,,,,2,1,0,1,2.0,CLEAR,1.0,DRY,N,5.0,LOCAL STREET,2.0,COLLISION WITH BICYCLE,9.0,SINGLE VEHICLE,6.0,STRAIGHT & LEVEL,2.0,DAYLIGHT,,,N,19,00,2012-08-11 19:00:00,38.2489611,-85.7820492,POINT (-85.7820492 38.2489611),0
79468,71188552,LOUISVILLE METRO POLICE DEPT,8012065081,AC,56,US0031E ,,MARKET,ST   ,W ,38.2549938,-85.7532875,17.774,8/15/2012,1718,US0031W ,2ND,ST   ,,,,,,,2,1,0,1,2.0,CLEAR,1.0,DRY,N,2.0,FEDERAL,2.0,COLLISION WITH BICYCLE,9.0,SINGLE VEHICLE,6.0,STRAIGHT & LEVEL,2.0,DAYLIGHT,,,N,17,18,2012-08-15 17:18:00,38.2549938,-85.7532875,POINT (-85.7532875 38.2549938),0
79700,71189527,LOUISVILLE METRO POLICE DEPT,8012065965,AC,56,,5022.0,LESABRE,DR   ,,38.1662013,-85.8255786,0.04,8/18/2012,1700,,,,,,,,,,2,1,0,0,2.0,CLEAR,1.0,DRY,N,5.0,LOCAL STREET,37.0,COLLISION WITH BICYCLIST,9.0,SINGLE VEHICLE,6.0,STRAIGHT & LEVEL,2.0,DAYLIGHT,,,N,17,00,2012-08-18 17:00:00,38.1662013,-85.8255786,POINT (-85.8255786 38.1662013),0
80118,71191490,LOUISVILLE METRO POLICE DEPT,8012067542,AC,56,US0042  ,,BROWNSBORO,RD   ,,38.258421,-85.7003631,1.935,8/24/2012,0816,,IDLEWYLDE,DR   ,,,,,,,2,1,0,1,2.0,CLEAR,1.0,DRY,N,2.0,FEDERAL,2.0,COLLISION WITH BICYCLE,9.0,SINGLE VEHICLE,6.0,STRAIGHT & LEVEL,2.0,DAYLIGHT,,,N,08,16,2012-08-24 08:16:00,38.258421,-85.7003631,POINT (-85.7003631 38.258421),0
80143,71192119,LOUISVILLE METRO POLICE DEPT,8012065689,AC,56,,,GOLDSMITH,LN   ,,38.2064035,-85.6727827,0.806,8/17/2012,1755,,,,,BELMONT,RD   ,,SUMNER,RD   ,2,1,0,1,2.0,CLEAR,1.0,DRY,N,5.0,LOCAL STREET,37.0,COLLISION WITH BICYCLIST,9.0,SINGLE VEHICLE,6.0,STRAIGHT & LEVEL,2.0,DAYLIGHT,,,N,17,55,2012-08-17 17:55:00,38.2064035,-85.6727827,POINT (-85.6727827 38.2064035),0
80171,71191623,SHIVELY POLICE DEPARTMENT,0412001460,AC,56,US0031W ,,DIXIE,HWY  ,,38.1923028,-85.8079149,15.361,7/30/2012,1553,,,,,CRUMS,LN   ,US0060A,7TH STREET,RD   ,2,1,0,1,2.0,CLEAR,1.0,DRY,N,2.0,FEDERAL,37.0,COLLISION WITH BICYCLIST,9.0,SINGLE VEHICLE,6.0,STRAIGHT & LEVEL,2.0,DAYLIGHT,,,N,15,53,2012-07-30 15:53:00,38.1923028,-85.8079149,POINT (-85.8079149 38.1923028),0
80192,71192126,LOUISVILLE METRO POLICE DEPT,8012066648,AC,56,US0031E ,,BAXTER,AVE  ,,38.2402621,-85.7242726,15.653,8/21/2012,0920,,HIGHLAND,AVE  ,,,,,,,2,1,0,1,2.0,CLEAR,1.0,DRY,N,2.0,FEDERAL,2.0,COLLISION WITH BICYCLE,9.0,SINGLE VEHICLE,6.0,STRAIGHT & LEVEL,2.0,DAYLIGHT,,,N,09,20,2012-08-21 09:20:00,38.2402621,-85.7242726,POINT (-85.72427260000001 38.2402621),0
80219,71192244,LOUISVILLE METRO POLICE DEPT,8012067718,AC,56,KY3064  ,,PORTLAND,AVE  ,,38.2717248,-85.7918435,0.557,8/24/2012,1828,,,,,,,,,,2,1,0,1,2.0,CLEAR,1.0,DRY,N,7.0,STATE,37.0,COLLISION WITH BICYCLIST,9.0,SINGLE VEHICLE,6.0,STRAIGHT & LEVEL,2.0,DAYLIGHT,,,N,18,28,2012-08-24 18:28:00,38.2717248,-85.7918435,POINT (-85.7918435 38.2717248),0
80225,71192256,LOUISVILLE METRO POLICE DEPT,8012067798,AC,56,,2700.0,CEDAR,ST   ,,38.2567497,-85.7957937,1.208,8/25/2012,0022,,,,,,,,,,2,1,0,0,2.0,CLEAR,1.0,DRY,N,5.0,LOCAL STREET,37.0,COLLISION WITH BICYCLIST,9.0,SINGLE VEHICLE,6.0,STRAIGHT & LEVEL,5.0,DARK-HWY LIGHTED/ON,,,N,00,22,2012-08-25 00:22:00,38.2567497,-85.7957937,POINT (-85.7957937 38.2567497),0
80275,71192264,LOUISVILLE METRO POLICE DEPT,8012067838,AC,56,,,2ND,ST   ,S ,38.2034347,-85.7631976,2.253,8/25/2012,0905,,CENTRAL STATION,BLVD ,,,,,,,2,1,0,1,2.0,CLEAR,1.0,DRY,N,5.0,LOCAL STREET,2.0,COLLISION WITH BICYCLE,9.0,SINGLE VEHICLE,6.0,STRAIGHT & LEVEL,2.0,DAYLIGHT,,,N,09,05,2012-08-25 09:05:00,38.2034347,-85.7631976,POINT (-85.7631976 38.2034347),0
80444,71193203,LOUISVILLE METRO POLICE DEPT,8012068767,AC,56,,,TRAPPERS,TRL  ,,38.2033976,-85.8321425,0.009,8/28/2012,1518,KY1934  ,CANE RUN,RD   ,,,,,,,2,1,0,1,2.0,CLEAR,1.0,DRY,N,5.0,LOCAL STREET,2.0,COLLISION WITH BICYCLE,9.0,SINGLE VEHICLE,6.0,STRAIGHT & LEVEL,2.0,DAYLIGHT,,,N,15,18,2012-08-28 15:18:00,38.2033976,-85.8321425,POINT (-85.8321425 38.2033976),0
80660,71194002,LOUISVILLE METRO POLICE DEPT,8012069130,AC,56,US0150  ,,BROADWAY,,E ,38.2453271,-85.7474973,2.97,8/29/2012,1850,KY0061  ,PRESTON,ST   ,,,,,,,2,1,0,1,2.0,CLEAR,1.0,DRY,N,2.0,FEDERAL,2.0,COLLISION WITH BICYCLE,9.0,SINGLE VEHICLE,6.0,STRAIGHT & LEVEL,3.0,DUSK,,,N,18,50,2012-08-29 18:50:00,38.2453271,-85.7474973,POINT (-85.74749730000001 38.2453271),0
80858,71195420,LOUISVILLE METRO POLICE DEPT,8012069870,AC,56,,,ZORN,AVE  ,,38.2666184,-85.6906418,0.873,9/1/2012,0830,,CLEVELAND,BLVD ,,,,,,,2,1,0,1,3.0,CLOUDY,1.0,DRY,N,5.0,LOCAL STREET,2.0,COLLISION WITH BICYCLE,9.0,SINGLE VEHICLE,4.0,STRAIGHT & GRADE,2.0,DAYLIGHT,,,N,08,30,2012-09-01 08:30:00,38.2666184,-85.6906418,POINT (-85.69064179999999 38.2666184),0