,MASTER FILE NUMBER,INVESTIGATING AGENCY,LOCAL CODE,COLLISION STATUS CODE,COUNTY NAME,ROADWAY NUMBER,BLOCK/HOUSE #,ROADWAY NAME,ROADWAY SUFFIX,ROADWAY DIRECTION CODE,GPS LATITUDE DECIMAL,GPS LONGITUDE DECIMAL,MILEPOINT DERIVED,COLLISION DATE,COLLISION TIME,INTERSECTION ROADWAY #,INTERSECTION ROADWAY NAME,INTERSECTION ROADWAY SFX,BETWEEN STREET ROADWAY # 1,BETWEEN STREET ROADWAY NAME 1,BETWEEN STREET ROADWAY SFX 1,BETWEEN STREET ROADWAY # 2,BETWEEN STREET ROADWAY NAME 2,BETWEEN STREET ROADWAY SFX 2,UNITS INVOLVED,MOTOR VEHICLES INVOLVED,KILLED,INJURED,WEATHER CODE,WEATHER,ROADWAY CONDITION CODE,ROADWAY CONDITION,HIT & RUN INDICATOR,ROADWAY TYPE CODE,ROADWAY TYPE,DIRECTIONAL ANALYSIS CODE,DIRECTIONAL ANALYSIS,MANNER OF COLLISION CODE,MANNER OF COLLISION,ROADWAY CHARACTER CODE,ROADWAY CHARACTER,LIGHT CONDITION CODE,LIGHT CONDITION,RAMP FROM ROADWAY ID,RAMP TO ROADWAY ID,SECONDARY COLLISION INDICATOR,hour,minute,Date,Latitude,Longitude,geometry,index_right
81106,71196601,LOUISVILLE METRO POLICE DEPT,8012071017,AC,56,US0031W ,,DIXIE,HWY  ,,38.0823887,-85.8816424,6.713,9/5/2012,1516,,ORELL,RD   ,,,,,,,2,1,0,1,3.0,CLOUDY,1.0,DRY,N,2.0,FEDERAL,2.0,COLLISION WITH BICYCLE,9.0,SINGLE VEHICLE,6.0,STRAIGHT & LEVEL,2.0,DAYLIGHT,,,N,15,16,2012-09-05 15:16:00,38.0823887,-85.8816424,POINT (-85.8816424 38.0823887),0
81127,71196550,LOUISVILLE METRO POLICE DEPT,8012070714,AC,56,US0060A ,,BERRY,BLVD ,,38.19662,-85.7987078,0.609,9/4/2012,1545,,,,,,,,,,2,1,0,1,2.0,CLEAR,1.0,DRY,N,2.0,FEDERAL,37.0,COLLISION WITH BICYCLIST,9.0,SINGLE VEHICLE,6.0,STRAIGHT & LEVEL,2.0,DAYLIGHT,,,N,15,45,2012-09-04 15:45:00,38.19662,-85.7987078,POINT (-85.7987078 38.19662),0
81246,71197021,LOUISVILLE METRO POLICE DEPT,8012071294,AC,56,,5913.0,BAY HARBOR,DR   ,,38.1726035,-85.6391492,0.402,9/6/2012,1627,,,,,,,,,,2,1,0,1,2.0,CLEAR,1.0,DRY,N,1.0,COUNTY ROAD,37.0,COLLISION WITH BICYCLIST,9.0,SINGLE VEHICLE,6.0,STRAIGHT & LEVEL,2.0,DAYLIGHT,,,N,16,27,2012-09-06 16:27:00,38.1726035,-85.6391492,POINT (-85.63914920000001 38.1726035),0
81250,71197031,LOUISVILLE METRO POLICE DEPT,8012071317,AC,56,I 0264  ,,,,,38.2407888,-85.8165066,0.23,9/6/2012,100000,,HALE,AVE  ,,,,,,,2,1,0,1,2.0,CLEAR,1.0,DRY,N,4.0,INTERSTATE,2.0,COLLISION WITH BICYCLE,9.0,SINGLE VEHICLE,3.0,CURVE & LEVEL,2.0,DAYLIGHT,,,N,10,00,2012-09-06 10:00:00,38.2407888,-85.8165066,POINT (-85.8165066 38.2407888),0
81657,71199076,LOUISVILLE METRO POLICE DEPT,8012072583,AC,56,US0031E ,,BARDSTOWN,RD   ,,38.2118428,-85.6716002,12.09,9/11/2012,1302,I 0264  ,I264 W EXIT16 OFF RAMP TO US31E N,,,,,,,,2,1,0,1,2.0,CLEAR,1.0,DRY,N,2.0,FEDERAL,2.0,COLLISION WITH BICYCLE,9.0,SINGLE VEHICLE,6.0,STRAIGHT & LEVEL,2.0,DAYLIGHT,,,N,13,02,2012-09-11 13:02:00,38.2118428,-85.6716002,POINT (-85.6716002 38.2118428),0
81679,71199301,LOUISVILLE METRO POLICE DEPT,8012072921,AC,56,KY1065  ,,OUTER,LOOP ,,38.1382579,-85.6804451,6.405,9/12/2012,1453,,NOLTEMEYER WYNDE,,,,,,,,2,1,0,1,2.0,CLEAR,1.0,DRY,N,7.0,STATE,2.0,COLLISION WITH BICYCLE,9.0,SINGLE VEHICLE,6.0,STRAIGHT & LEVEL,2.0,DAYLIGHT,,,N,14,53,2012-09-12 14:53:00,38.1382579,-85.6804451,POINT (-85.6804451 38.1382579),0
81698,71198968,LOUISVILLE METRO POLICE DEPT,8012072698,AC,56,US0060  ,,FRANKFORT,AVE  ,,38.2547044,-85.6887878,1.712,9/11/2012,1908,,KENNEDY,AVE  ,,,,,,,2,1,0,0,2.0,CLEAR,1.0,DRY,N,2.0,FEDERAL,2.0,COLLISION WITH BICYCLE,9.0,SINGLE VEHICLE,6.0,STRAIGHT & LEVEL,2.0,DAYLIGHT,,,N,19,08,2012-09-11 19:08:00,38.2547044,-85.6887878,POINT (-85.6887878 38.2547044),0
81900,71200497,LOUISVILLE METRO POLICE DEPT,8012060885,AC,56,,,NORRIS,PL   ,,38.2269728,-85.708405,0.393,8/1/2012,1117,,DEERWOOD,AVE  ,,,,,,,2,1,0,1,2.0,CLEAR,1.0,DRY,Y,5.0,LOCAL STREET,2.0,COLLISION WITH BICYCLE,9.0,SINGLE VEHICLE,6.0,STRAIGHT & LEVEL,2.0,DAYLIGHT,,,N,11,17,2012-08-01 11:17:00,38.2269728,-85.708405,POINT (-85.708405 38.2269728),0
81909,71200512,LOUISVILLE METRO POLICE DEPT,8012073091,AC,56,KY0155  ,,TAYLORSVILLE,RD   ,,38.2231552,-85.672732,15.883,9/13/2012,0120,,GLADSTONE,AVE  ,,,,,,,2,1,0,1,2.0,CLEAR,1.0,DRY,N,7.0,STATE,2.0,COLLISION WITH BICYCLE,9.0,SINGLE VEHICLE,6.0,STRAIGHT & LEVEL,5.0,DARK-HWY LIGHTED/ON,,,N,01,20,2012-09-13 01:20:00,38.2231552,-85.672732,POINT (-85.672732 38.2231552),0
81987,71200572,LOUISVILLE METRO POLICE DEPT,8012073562,AC,56,US0031E ,,BARDSTOWN,RD   ,,38.2384156,-85.7210864,15.428,9/14/2012,1650,,GRINSTEAD,DR   ,,,,,,,2,1,0,1,3.0,CLOUDY,1.0,DRY,N,2.0,FEDERAL,2.0,COLLISION WITH BICYCLE,9.0,SINGLE VEHICLE,6.0,STRAIGHT & LEVEL,2.0,DAYLIGHT,,,N,16,50,2012-09-14 16:50:00,38.2384156,-85.7210864,POINT (-85.7210864 38.2384156),0
82285,71201727,LOUISVILLE METRO POLICE DEPT,8012074602,AC,56,US0042  ,,STORY,AVE  ,,38.2558466,-85.728299,0.256,9/18/2012,1528,,,,,,,,,,2,1,0,0,3.0,CLOUDY,1.0,DRY,N,2.0,FEDERAL,37.0,COLLISION WITH BICYCLIST,9.0,SINGLE VEHICLE,6.0,STRAIGHT & LEVEL,2.0,DAYLIGHT,,,N,15,28,2012-09-18 15:28:00,38.2558466,-85.728299,POINT (-85.72829900000001 38.2558466),0
82303,71201847,SHIVELY POLICE DEPARTMENT,0412001503,AC,56,US0031W ,,DIXIE,HWY  ,,38.1759532,-85.8214224,14.0,8/5/2012,1333,,GAGEL,AVE  ,,,,,,,2,1,0,1,2.0,CLEAR,1.0,DRY,N,2.0,FEDERAL,2.0,COLLISION WITH BICYCLE,9.0,SINGLE VEHICLE,6.0,STRAIGHT & LEVEL,2.0,DAYLIGHT,,,N,13,33,2012-08-05 13:33:00,38.1759532,-85.8214224,POINT (-85.8214224 38.1759532),0
82342,71202411,LOUISVILLE METRO POLICE DEPT,8012074927,AC,56,,,OAK,ST   ,W ,38.234812,-85.7560779,0.044,9/19/2012,1735,,,,,1ST,ST   ,KY1020,2ND,ST   ,2,1,0,1,2.0,CLEAR,1.0,DRY,Y,5.0,LOCAL STREET,37.0,COLLISION WITH BICYCLIST,9.0,SINGLE VEHICLE,6.0,STRAIGHT & LEVEL,2.0,DAYLIGHT,,,N,17,35,2012-09-19 17:35:00,38.234812,-85.7560779,POINT (-85.75607789999999 38.234812),0
82365,71202673,LOUISVILLE METRO POLICE DEPT,8012075096,AC,56,KY1447  ,,WESTPORT,RD   ,,38.2634858,-85.628924,1.678,9/20/2012,1020,,,,,AMBRIDGE,DR   ,,WALSER,RD   ,2,1,0,1,2.0,CLEAR,1.0,DRY,N,7.0,STATE,37.0,COLLISION WITH BICYCLIST,9.0,SINGLE VEHICLE,3.0,CURVE & LEVEL,2.0,DAYLIGHT,,,N,10,20,2012-09-20 10:20:00,38.2634858,-85.628924,POINT (-85.628924 38.2634858),0
82525,71203511,LOUISVILLE METRO POLICE DEPT,8012075169,AC,56,,,FLOYD,ST   ,S ,38.2467049,-85.7494595,0.624,9/15/2012,1100,,GRAY,ST   ,,,,,,,2,1,0,1,2.0,CLEAR,1.0,DRY,Y,5.0,LOCAL STREET,2.0,COLLISION WITH BICYCLE,9.0,SINGLE VEHICLE,6.0,STRAIGHT & LEVEL,2.0,DAYLIGHT,,,N,11,00,2012-09-15 11:00:00,38.2467049,-85.7494595,POINT (-85.7494595 38.2467049),0
82844,71205139,LOUISVILLE METRO POLICE DEPT,8012076635,AC,56,,,CLAY,ST   ,S ,38.2448319,-85.7415217,0.693,9/26/2012,0047,US0150  ,BROADWAY,,,,,,,,2,1,0,1,6.0,RAINING,5.0,WET,Y,5.0,LOCAL STREET,2.0,COLLISION WITH BICYCLE,9.0,SINGLE VEHICLE,6.0,STRAIGHT & LEVEL,5.0,DARK-HWY LIGHTED/ON,,,N,00,47,2012-09-26 00:47:00,38.2448319,-85.7415217,POINT (-85.74152170000001 38.2448319),0
83568,1184144,LOUISVILLE METRO POLICE DEPT,8012081667,AC,56,,,MUHAMMAD ALI,BLVD ,,38.255616667,-85.7535,,10/14/2012,0115,,3RD,ST   ,,,,,,,2,1,0,1,2.0,CLEAR,1.0,DRY,N,5.0,LOCAL STREET,2.0,COLLISION WITH BICYCLE,1.0,ANGLE,6.0,STRAIGHT & LEVEL,5.0,DARK-HWY LIGHTED/ON,,,,01,15,2012-10-14 01:15:00,38.255616667,-85.7535,POINT (-85.7535 38.255616667),0
83956,71208263,LOUISVILLE METRO POLICE DEPT,8012078628,AC,56,US0031E ,,BARDSTOWN,RD   ,,38.2384105,-85.7209814,15.423,10/3/2012,0618,,GRINSTEAD,DR   ,,,,,,,2,1,0,0,3.0,CLOUDY,1.0,DRY,N,2.0,FEDERAL,2.0,COLLISION WITH BICYCLE,9.0,SINGLE VEHICLE,6.0,STRAIGHT & LEVEL,5.0,DARK-HWY LIGHTED/ON,,,N,06,18,2012-10-03 06:18:00,38.2384105,-85.7209814,POINT (-85.7209814 38.2384105),0
84056,71208822,LOUISVILLE METRO POLICE DEPT,8012079039,AC,56,,,ST CATHERINE,ST   ,E ,38.2364834,-85.7512224,1.113,10/4/2012,1500,,,,,,,,,,2,1,0,1,2.0,CLEAR,1.0,DRY,N,5.0,LOCAL STREET,37.0,COLLISION WITH BICYCLIST,9.0,SINGLE VEHICLE,6.0,STRAIGHT & LEVEL,2.0,DAYLIGHT,,,N,15,00,2012-10-04 15:00:00,38.2364834,-85.7512224,POINT (-85.7512224 38.2364834),0
84113,71208932,LOUISVILLE METRO POLICE DEPT,8012079005,AC,56,KY1631  ,,CRITTENDEN,DR   ,,38.1905118,-85.7508036,0.179,10/4/2012,1310,,ADAIR,ST   ,,,,,,,2,1,0,1,2.0,CLEAR,1.0,DRY,N,7.0,STATE,2.0,COLLISION WITH BICYCLE,9.0,SINGLE VEHICLE,6.0,STRAIGHT & LEVEL,2.0,DAYLIGHT,,,N,13,10,2012-10-04 13:10:00,38.1905118,-85.7508036,POINT (-85.7508036 38.1905118),0
84213,71209608,LOUISVILLE METRO POLICE DEPT,8012079624,AC,56,KY2049  ,,CRUMS,LN   ,,38.1961731,-85.8298115,0.455,10/6/2012,1551,,MAE,AVE  ,,,,,,,2,1,0,1,2.0,CLEAR,1.0,DRY,N,7.0,STATE,2.0,COLLISION WITH BICYCLE,9.0,SINGLE VEHICLE,6.0,STRAIGHT & LEVEL,2.0,DAYLIGHT,,,N,15,51,2012-10-06 15:51:00,38.1961731,-85.8298115,POINT (-85.82981150000001 38.1961731),0
84370,71210282,LOUISVILLE METRO POLICE DEPT,8012080310,AC,56,US0031E ,,BARDSTOWN,RD   ,,38.2381775,-85.7205571,15.395,10/9/2012,000005,,,,,GRINSTEAD,DR   ,,ELLWOOD,AVE  ,2,1,0,1,2.0,CLEAR,1.0,DRY,N,2.0,FEDERAL,37.0,COLLISION WITH BICYCLIST,9.0,SINGLE VEHICLE,6.0,STRAIGHT & LEVEL,2.0,DAYLIGHT,,,N,00,00,2012-10-09 00:00:00,38.2381775,-85.7205571,POINT (-85.72055709999999 38.2381775),0
84927,71213075,LOUISVILLE METRO POLICE DEPT,8012081991,AC,56,,,JACOB,ST   ,W ,38.2443302,-85.7545984,0.04,10/15/2012,1223,,,,,,,,,,2,1,0,1,2.0,CLEAR,1.0,DRY,N,5.0,LOCAL STREET,37.0,COLLISION WITH BICYCLIST,9.0,SINGLE VEHICLE,6.0,STRAIGHT & LEVEL,2.0,DAYLIGHT,,,N,12,23,2012-10-15 12:23:00,38.2443302,-85.7545984,POINT (-85.75459840000001 38.2443302),0
85082,71213957,ST. MATTHEWS POLICE DEPARTMENT,0312002241,AC,56,KY0146  ,,NEW LA GRANGE,RD   ,,38.2524212,-85.6153355,0.236,10/18/2012,1107,,MARQUETTE,DR   ,,,,,,,2,1,0,1,2.0,CLEAR,1.0,DRY,N,7.0,STATE,2.0,COLLISION WITH BICYCLE,9.0,SINGLE VEHICLE,6.0,STRAIGHT & LEVEL,2.0,DAYLIGHT,,,N,11,07,2012-10-18 11:07:00,38.2524212,-85.6153355,POINT (-85.6153355 38.2524212),0
85264,71214824,SHIVELY POLICE DEPARTMENT,8012082536,AC,56,,,RALPH,AVE  ,,38.2065277,-85.8075591,0.442,10/17/2012,0750,,,,,FITZGERALD,RD   ,,RAMSER,AVE  ,2,1,0,1,2.0,CLEAR,1.0,DRY,Y,1.0,COUNTY ROAD,37.0,COLLISION WITH BICYCLIST,9.0,SINGLE VEHICLE,6.0,STRAIGHT & LEVEL,1.0,DAWN,,,N,07,50,2012-10-17 07:50:00,38.2065277,-85.8075591,POINT (-85.80755910000001 38.2065277),0
85787,71216938,SHIVELY POLICE DEPARTMENT,0412002138,AC,56,KY2051  ,,ROCKFORD,LN   ,,38.1754644,-85.8259201,0.152,10/25/2012,1814,,HILLSIDE,DR   ,,,,,,,2,1,0,1,2.0,CLEAR,1.0,DRY,N,7.0,STATE,2.0,COLLISION WITH BICYCLE,9.0,SINGLE VEHICLE,6.0,STRAIGHT & LEVEL,2.0,DAYLIGHT,,,N,18,14,2012-10-25 18:14:00,38.1754644,-85.8259201,POINT (-85.8259201 38.1754644),0
86112,71218313,LOUISVILLE METRO POLICE DEPT,8012085856,AC,56,,,VIRGINIA,AVE  ,,38.2404217,-85.8157829,1.107,10/27/2012,2227,I 0264  ,I264 E EXIT3 OFF RAMP TO HALE AVE,,,,,,,,2,1,0,1,2.0,CLEAR,1.0,DRY,N,5.0,LOCAL STREET,2.0,COLLISION WITH BICYCLE,9.0,SINGLE VEHICLE,3.0,CURVE & LEVEL,6.0,DARK-HWY NOT LIGHTED,,,N,22,27,2012-10-27 22:27:00,38.2404217,-85.8157829,POINT (-85.8157829 38.2404217),0
86292,71219247,LOUISVILLE METRO POLICE DEPT,8012086096,AC,56,,6700.0,GRADE,LN   ,,38.1512401,-85.7348288,2.576,10/25/2012,0453,,,,,,,,,,2,1,1,0,3.0,CLOUDY,1.0,DRY,Y,1.0,COUNTY ROAD,37.0,COLLISION WITH BICYCLIST,9.0,SINGLE VEHICLE,3.0,CURVE & LEVEL,6.0,DARK-HWY NOT LIGHTED,,,N,04,53,2012-10-25 04:53:00,38.1512401,-85.7348288,POINT (-85.7348288 38.1512401),0
86453,71220203,LOUISVILLE METRO POLICE DEPT,8012086821,AC,56,,,MARKET,ST   ,W ,38.2593387,-85.791772,0.293,10/31/2012,1556,,,,,,,,,,2,1,0,1,2.0,CLEAR,1.0,DRY,N,5.0,LOCAL STREET,37.0,COLLISION WITH BICYCLIST,9.0,SINGLE VEHICLE,6.0,STRAIGHT & LEVEL,2.0,DAYLIGHT,,,N,15,56,2012-10-31 15:56:00,38.2593387,-85.791772,POINT (-85.79177199999999 38.2593387),0
86563,71221041,SHIVELY POLICE DEPARTMENT,0412002206,AC,56,US0060A ,3820.0,7TH STREET,RD   ,,38.1956193,-85.8020241,0.398,11/2/2012,1213,,,,,,,,,,2,1,0,1,2.0,CLEAR,1.0,DRY,N,2.0,FEDERAL,37.0,COLLISION WITH BICYCLIST,9.0,SINGLE VEHICLE,6.0,STRAIGHT & LEVEL,2.0,DAYLIGHT,,,N,12,13,2012-11-02 12:13:00,38.1956193,-85.8020241,POINT (-85.8020241 38.1956193),0
87340,71225213,LOUISVILLE METRO POLICE DEPT,8012089916,AC,56,US0060A ,,TAYLOR,BLVD ,,38.1974352,-85.7828842,1.545,11/11/2012,2100,,SALE,AVE  ,,,,,,,2,1,0,1,2.0,CLEAR,1.0,DRY,N,2.0,FEDERAL,2.0,COLLISION WITH BICYCLE,9.0,SINGLE VEHICLE,6.0,STRAIGHT & LEVEL,3.0,DUSK,,,Y,21,00,2012-11-11 21:00:00,38.1974352,-85.7828842,POINT (-85.7828842 38.1974352),0
87683,71227189,LOUISVILLE METRO POLICE DEPT,8012091068,AC,56,,,LOWER HUNTERS,TRCE ,,38.1692694,-85.8742562,2.408,11/15/2012,00005,,CHRISTIAN RIDGE,CT   ,,,,,,,2,1,0,1,2.0,CLEAR,1.0,DRY,N,5.0,LOCAL STREET,2.0,COLLISION WITH BICYCLE,9.0,SINGLE VEHICLE,6.0,STRAIGHT & LEVEL,4.0,DARK-HWY LIGHTED/OFF,,,N,00,00,2012-11-15 00:00:00,38.1692694,-85.8742562,POINT (-85.8742562 38.1692694),0
89354,71235788,LOUISVILLE METRO POLICE DEPT,8012095731,AC,56,,,MONTANA,AVE  ,,38.2119909,-85.7677447,0.182,12/3/2012,1705,,6TH,ST   ,,,,,,,2,1,0,1,2.0,CLEAR,1.0,DRY,N,99.0,NONE OF THE ABOVE,2.0,COLLISION WITH BICYCLE,9.0,SINGLE VEHICLE,4.0,STRAIGHT & GRADE,1.0,DAWN,,,N,17,05,2012-12-03 17:05:00,38.2119909,-85.7677447,POINT (-85.76774469999999 38.2119909),0
89565,71237288,LOUISVILLE METRO POLICE DEPT,8012096821,AC,56,,,OAK,ST   ,W ,38.2378685,-85.7947395,2.161,12/6/2012,2000,,25TH,ST   ,,,,,,,2,1,0,1,6.0,RAINING,5.0,WET,Y,5.0,LOCAL STREET,2.0,COLLISION WITH BICYCLE,9.0,SINGLE VEHICLE,6.0,STRAIGHT & LEVEL,5.0,DARK-HWY LIGHTED/ON,,,N,20,00,2012-12-06 20:00:00,38.2378685,-85.7947395,POINT (-85.79473950000001 38.2378685),0
90611,71241703,LOUISVILLE METRO POLICE DEPT,8012100148,AC,56,KY1934  ,,CANE RUN,RD   ,,38.1844071,-85.8545621,7.781,12/18/2012,1539,,ROCKFORD,LN   ,,,,,,,2,1,0,1,2.0,CLEAR,1.0,DRY,N,7.0,STATE,2.0,COLLISION WITH BICYCLE,9.0,SINGLE VEHICLE,6.0,STRAIGHT & LEVEL,2.0,DAYLIGHT,,,N,15,39,2012-12-18 15:39:00,38.1844071,-85.8545621,POINT (-85.8545621 38.1844071),0
90645,71242108,LOUISVILLE METRO POLICE DEPT,8012100511,AC,56,US0031E ,,BAXTER,AVE  ,,38.2420857,-85.7257468,15.784,12/19/2012,1858,,CHRISTY,AVE  ,,,,,,,2,1,0,0,2.0,CLEAR,1.0,DRY,N,2.0,FEDERAL,2.0,COLLISION WITH BICYCLE,9.0,SINGLE VEHICLE,6.0,STRAIGHT & LEVEL,3.0,DUSK,,,N,18,58,2012-12-19 18:58:00,38.2420857,-85.7257468,POINT (-85.7257468 38.2420857),0
90838,71242703,LOUISVILLE METRO POLICE DEPT,8012100916,AC,56,,,4TH,ST   ,S ,38.2260368,-85.7619079,2.13,12/21/2012,0021,,,,,,,,,,2,1,0,2,3.0,CLOUDY,4.0,SNOW/SLUSH,N,5.0,LOCAL STREET,37.0,COLLISION WITH BICYCLIST,9.0,SINGLE VEHICLE,6.0,STRAIGHT & LEVEL,5.0,DARK-HWY LIGHTED/ON,,,Y,00,21,2012-12-21 00:21:00,38.2260368,-85.7619079,POINT (-85.7619079 38.2260368),0
91277,71245653,SHIVELY POLICE DEPARTMENT,0412002607,AC,56,,,GLENVIEW,PL   ,,38.2124411,-85.7964527,0.023,12/28/2012,0600,,,,,LONEY,LN   ,US0031W,DIXIE,HWY  ,2,1,0,1,2.0,CLEAR,1.0,DRY,N,5.0,LOCAL STREET,37.0,COLLISION WITH BICYCLIST,9.0,SINGLE VEHICLE,6.0,STRAIGHT & LEVEL,6.0,DARK-HWY NOT LIGHTED,,,N,06,00,2012-12-28 06:00:00,38.2124411,-85.7964527,POINT (-85.7964527 38.2124411),0
91684,71247289,LOUISVILLE METRO POLICE DEPT,8013000453,AC,56,KY1865  ,,TAYLOR,BLVD ,,38.1867727,-85.7835932,5.544,1/2/2013,1849,,ASHLAND,AVE  ,,,,,,,2,1,0,0,3.0,CLOUDY,1.0,DRY,N,7.0,STATE,2.0,COLLISION WITH BICYCLE,9.0,SINGLE VEHICLE,6.0,STRAIGHT & LEVEL,5.0,DARK-HWY LIGHTED/ON,,,N,18,49,2013-01-02 18:49:00,38.1867727,-85.7835932,POINT (-85.7835932 38.1867727),0
91818,71248537,LOUISVILLE METRO POLICE DEPT,8013000883,AC,56,KY3082  ,,BANK,ST   ,,38.2694459,-85.7912649,1.072,1/4/2013,1602,,,,,LOCHER,ALY  ,,26TH,ST   ,2,1,0,1,2.0,CLEAR,1.0,DRY,N,7.0,STATE,37.0,COLLISION WITH BICYCLIST,9.0,SINGLE VEHICLE,6.0,STRAIGHT & LEVEL,2.0,DAYLIGHT,,,N,16,02,2013-01-04 16:02:00,38.2694459,-85.7912649,POINT (-85.7912649 38.2694459),0
92072,71249068,LOUISVILLE METRO POLICE DEPT,8013001648,AC,56,KY2052  ,,SHEPHERDSVILLE,RD   ,,38.1858278,-85.659659,3.264,1/8/2013,0025,,INDIAN,TRL  ,,,,,,,2,1,0,1,2.0,CLEAR,1.0,DRY,Y,7.0,STATE,2.0,COLLISION WITH BICYCLE,9.0,SINGLE VEHICLE,6.0,STRAIGHT & LEVEL,5.0,DARK-HWY LIGHTED/ON,,,N,00,25,2013-01-08 00:25:00,38.1858278,-85.659659,POINT (-85.659659 38.1858278),0
92110,71252329,LOUISVILLE METRO POLICE DEPT,8013001719,AC,56,US0031W ,,MARKET,ST   ,W ,38.2550475,-85.7551695,21.942,1/8/2013,1130,,,,,,,,,,2,1,0,0,2.0,CLEAR,1.0,DRY,N,2.0,FEDERAL,37.0,COLLISION WITH BICYCLIST,9.0,SINGLE VEHICLE,6.0,STRAIGHT & LEVEL,2.0,DAYLIGHT,,,N,11,30,2013-01-08 11:30:00,38.2550475,-85.7551695,POINT (-85.75516949999999 38.2550475),0
92671,71252355,LOUISVILLE METRO POLICE DEPT,8013003557,AC,56,KY0061  ,,PRESTON,ST   ,S ,38.2467614,-85.7473665,12.525,1/15/2013,1437,,,,,CHESTNUT,ST   ,,SPRINGER,ALY  ,2,1,0,0,3.0,CLOUDY,1.0,DRY,N,7.0,STATE,37.0,COLLISION WITH BICYCLIST,9.0,SINGLE VEHICLE,6.0,STRAIGHT & LEVEL,2.0,DAYLIGHT,,,N,14,37,2013-01-15 14:37:00,38.2467614,-85.7473665,POINT (-85.7473665 38.2467614),0
92768,71252438,LOUISVILLE METRO POLICE DEPT,8013003871,AC,56,,,PAYNE,ST   ,,38.2466088,-85.7282902,0.152,1/16/2013,1812,,BISHOP,ST   ,,,,,,,2,1,0,1,3.0,CLOUDY,5.0,WET,N,5.0,LOCAL STREET,2.0,COLLISION WITH BICYCLE,9.0,SINGLE VEHICLE,6.0,STRAIGHT & LEVEL,5.0,DARK-HWY LIGHTED/ON,,,N,18,12,2013-01-16 18:12:00,38.2466088,-85.7282902,POINT (-85.7282902 38.2466088),0
92804,71252848,LOUISVILLE METRO POLICE DEPT,8013003965,AC,56,US0060  ,,SHELBYVILLE,RD   ,,38.24301,-85.512329,11.534,1/17/2013,0702,,PARK PLACE,DR   ,,,,,,,2,1,0,1,2.0,CLEAR,1.0,DRY,N,2.0,FEDERAL,2.0,COLLISION WITH BICYCLE,9.0,SINGLE VEHICLE,6.0,STRAIGHT & LEVEL,5.0,DARK-HWY LIGHTED/ON,,,N,07,02,2013-01-17 07:02:00,38.24301,-85.512329,POINT (-85.51232899999999 38.24301),0
93040,71254759,LOUISVILLE METRO POLICE DEPT,8013004703,AC,56,,,CORTLAND,DR   ,,38.1339358,-85.6215401,0.05,1/19/2013,1710,,DUCHESS,DR   ,,,,,,,2,1,0,1,2.0,CLEAR,1.0,DRY,N,5.0,LOCAL STREET,2.0,COLLISION WITH BICYCLE,9.0,SINGLE VEHICLE,6.0,STRAIGHT & LEVEL,2.0,DAYLIGHT,,,N,17,10,2013-01-19 17:10:00,38.1339358,-85.6215401,POINT (-85.6215401 38.1339358),0
93097,71254786,LOUISVILLE METRO POLICE DEPT,8013004874,AC,56,,,BROADWAY,,W ,38.2494573,-85.794925,0.366,1/20/2013,1450,,26TH,ST   ,,,,,,,2,1,0,1,2.0,CLEAR,1.0,DRY,N,5.0,LOCAL STREET,2.0,COLLISION WITH BICYCLE,9.0,SINGLE VEHICLE,6.0,STRAIGHT & LEVEL,2.0,DAYLIGHT,,,N,14,50,2013-01-20 14:50:00,38.2494573,-85.794925,POINT (-85.79492500000001 38.2494573),0
93699,71258284,LOUISVILLE METRO POLICE DEPT,8013007384,RE,56,,,SPRING,ST   ,N ,38.2555105,-85.7222177,0.193,1/30/2013,1610,,,,,,,,,,2,2,0,0,3.0,CLOUDY,6.0,WATER (STANDING OR MOVING),N,5.0,LOCAL STREET,37.0,COLLISION WITH BICYCLIST,8.0,SIDESWIPE-SAME DIRECTION,6.0,STRAIGHT & LEVEL,2.0,DAYLIGHT,,,N,16,10,2013-01-30 16:10:00,38.2555105,-85.7222177,POINT (-85.7222177 38.2555105),0
94184,71261354,LOUISVILLE METRO POLICE DEPT,8013008749,AC,56,,,ST ANTHONY,PL   ,,38.2419979,-85.7320013,0.195,2/5/2013,1400,,,,,,,,,,2,1,0,0,2.0,CLEAR,1.0,DRY,N,5.0,LOCAL STREET,37.0,COLLISION WITH BICYCLIST,9.0,SINGLE VEHICLE,5.0,STRAIGHT & HILLCREST,2.0,DAYLIGHT,,,N,14,00,2013-02-05 14:00:00,38.2419979,-85.7320013,POINT (-85.73200129999999 38.2419979),0
94213,71261629,LOUISVILLE METRO POLICE DEPT,8013009086,AC,56,KY0061  ,,PRESTON,HWY  ,,38.1433247,-85.6893657,4.317,2/5/2013,1837,,,,,,,,,,2,1,0,1,2.0,CLEAR,1.0,DRY,N,7.0,STATE,37.0,COLLISION WITH BICYCLIST,9.0,SINGLE VEHICLE,4.0,STRAIGHT & GRADE,4.0,DARK-HWY LIGHTED/OFF,,,N,18,37,2013-02-05 18:37:00,38.1433247,-85.6893657,POINT (-85.6893657 38.1433247),0
94371,71263958,LOUISVILLE METRO POLICE DEPT,8013009369,AC,56,,,28TH,ST   ,S ,38.2408568,-85.799807,1.405,2/7/2013,1813,,GRAND,AVE  ,,,,,,,2,1,0,1,2.0,CLEAR,1.0,DRY,N,5.0,LOCAL STREET,2.0,COLLISION WITH BICYCLE,9.0,SINGLE VEHICLE,6.0,STRAIGHT & LEVEL,2.0,DAYLIGHT,,,N,18,13,2013-02-07 18:13:00,38.2408568,-85.799807,POINT (-85.799807 38.2408568),0