,MASTER FILE NUMBER,INVESTIGATING AGENCY,LOCAL CODE,COLLISION STATUS CODE,COUNTY NAME,ROADWAY NUMBER,BLOCK/HOUSE #,ROADWAY NAME,ROADWAY SUFFIX,ROADWAY DIRECTION CODE,GPS LATITUDE DECIMAL,GPS LONGITUDE DECIMAL,MILEPOINT DERIVED,COLLISION DATE,COLLISION TIME,INTERSECTION ROADWAY #,INTERSECTION ROADWAY NAME,INTERSECTION ROADWAY SFX,BETWEEN STREET ROADWAY # 1,BETWEEN STREET ROADWAY NAME 1,BETWEEN STREET ROADWAY SFX 1,BETWEEN STREET ROADWAY # 2,BETWEEN STREET ROADWAY NAME 2,BETWEEN STREET ROADWAY SFX 2,UNITS INVOLVED,MOTOR VEHICLES INVOLVED,KILLED,INJURED,WEATHER CODE,WEATHER,ROADWAY CONDITION CODE,ROADWAY CONDITION,HIT & RUN INDICATOR,ROADWAY TYPE CODE,ROADWAY TYPE,DIRECTIONAL ANALYSIS CODE,DIRECTIONAL ANALYSIS,MANNER OF COLLISION CODE,MANNER OF COLLISION,ROADWAY CHARACTER CODE,ROADWAY CHARACTER,LIGHT CONDITION CODE,LIGHT CONDITION,RAMP FROM ROADWAY ID,RAMP TO ROADWAY ID,SECONDARY COLLISION INDICATOR,hour,minute,Date,Latitude,Longitude,geometry,index_right
94477,71262780,LOUISVILLE METRO POLICE DEPT,8013009881,AC,56,US0031W ,,DIXIE,HWY  ,,38.1596878,-85.8328698,12.703,2/9/2013,1608,,,,,FLINTLOCK,DR   ,,BLANTON,LN   ,2,1,0,0,2.0,CLEAR,1.0,DRY,N,2.0,FEDERAL,37.0,COLLISION WITH BICYCLIST,9.0,SINGLE VEHICLE,6.0,STRAIGHT & LEVEL,2.0,DAYLIGHT,,,N,16,08,2013-02-09 16:08:00,38.1596878,-85.8328698,POINT (-85.8328698 38.1596878),0
94623,71263541,LOUISVILLE METRO POLICE DEPT,8013010181,AC,56,,,KENTUCKY,ST   ,W ,38.2383966,-85.7547289,0.004,2/11/2013,1033,,1ST,ST   ,,,,,,,2,1,0,0,3.0,CLOUDY,1.0,DRY,N,5.0,LOCAL STREET,2.0,COLLISION WITH BICYCLE,9.0,SINGLE VEHICLE,6.0,STRAIGHT & LEVEL,2.0,DAYLIGHT,,,N,10,33,2013-02-11 10:33:00,38.2383966,-85.7547289,POINT (-85.7547289 38.2383966),0
94642,71263304,LOUISVILLE METRO POLICE DEPT,8013010428,AC,56,,,BASHFORD MANOR,LN   ,,38.2031069,-85.6642845,0.012,2/12/2013,0834,US0031E ,BARDSTOWN,RD   ,,,,,,,2,1,0,0,2.0,CLEAR,1.0,DRY,N,5.0,LOCAL STREET,2.0,COLLISION WITH BICYCLE,9.0,SINGLE VEHICLE,6.0,STRAIGHT & LEVEL,2.0,DAYLIGHT,,,N,08,34,2013-02-12 08:34:00,38.2031069,-85.6642845,POINT (-85.66428449999999 38.2031069),0
94677,71263393,LOUISVILLE METRO POLICE DEPT,8013010501,AC,56,,,ZORN,AVE  ,,38.2610813,-85.6841717,0.259,2/12/2013,1302,US0042  ,BROWNSBORO,RD   ,,,,,,,2,1,0,1,2.0,CLEAR,1.0,DRY,N,5.0,LOCAL STREET,2.0,COLLISION WITH BICYCLE,9.0,SINGLE VEHICLE,6.0,STRAIGHT & LEVEL,2.0,DAYLIGHT,,,N,13,02,2013-02-12 13:02:00,38.2610813,-85.6841717,POINT (-85.68417169999999 38.2610813),0
94853,71264441,LOUISVILLE METRO POLICE DEPT,8013011028,AC,56,,,TENNESSEE,AVE  ,,38.2177488,-85.7798359,0.55,2/14/2013,1005,KY1931  ,7TH STREET,RD   ,,,,,,,2,1,0,0,2.0,CLEAR,1.0,DRY,N,5.0,LOCAL STREET,2.0,COLLISION WITH BICYCLE,9.0,SINGLE VEHICLE,6.0,STRAIGHT & LEVEL,2.0,DAYLIGHT,,,N,10,05,2013-02-14 10:05:00,38.2177488,-85.7798359,POINT (-85.77983589999999 38.2177488),0
95220,71267725,LOUISVILLE METRO POLICE DEPT,8013012125,AC,56,,,9TH,ST   ,S ,38.2468848,-85.7666568,0.003,2/18/2013,1845,US0150  ,BROADWAY,,,,,,,,2,1,0,1,2.0,CLEAR,1.0,DRY,N,5.0,LOCAL STREET,2.0,COLLISION WITH BICYCLE,9.0,SINGLE VEHICLE,6.0,STRAIGHT & LEVEL,5.0,DARK-HWY LIGHTED/ON,,,N,18,45,2013-02-18 18:45:00,38.2468848,-85.7666568,POINT (-85.76665680000001 38.2468848),0
95685,1959533,LOUISVILLE METRO POLICE DEPT,8013013747,AC,56,,,28TH,ST   ,,38.201666667,-85.536666667,,2/25/2013,1200,,MADISON,,,,,,,,2,1,0,0,2.0,CLEAR,1.0,DRY,Y,5.0,LOCAL STREET,2.0,COLLISION WITH BICYCLE,1.0,ANGLE,6.0,STRAIGHT & LEVEL,2.0,DAYLIGHT,,,,12,00,2013-02-25 12:00:00,38.201666667,-85.536666667,POINT (-85.53666666700001 38.201666667),0
96382,71271783,LOUISVILLE METRO POLICE DEPT,8013015749,AC,56,I 0064  ,,I64 E,,,38.223806,-85.5423076,17.0,3/5/2013,1223,,,,,,,,,,2,1,0,1,6.0,RAINING,5.0,WET,N,4.0,INTERSTATE,37.0,COLLISION WITH BICYCLIST,9.0,SINGLE VEHICLE,6.0,STRAIGHT & LEVEL,2.0,DAYLIGHT,,,N,12,23,2013-03-05 12:23:00,38.223806,-85.5423076,POINT (-85.5423076 38.223806),0
96571,71272622,LOUISVILLE METRO POLICE DEPT,8013016285,AC,56,KY1020  ,,2ND,ST   ,S ,38.240247,-85.7560177,11.711,3/7/2013,1555,,,,,KENTUCKY,ST   ,,BRECKINRIDGE,ST   ,2,1,0,1,3.0,CLOUDY,1.0,DRY,N,7.0,STATE,37.0,COLLISION WITH BICYCLIST,9.0,SINGLE VEHICLE,6.0,STRAIGHT & LEVEL,2.0,DAYLIGHT,,,N,15,55,2013-03-07 15:55:00,38.240247,-85.7560177,POINT (-85.7560177 38.240247),0
96786,71273712,LOUISVILLE METRO POLICE DEPT,8013016896,AC,56,US0031E ,,BARDSTOWN,RD   ,,38.2354077,-85.7155098,15.06,3/9/2013,2315,,LONGEST,AVE  ,,,,,,,2,1,0,1,2.0,CLEAR,1.0,DRY,N,2.0,FEDERAL,2.0,COLLISION WITH BICYCLE,9.0,SINGLE VEHICLE,6.0,STRAIGHT & LEVEL,5.0,DARK-HWY LIGHTED/ON,,,N,23,15,2013-03-09 23:15:00,38.2354077,-85.7155098,POINT (-85.71550980000001 38.2354077),0
96796,1959631,LOUISVILLE METRO POLICE DEPT,8013017015,AC,56,,,NEW CUT,RD   ,,38.15165,-85.776583333,,3/10/2013,1737,,WOODMORE,AVE  ,,,,,,,2,1,0,1,2.0,CLEAR,1.0,DRY,N,5.0,LOCAL STREET,2.0,COLLISION WITH BICYCLE,1.0,ANGLE,6.0,STRAIGHT & LEVEL,2.0,DAYLIGHT,,,,17,37,2013-03-10 17:37:00,38.15165,-85.776583333,POINT (-85.776583333 38.15165),0
96840,71275026,LOUISVILLE METRO POLICE DEPT,8013017027,AC,56,,,DONERAIL,WAY  ,,38.1145118,-85.8669637,0.406,3/10/2013,1840,,,,,,,,,,2,1,0,0,3.0,CLOUDY,1.0,DRY,N,5.0,LOCAL STREET,37.0,COLLISION WITH BICYCLIST,9.0,SINGLE VEHICLE,1.0,CURVE & GRADE,2.0,DAYLIGHT,,,N,18,40,2013-03-10 18:40:00,38.1145118,-85.8669637,POINT (-85.8669637 38.1145118),0
96952,71274641,PROSPECT POLICE DEPARTMENT,4513000044,AC,56,US0042  ,,US42,,,38.3264565,-85.6215575,9.189,3/12/2013,2135,,,,,,,,,,2,1,0,1,3.0,CLOUDY,1.0,DRY,N,2.0,FEDERAL,37.0,COLLISION WITH BICYCLIST,9.0,SINGLE VEHICLE,1.0,CURVE & GRADE,6.0,DARK-HWY NOT LIGHTED,,,N,21,35,2013-03-12 21:35:00,38.3264565,-85.6215575,POINT (-85.62155749999999 38.3264565),0
97817,71280320,UNIV. OF LOUISVILLE POLICE,R13000209 ,AC,56,,,FLOYD,ST   ,S ,38.2185896,-85.7542922,2.547,3/21/2013,1709,,BRANDEIS,AVE  ,,,,,,,2,1,0,1,2.0,CLEAR,1.0,DRY,N,5.0,LOCAL STREET,2.0,COLLISION WITH BICYCLE,9.0,SINGLE VEHICLE,1.0,CURVE & GRADE,2.0,DAYLIGHT,,,N,17,09,2013-03-21 17:09:00,38.2185896,-85.7542922,POINT (-85.75429219999999 38.2185896),0
98469,71281726,LOUISVILLE METRO POLICE DEPT,8013021911,AC,56,,,HIKES,LN   ,,38.2178995,-85.62906,2.998,3/29/2013,1528,,,,KY1932  ,BRECKENRIDGE,LN   ,,EL CONQUISTADOR,PL   ,2,1,0,1,2.0,CLEAR,1.0,DRY,N,5.0,LOCAL STREET,37.0,COLLISION WITH BICYCLIST,9.0,SINGLE VEHICLE,4.0,STRAIGHT & GRADE,2.0,DAYLIGHT,,,N,15,28,2013-03-29 15:28:00,38.2178995,-85.62906,POINT (-85.62906 38.2178995),0
98561,71281777,LOUISVILLE METRO POLICE DEPT,8013022154,AC,56,US0031  ,,CLARK MEMORIAL BRIDGE,,,38.2624192,-85.7519261,0.431,3/30/2013,1302,,,,,,,,,,2,1,0,1,2.0,CLEAR,1.0,DRY,Y,2.0,FEDERAL,37.0,COLLISION WITH BICYCLIST,9.0,SINGLE VEHICLE,6.0,STRAIGHT & LEVEL,2.0,DAYLIGHT,,,N,13,02,2013-03-30 13:02:00,38.2624192,-85.7519261,POINT (-85.75192610000001 38.2624192),0
98566,71281788,LOUISVILLE METRO POLICE DEPT,8013022203,AC,56,,,5TH,ST   ,S ,38.2529128,-85.7588583,3.271,3/30/2013,1700,,,,,,,,,,2,1,0,0,2.0,CLEAR,1.0,DRY,N,5.0,LOCAL STREET,37.0,COLLISION WITH BICYCLIST,9.0,SINGLE VEHICLE,6.0,STRAIGHT & LEVEL,2.0,DAYLIGHT,,,N,17,00,2013-03-30 17:00:00,38.2529128,-85.7588583,POINT (-85.7588583 38.2529128),0
98681,71282576,LOUISVILLE METRO POLICE DEPT,8013022553,AC,56,US0150  ,,BROADWAY,,E ,38.2453441,-85.7479682,2.943,4/1/2013,1345,,,,,FLOYD,ST   ,KY0061,PRESTON,ST   ,2,1,0,1,2.0,CLEAR,1.0,DRY,N,2.0,FEDERAL,37.0,COLLISION WITH BICYCLIST,9.0,SINGLE VEHICLE,6.0,STRAIGHT & LEVEL,2.0,DAYLIGHT,,,N,13,45,2013-04-01 13:45:00,38.2453441,-85.7479682,POINT (-85.7479682 38.2453441),0
98724,71282348,LOUISVILLE METRO POLICE DEPT,8013022809,AC,56,KY0864  ,,POPLAR LEVEL,RD   ,,38.1654309,-85.6803145,8.724,4/2/2013,1309,,,,,ALETHA,DR   ,,NAOMI,DR   ,2,1,0,1,2.0,CLEAR,1.0,DRY,N,7.0,STATE,37.0,COLLISION WITH BICYCLIST,9.0,SINGLE VEHICLE,6.0,STRAIGHT & LEVEL,2.0,DAYLIGHT,,,N,13,09,2013-04-02 13:09:00,38.1654309,-85.6803145,POINT (-85.68031449999999 38.1654309),0
98753,71282597,UNIV. OF LOUISVILLE POLICE,R13000235 ,AC,56,US0060A ,2500.0,3RD,ST   ,S ,38.213295,-85.7623804,3.378,4/2/2013,1640,,,,,,,,,,2,1,0,1,2.0,CLEAR,1.0,DRY,N,2.0,FEDERAL,37.0,COLLISION WITH BICYCLIST,9.0,SINGLE VEHICLE,6.0,STRAIGHT & LEVEL,2.0,DAYLIGHT,,,N,16,40,2013-04-02 16:40:00,38.213295,-85.7623804,POINT (-85.7623804 38.213295),0
99058,71284236,LOUISVILLE METRO POLICE DEPT,8013024000,AC,56,,7806.0,SMYRNA,RD   ,,38.1393369,-85.6416397,0.097,4/6/2013,2220,,,,,,,,,,2,1,0,0,2.0,CLEAR,1.0,DRY,Y,5.0,LOCAL STREET,37.0,COLLISION WITH BICYCLIST,9.0,SINGLE VEHICLE,6.0,STRAIGHT & LEVEL,4.0,DARK-HWY LIGHTED/OFF,,,N,22,20,2013-04-06 22:20:00,38.1393369,-85.6416397,POINT (-85.6416397 38.1393369),0
99120,71285785,LOUISVILLE METRO POLICE DEPT,8013024128,AC,56,,4133.0,VIRGINIA,AVE  ,W ,38.2401066,-85.8224208,0.0,4/7/2013,1457,,,,,,,,,,2,1,0,1,2.0,CLEAR,1.0,DRY,Y,5.0,LOCAL STREET,37.0,COLLISION WITH BICYCLIST,9.0,SINGLE VEHICLE,6.0,STRAIGHT & LEVEL,2.0,DAYLIGHT,,,N,14,57,2013-04-07 14:57:00,38.2401066,-85.8224208,POINT (-85.8224208 38.2401066),0
99714,71286883,LOUISVILLE METRO POLICE DEPT,8013026053,AC,56,,,PLUME,DR   ,,38.1477055,-85.8541524,0.0,4/14/2013,1455,,HASSOCK,DR   ,,,,,,,2,1,0,0,2.0,CLEAR,1.0,DRY,Y,5.0,LOCAL STREET,2.0,COLLISION WITH BICYCLE,9.0,SINGLE VEHICLE,6.0,STRAIGHT & LEVEL,2.0,DAYLIGHT,,,N,14,55,2013-04-14 14:55:00,38.1477055,-85.8541524,POINT (-85.8541524 38.1477055),0
99826,71310171,JEFFERSONTOWN POLICE DEPT,A0435160  ,AC,56,KY0913  ,,BLANKENBAKER,PKWY ,,38.2157221,-85.538916,2.19,4/15/2013,1541,,RESOURCE,WAY  ,,,,,,,2,1,0,1,3.0,CLOUDY,1.0,DRY,N,7.0,STATE,2.0,COLLISION WITH BICYCLE,9.0,SINGLE VEHICLE,6.0,STRAIGHT & LEVEL,2.0,DAYLIGHT,,,N,15,41,2013-04-15 15:41:00,38.2157221,-85.538916,POINT (-85.538916 38.2157221),0
99857,71287708,LOUISVILLE METRO POLICE DEPT,8013026668,AC,56,,,HILL,ST   ,W ,38.2283527,-85.7908731,1.861,4/16/2013,1705,,DIXIE,HWY  ,,,,,,,2,1,0,1,2.0,CLEAR,1.0,DRY,Y,5.0,LOCAL STREET,2.0,COLLISION WITH BICYCLE,9.0,SINGLE VEHICLE,6.0,STRAIGHT & LEVEL,2.0,DAYLIGHT,,,N,17,05,2013-04-16 17:05:00,38.2283527,-85.7908731,POINT (-85.7908731 38.2283527),0
100004,71288315,LOUISVILLE METRO POLICE DEPT,8013027167,AC,56,KY0061  ,,PRESTON,HWY  ,,38.1301004,-85.68213,3.34,4/18/2013,1135,,,,,TRIO,AVE  ,,SERENITY HOPE,DR   ,3,2,0,1,2.0,CLEAR,1.0,DRY,N,7.0,STATE,37.0,COLLISION WITH BICYCLIST,4.0,OPPOSING LEFT TURN,6.0,STRAIGHT & LEVEL,2.0,DAYLIGHT,,,Y,11,35,2013-04-18 11:35:00,38.1301004,-85.68213,POINT (-85.68213 38.1301004),0
100005,71288316,LOUISVILLE METRO POLICE DEPT,8013027173,AC,56,,,BARDSTOWN,RD   ,,38.197427,-85.6570115,0.0,4/18/2013,1228,,,,,,,,,,2,1,0,1,2.0,CLEAR,1.0,DRY,N,1.0,COUNTY ROAD,37.0,COLLISION WITH BICYCLIST,9.0,SINGLE VEHICLE,6.0,STRAIGHT & LEVEL,2.0,DAYLIGHT,,,N,12,28,2013-04-18 12:28:00,38.197427,-85.6570115,POINT (-85.6570115 38.197427),0
100037,71288311,LOUISVILLE METRO POLICE DEPT,8013027140,AC,56,,,32ND,ST   ,S ,38.2553418,-85.8050871,1.897,4/18/2013,1003,,VERMONT,AVE  ,,,,,,,2,1,0,1,2.0,CLEAR,1.0,DRY,N,5.0,LOCAL STREET,2.0,COLLISION WITH BICYCLE,9.0,SINGLE VEHICLE,6.0,STRAIGHT & LEVEL,2.0,DAYLIGHT,,,N,10,03,2013-04-18 10:03:00,38.2553418,-85.8050871,POINT (-85.80508709999999 38.2553418),0
100130,71289318,LOUISVILLE METRO POLICE DEPT,8013027517,AC,56,US0031W ,,MARKET,ST   ,W ,38.2567993,-85.7709459,21.048,4/19/2013,1455,,,,,12TH,ST   ,,13TH,ST   ,2,1,0,0,3.0,CLOUDY,1.0,DRY,N,2.0,FEDERAL,37.0,COLLISION WITH BICYCLIST,9.0,SINGLE VEHICLE,6.0,STRAIGHT & LEVEL,2.0,DAYLIGHT,,,N,14,55,2013-04-19 14:55:00,38.2567993,-85.7709459,POINT (-85.7709459 38.2567993),0
100397,71290103,LOUISVILLE METRO POLICE DEPT,8013028532,AC,56,,,LOWER HUNTERS,TRCE ,,38.1600472,-85.8523156,1.023,4/23/2013,1434,,,,,GREENVIEW,DR   ,,GABRIEL,DR   ,2,1,0,1,3.0,CLOUDY,1.0,DRY,N,5.0,LOCAL STREET,37.0,COLLISION WITH BICYCLIST,9.0,SINGLE VEHICLE,6.0,STRAIGHT & LEVEL,2.0,DAYLIGHT,,,N,14,34,2013-04-23 14:34:00,38.1600472,-85.8523156,POINT (-85.8523156 38.1600472),0
100792,71292283,LOUISVILLE METRO POLICE DEPT,8013029698,AC,56,,,SEVILLE,DR   ,,38.1122586,-85.8523529,0.13,4/27/2013,1440,,LIBBY,LN   ,,,,,,,2,1,0,1,3.0,CLOUDY,1.0,DRY,N,5.0,LOCAL STREET,2.0,COLLISION WITH BICYCLE,9.0,SINGLE VEHICLE,3.0,CURVE & LEVEL,2.0,DAYLIGHT,,,N,14,40,2013-04-27 14:40:00,38.1122586,-85.8523529,POINT (-85.8523529 38.1122586),0
100880,71292964,LOUISVILLE METRO POLICE DEPT,8013029951,AC,56,KY0061  ,,PRESTON,HWY  ,,38.1333612,-85.6839638,3.587,4/28/2013,1628,,,,,,,,,,2,1,0,1,3.0,CLOUDY,1.0,DRY,N,7.0,STATE,37.0,COLLISION WITH BICYCLIST,9.0,SINGLE VEHICLE,6.0,STRAIGHT & LEVEL,2.0,DAYLIGHT,,,N,16,28,2013-04-28 16:28:00,38.1333612,-85.6839638,POINT (-85.6839638 38.1333612),0
101003,71293274,JEFFERSONTOWN POLICE DEPT,A0435938  ,AC,56,KY0155  ,,TAYLORSVILLE,RD   ,,38.2142409,-85.5894478,11.268,4/30/2013,100009,,AXMINSTER,DR   ,,,,,,,2,1,0,1,2.0,CLEAR,1.0,DRY,N,7.0,STATE,2.0,COLLISION WITH BICYCLE,9.0,SINGLE VEHICLE,6.0,STRAIGHT & LEVEL,2.0,DAYLIGHT,,,N,10,00,2013-04-30 10:00:00,38.2142409,-85.5894478,POINT (-85.5894478 38.2142409),0
101079,71295680,LOUISVILLE METRO POLICE DEPT,8013031030,AC,56,,,OXMOOR,LN   ,,38.2482424,-85.6135369,0.081,4/30/2013,1400,,,,US0060  ,SHELBYVILLE,RD   ,,BULLITT,LN   ,2,1,0,0,2.0,CLEAR,1.0,DRY,Y,99.0,NONE OF THE ABOVE,37.0,COLLISION WITH BICYCLIST,9.0,SINGLE VEHICLE,6.0,STRAIGHT & LEVEL,2.0,DAYLIGHT,,,N,14,00,2013-04-30 14:00:00,38.2482424,-85.6135369,POINT (-85.6135369 38.2482424),0
101401,71294911,SHIVELY POLICE DEPARTMENT,0413000864,AC,56,KY1931  ,,7TH STREET,RD   ,,38.2099333,-85.7869192,9.639,5/4/2013,2055,,,,,PHYLLIS,AVE  ,,ARCADE,AVE  ,2,1,0,1,6.0,RAINING,5.0,WET,N,7.0,STATE,37.0,COLLISION WITH BICYCLIST,9.0,SINGLE VEHICLE,6.0,STRAIGHT & LEVEL,6.0,DARK-HWY NOT LIGHTED,,,N,20,55,2013-05-04 20:55:00,38.2099333,-85.7869192,POINT (-85.7869192 38.2099333),0
101868,71297017,LOUISVILLE METRO POLICE DEPT,8013032715,AC,56,US0060A ,,EASTERN,PKWY ,,38.2319923,-85.7093186,6.831,5/8/2013,2236,US0031E ,BARDSTOWN,RD   ,,,,,,,2,1,0,1,2.0,CLEAR,1.0,DRY,N,2.0,FEDERAL,2.0,COLLISION WITH BICYCLE,9.0,SINGLE VEHICLE,6.0,STRAIGHT & LEVEL,3.0,DUSK,,,N,22,36,2013-05-08 22:36:00,38.2319923,-85.7093186,POINT (-85.7093186 38.2319923),0
101921,71297065,LOUISVILLE METRO POLICE DEPT,8013032921,AC,56,US0060  ,,FRANKFORT,AVE  ,,38.2540429,-85.6701964,2.75,5/8/2013,1827,,,,KY2048  ,CANNONS,LN   ,,INGLE,AVE  ,2,1,0,0,3.0,CLOUDY,1.0,DRY,Y,2.0,FEDERAL,37.0,COLLISION WITH BICYCLIST,9.0,SINGLE VEHICLE,6.0,STRAIGHT & LEVEL,2.0,DAYLIGHT,,,N,18,27,2013-05-08 18:27:00,38.2540429,-85.6701964,POINT (-85.67019639999999 38.2540429),0
102607,71304719,LOUISVILLE METRO POLICE DEPT,8013034833,AC,56,,,ARTHUR,ST   ,,38.2127739,-85.7535534,0.001,5/15/2013,1040,US0060A ,EASTERN,PKWY ,,,,,,,2,1,0,1,2.0,CLEAR,1.0,DRY,N,5.0,LOCAL STREET,2.0,COLLISION WITH BICYCLE,9.0,SINGLE VEHICLE,1.0,CURVE & GRADE,2.0,DAYLIGHT,,,N,10,40,2013-05-15 10:40:00,38.2127739,-85.7535534,POINT (-85.7535534 38.2127739),0
102700,71311655,LOUISVILLE METRO POLICE DEPT,8013035093,AC,56,US0031W ,,MAIN,ST   ,W ,38.2564489,-85.7548419,22.021,5/16/2013,0700,,,,,,,,,,2,1,0,0,2.0,CLEAR,1.0,DRY,N,2.0,FEDERAL,37.0,COLLISION WITH BICYCLIST,9.0,SINGLE VEHICLE,6.0,STRAIGHT & LEVEL,2.0,DAYLIGHT,,,N,07,00,2013-05-16 07:00:00,38.2564489,-85.7548419,POINT (-85.7548419 38.2564489),0
102913,71304632,JEFFERSONTOWN POLICE DEPT,A0536918  ,AC,56,,,RAINTREE,DR   ,,38.2037953,-85.5917578,0.089,5/19/2013,2014,,VELDEN,DR   ,,,,,,,2,1,0,1,2.0,CLEAR,1.0,DRY,N,5.0,LOCAL STREET,2.0,COLLISION WITH BICYCLE,9.0,SINGLE VEHICLE,3.0,CURVE & LEVEL,2.0,DAYLIGHT,,,N,20,14,2013-05-19 20:14:00,38.2037953,-85.5917578,POINT (-85.5917578 38.2037953),0
102992,71310751,LOUISVILLE METRO POLICE DEPT,8013036349,AC,56,,,3RD,ST   ,N ,38.2568849,-85.7547735,0.031,5/20/2013,1454,,,,US0031W ,MAIN,ST   ,,WASHINGTON,ST   ,2,1,0,1,2.0,CLEAR,1.0,DRY,N,5.0,LOCAL STREET,37.0,COLLISION WITH BICYCLIST,9.0,SINGLE VEHICLE,5.0,STRAIGHT & HILLCREST,2.0,DAYLIGHT,,,N,14,54,2013-05-20 14:54:00,38.2568849,-85.7547735,POINT (-85.7547735 38.2568849),0
103112,71311748,LOUISVILLE METRO POLICE DEPT,8013036789,AC,56,KY1020  ,,3RD,ST   ,S ,38.2035447,-85.7642095,9.379,5/21/2013,2004,,CENTRAL STATION,BLVD ,,,,,,,2,1,0,1,2.0,CLEAR,1.0,DRY,N,7.0,STATE,2.0,COLLISION WITH BICYCLE,9.0,SINGLE VEHICLE,6.0,STRAIGHT & LEVEL,2.0,DAYLIGHT,,,N,20,04,2013-05-21 20:04:00,38.2035447,-85.7642095,POINT (-85.76420950000001 38.2035447),0
103200,71310942,LOUISVILLE METRO POLICE DEPT,8013036821,AC,56,KY0864  ,,GOSS,AVE  ,,38.2303764,-85.7404244,14.423,5/22/2013,2227,KY0864  ,LOGAN,ST   ,,,,,,,2,1,0,0,2.0,CLEAR,1.0,DRY,N,7.0,STATE,2.0,COLLISION WITH BICYCLE,9.0,SINGLE VEHICLE,3.0,CURVE & LEVEL,3.0,DUSK,,,N,22,27,2013-05-22 22:27:00,38.2303764,-85.7404244,POINT (-85.74042439999999 38.2303764),0
103233,71311791,LOUISVILLE METRO POLICE DEPT,8013037051,AC,56,,,HI VIEW,LN   ,,38.1214571,-85.8303931,0.377,5/22/2013,1549,,LAKEWOOD,DR   ,,,,,,,2,1,0,1,3.0,CLOUDY,1.0,DRY,N,1.0,COUNTY ROAD,2.0,COLLISION WITH BICYCLE,9.0,SINGLE VEHICLE,4.0,STRAIGHT & GRADE,2.0,DAYLIGHT,,,N,15,49,2013-05-22 15:49:00,38.1214571,-85.8303931,POINT (-85.83039309999999 38.1214571),0
103431,71307701,LOUISVILLE METRO POLICE DEPT,8013037760,AC,56,,,26TH,ST   ,S ,38.2407016,-85.7959295,1.389,5/24/2013,2005,,,,,,,,,,2,1,0,1,2.0,CLEAR,1.0,DRY,N,5.0,LOCAL STREET,37.0,COLLISION WITH BICYCLIST,9.0,SINGLE VEHICLE,6.0,STRAIGHT & LEVEL,2.0,DAYLIGHT,,,N,20,05,2013-05-24 20:05:00,38.2407016,-85.7959295,POINT (-85.7959295 38.2407016),0
103549,71307771,LOUISVILLE METRO POLICE DEPT,8013038363,AC,56,KY1447  ,,WESTPORT,RD   ,,38.2643977,-85.6334038,1.443,5/27/2013,1530,,,,,FOEBURN,LN   ,,WESTPORT,TER  ,2,1,0,0,2.0,CLEAR,1.0,DRY,N,7.0,STATE,37.0,COLLISION WITH BICYCLIST,9.0,SINGLE VEHICLE,6.0,STRAIGHT & LEVEL,2.0,DAYLIGHT,,,N,15,30,2013-05-27 15:30:00,38.2643977,-85.6334038,POINT (-85.6334038 38.2643977),0
103603,71308111,LOUISVILLE METRO POLICE DEPT,8013038644,AC,56,,,EVELYN,AVE  ,W ,38.1967597,-85.7659805,0.6,5/28/2013,1520,,3RD,ST   ,,,,,,,2,1,0,0,3.0,CLOUDY,1.0,DRY,N,5.0,LOCAL STREET,2.0,COLLISION WITH BICYCLE,9.0,SINGLE VEHICLE,6.0,STRAIGHT & LEVEL,2.0,DAYLIGHT,,,N,15,20,2013-05-28 15:20:00,38.1967597,-85.7659805,POINT (-85.7659805 38.1967597),0
103728,71308509,LOUISVILLE METRO POLICE DEPT,8013039047,AC,56,,,4TH,ST   ,S ,38.2233833,-85.7623695,2.315,5/29/2013,1830,,LEE,ST   ,,,,,,,2,1,0,1,2.0,CLEAR,1.0,DRY,N,5.0,LOCAL STREET,2.0,COLLISION WITH BICYCLE,9.0,SINGLE VEHICLE,6.0,STRAIGHT & LEVEL,2.0,DAYLIGHT,,,N,18,30,2013-05-29 18:30:00,38.2233833,-85.7623695,POINT (-85.76236950000001 38.2233833),0
103742,71311834,LOUISVILLE METRO POLICE DEPT,8013038868,AC,56,,,JEFFERSON,ST   ,E ,38.2522661,-85.7423182,0.516,5/29/2013,0958,,HANCOCK,ST   ,,,,,,,2,1,0,1,2.0,CLEAR,1.0,DRY,N,5.0,LOCAL STREET,2.0,COLLISION WITH BICYCLE,9.0,SINGLE VEHICLE,6.0,STRAIGHT & LEVEL,2.0,DAYLIGHT,,,N,09,58,2013-05-29 09:58:00,38.2522661,-85.7423182,POINT (-85.7423182 38.2522661),0
103965,71312412,LOUISVILLE METRO POLICE DEPT,8013039787,AC,56,,,2ND,ST   ,S ,38.1838463,-85.7642952,1.071,5/31/2013,2128,,WELLINGTON,AVE  ,,,,,,,2,1,0,0,2.0,CLEAR,1.0,DRY,N,99.0,NONE OF THE ABOVE,2.0,COLLISION WITH BICYCLE,9.0,SINGLE VEHICLE,6.0,STRAIGHT & LEVEL,5.0,DARK-HWY LIGHTED/ON,,,N,21,28,2013-05-31 21:28:00,38.1838463,-85.7642952,POINT (-85.76429520000001 38.1838463),0
104043,71312454,LOUISVILLE METRO POLICE DEPT,8013039958,AC,56,,,34TH,ST   ,S ,38.2554996,-85.8073585,0.47,6/1/2013,1533,,VERMONT,AVE  ,,,,,,,2,1,0,0,3.0,CLOUDY,1.0,DRY,N,5.0,LOCAL STREET,2.0,COLLISION WITH BICYCLE,9.0,SINGLE VEHICLE,6.0,STRAIGHT & LEVEL,2.0,DAYLIGHT,,,N,15,33,2013-06-01 15:33:00,38.2554996,-85.8073585,POINT (-85.80735850000001 38.2554996),0