,MASTER FILE NUMBER,INVESTIGATING AGENCY,LOCAL CODE,COLLISION STATUS CODE,COUNTY NAME,ROADWAY NUMBER,BLOCK/HOUSE #,ROADWAY NAME,ROADWAY SUFFIX,ROADWAY DIRECTION CODE,GPS LATITUDE DECIMAL,GPS LONGITUDE DECIMAL,MILEPOINT DERIVED,COLLISION DATE,COLLISION TIME,INTERSECTION ROADWAY #,INTERSECTION ROADWAY NAME,INTERSECTION ROADWAY SFX,BETWEEN STREET ROADWAY # 1,BETWEEN STREET ROADWAY NAME 1,BETWEEN STREET ROADWAY SFX 1,BETWEEN STREET ROADWAY # 2,BETWEEN STREET ROADWAY NAME 2,BETWEEN STREET ROADWAY SFX 2,UNITS INVOLVED,MOTOR VEHICLES INVOLVED,KILLED,INJURED,WEATHER CODE,WEATHER,ROADWAY CONDITION CODE,ROADWAY CONDITION,HIT & RUN INDICATOR,ROADWAY TYPE CODE,ROADWAY TYPE,DIRECTIONAL ANALYSIS CODE,DIRECTIONAL ANALYSIS,MANNER OF COLLISION CODE,MANNER OF COLLISION,ROADWAY CHARACTER CODE,ROADWAY CHARACTER,LIGHT CONDITION CODE,LIGHT CONDITION,RAMP FROM ROADWAY ID,RAMP TO ROADWAY ID,SECONDARY COLLISION INDICATOR,hour,minute,Date,Latitude,Longitude,geometry,index_right
104072,71312484,LOUISVILLE METRO POLICE DEPT,8013040141,AC,56,,,DOVER,RD   ,,38.2485907,-85.6730559,0.004,6/2/2013,0925,US0060A ,LEXINGTON,RD   ,,,,,,,2,1,0,1,3.0,CLOUDY,1.0,DRY,N,5.0,LOCAL STREET,2.0,COLLISION WITH BICYCLE,9.0,SINGLE VEHICLE,6.0,STRAIGHT & LEVEL,2.0,DAYLIGHT,,,N,09,25,2013-06-02 09:25:00,38.2485907,-85.6730559,POINT (-85.67305589999999 38.2485907),0
104096,71312503,LOUISVILLE METRO POLICE DEPT,8013040235,AC,56,,,HENRY,AVE  ,,38.1917617,-85.7817725,0.242,6/2/2013,100005,,BEECHER,ST   ,,,,,,,2,1,0,0,2.0,CLEAR,1.0,DRY,N,5.0,LOCAL STREET,2.0,COLLISION WITH BICYCLE,9.0,SINGLE VEHICLE,6.0,STRAIGHT & LEVEL,2.0,DAYLIGHT,,,Y,10,00,2013-06-02 10:00:00,38.1917617,-85.7817725,POINT (-85.7817725 38.1917617),0
104100,71312509,LOUISVILLE METRO POLICE DEPT,8013040269,AC,56,,,COLONIAL OAKS,CT   ,,38.1745803,-85.7607184,0.237,6/2/2013,1933,,,,,1ST,ST   ,,1ST,ST   ,2,1,0,1,2.0,CLEAR,1.0,DRY,N,5.0,LOCAL STREET,37.0,COLLISION WITH BICYCLIST,9.0,SINGLE VEHICLE,6.0,STRAIGHT & LEVEL,2.0,DAYLIGHT,,,N,19,33,2013-06-02 19:33:00,38.1745803,-85.7607184,POINT (-85.7607184 38.1745803),0
104101,71312510,LOUISVILLE METRO POLICE DEPT,8013040278,AC,56,,,CLIFF,AVE  ,,38.1911119,-85.7748446,0.518,6/2/2013,2015,,FLORENCE,AVE  ,,,,,,,2,1,0,1,2.0,CLEAR,1.0,DRY,Y,5.0,LOCAL STREET,2.0,COLLISION WITH BICYCLE,9.0,SINGLE VEHICLE,6.0,STRAIGHT & LEVEL,2.0,DAYLIGHT,,,Y,20,15,2013-06-02 20:15:00,38.1911119,-85.7748446,POINT (-85.77484459999999 38.1911119),0
104314,71310997,LOUISVILLE METRO POLICE DEPT,8013041142,AC,56,,,PRESTWOOD,DR   ,,38.1626571,-85.7003337,0.002,6/5/2013,1645,KY0061  ,PRESTON,HWY  ,,,,,,,2,1,0,0,2.0,CLEAR,1.0,DRY,N,5.0,LOCAL STREET,2.0,COLLISION WITH BICYCLE,9.0,SINGLE VEHICLE,4.0,STRAIGHT & GRADE,2.0,DAYLIGHT,,,N,16,45,2013-06-05 16:45:00,38.1626571,-85.7003337,POINT (-85.7003337 38.1626571),0
104324,71311019,LOUISVILLE METRO POLICE DEPT,8013041255,AC,56,US0031E ,,BARDSTOWN,RD   ,,38.2284675,-85.7010214,14.123,6/5/2013,2239,,SPEED,AVE  ,,,,,,,2,1,0,1,2.0,CLEAR,1.0,DRY,N,2.0,FEDERAL,2.0,COLLISION WITH BICYCLE,9.0,SINGLE VEHICLE,6.0,STRAIGHT & LEVEL,5.0,DARK-HWY LIGHTED/ON,,,N,22,39,2013-06-05 22:39:00,38.2284675,-85.7010214,POINT (-85.7010214 38.2284675),0
104533,71312900,LOUISVILLE METRO POLICE DEPT,8013041722,AC,56,,,6TH,ST   ,S ,38.2512162,-85.7607716,0.401,6/7/2013,1531,,,,,MUHAMMAD ALI,BLVD ,,CHESTNUT,ST   ,2,1,0,1,2.0,CLEAR,1.0,DRY,N,5.0,LOCAL STREET,37.0,COLLISION WITH BICYCLIST,9.0,SINGLE VEHICLE,6.0,STRAIGHT & LEVEL,2.0,DAYLIGHT,,,N,15,31,2013-06-07 15:31:00,38.2512162,-85.7607716,POINT (-85.7607716 38.2512162),0
104761,71313612,LOUISVILLE METRO POLICE DEPT,8013042527,AC,56,,,GELLHAUS,LN   ,,38.1508855,-85.5488577,0.041,6/10/2013,1659,,,,KY1819  ,BILLTOWN,RD   ,,LONGVIEW FARM,DR   ,2,1,0,1,3.0,CLOUDY,1.0,DRY,N,1.0,COUNTY ROAD,37.0,COLLISION WITH BICYCLIST,9.0,SINGLE VEHICLE,6.0,STRAIGHT & LEVEL,2.0,DAYLIGHT,,,N,16,59,2013-06-10 16:59:00,38.1508855,-85.5488577,POINT (-85.5488577 38.1508855),0
104790,71313804,LOUISVILLE METRO POLICE DEPT,8013042750,AC,56,KY0864  ,,POPLAR LEVEL,RD   ,,38.2120131,-85.7208756,12.719,6/11/2013,1214,,HESS,LN   ,,,,,,,2,1,0,1,2.0,CLEAR,1.0,DRY,N,7.0,STATE,2.0,COLLISION WITH BICYCLE,9.0,SINGLE VEHICLE,6.0,STRAIGHT & LEVEL,2.0,DAYLIGHT,,,N,12,14,2013-06-11 12:14:00,38.2120131,-85.7208756,POINT (-85.7208756 38.2120131),0
104883,71314528,LOUISVILLE METRO POLICE DEPT,8013043148,AC,56,,,32ND,ST   ,S ,38.2619499,-85.8043925,2.357,6/12/2013,1730,,,,,,,,,,2,1,0,1,2.0,CLEAR,1.0,DRY,N,5.0,LOCAL STREET,37.0,COLLISION WITH BICYCLIST,9.0,SINGLE VEHICLE,6.0,STRAIGHT & LEVEL,2.0,DAYLIGHT,,,N,17,30,2013-06-12 17:30:00,38.2619499,-85.8043925,POINT (-85.80439250000001 38.2619499),0
104991,71314966,LOUISVILLE METRO POLICE DEPT,8013043578,AC,56,,,28TH,ST   ,S ,38.2430945,-85.7994373,1.249,6/13/2013,2003,,,,,KENTUCKY,ST   ,,DIVINITY,LN   ,2,1,0,1,3.0,CLOUDY,1.0,DRY,N,5.0,LOCAL STREET,37.0,COLLISION WITH BICYCLIST,9.0,SINGLE VEHICLE,6.0,STRAIGHT & LEVEL,5.0,DARK-HWY LIGHTED/ON,,,N,20,03,2013-06-13 20:03:00,38.2430945,-85.7994373,POINT (-85.79943729999999 38.2430945),0
105103,1806091,LOUISVILLE METRO POLICE DEPT,8013044132,AC,56,,,SIX MILE,LN   ,,38.1992,-85.609716667,,6/15/2013,2148,,,,,HURSTBOURNE RIDGE,BLVD ,,BROOK HOLLOW,DR   ,2,1,0,1,2.0,CLEAR,1.0,DRY,N,5.0,LOCAL STREET,37.0,COLLISION WITH BICYCLIST,8.0,SIDESWIPE-SAME DIRECTION,3.0,CURVE & LEVEL,6.0,DARK-HWY NOT LIGHTED,,,,21,48,2013-06-15 21:48:00,38.1992,-85.609716667,POINT (-85.609716667 38.1992),0
105462,71317385,LOUISVILLE METRO POLICE DEPT,8013045224,AC,56,,,BOLLING,AVE  ,,38.230559,-85.7956357,0.613,6/19/2013,1730,,,,,23RD,ST   ,,25TH,ST   ,2,1,0,1,2.0,CLEAR,1.0,DRY,N,5.0,LOCAL STREET,37.0,COLLISION WITH BICYCLIST,9.0,SINGLE VEHICLE,6.0,STRAIGHT & LEVEL,2.0,DAYLIGHT,,,N,17,30,2013-06-19 17:30:00,38.230559,-85.7956357,POINT (-85.79563570000001 38.230559),0
105717,71318880,LOUISVILLE METRO POLICE DEPT,8013046020,AC,56,KY1020  ,,SOUTHERN,PKWY ,,38.1967716,-85.7668623,8.862,6/22/2013,000003,,EVELYN,AVE  ,,,,,,,2,1,0,1,2.0,CLEAR,1.0,DRY,N,7.0,STATE,2.0,COLLISION WITH BICYCLE,9.0,SINGLE VEHICLE,6.0,STRAIGHT & LEVEL,2.0,DAYLIGHT,,,N,00,00,2013-06-22 00:00:00,38.1967716,-85.7668623,POINT (-85.7668623 38.1967716),0
105760,71319279,LOUISVILLE METRO POLICE DEPT,8013046080,AC,56,,,SOUTHWESTERN,PKWY ,,38.2450027,-85.8299585,1.67,6/22/2013,1400,,GREENWOOD,AVE  ,,,,,,,2,1,0,0,2.0,CLEAR,1.0,DRY,N,5.0,LOCAL STREET,2.0,COLLISION WITH BICYCLE,9.0,SINGLE VEHICLE,6.0,STRAIGHT & LEVEL,2.0,DAYLIGHT,,,N,14,00,2013-06-22 14:00:00,38.2450027,-85.8299585,POINT (-85.8299585 38.2450027),0
105802,71318947,LOUISVILLE METRO POLICE DEPT,8013046382,AC,56,US0031W ,,DR W J HODGE,ST   ,,38.2532971,-85.7858492,19.963,6/23/2013,2103,,MADISON,ST   ,,,,,,,2,1,0,1,2.0,CLEAR,1.0,DRY,N,2.0,FEDERAL,2.0,COLLISION WITH BICYCLE,9.0,SINGLE VEHICLE,6.0,STRAIGHT & LEVEL,3.0,DUSK,,,N,21,03,2013-06-23 21:03:00,38.2532971,-85.7858492,POINT (-85.7858492 38.2532971),0
106158,71320773,LOUISVILLE METRO POLICE DEPT,8013047570,AC,56,KY2845  ,,MANSLICK,RD   ,E ,38.1179972,-85.6629276,0.968,6/27/2013,2013,,,,,,,,,,2,1,0,2,2.0,CLEAR,1.0,DRY,N,7.0,STATE,37.0,COLLISION WITH BICYCLIST,9.0,SINGLE VEHICLE,6.0,STRAIGHT & LEVEL,2.0,DAYLIGHT,,,N,20,13,2013-06-27 20:13:00,38.1179972,-85.6629276,POINT (-85.6629276 38.1179972),0
106233,71321439,LOUISVILLE METRO POLICE DEPT,8013047682,AC,56,US0031W ,,DIXIE,HWY  ,,38.1092777,-85.8654914,8.765,6/28/2013,000005,,ALANADALE,DR   ,,,,,,,2,1,0,1,2.0,CLEAR,1.0,DRY,Y,2.0,FEDERAL,2.0,COLLISION WITH BICYCLE,9.0,SINGLE VEHICLE,6.0,STRAIGHT & LEVEL,2.0,DAYLIGHT,,,N,00,00,2013-06-28 00:00:00,38.1092777,-85.8654914,POINT (-85.8654914 38.1092777),0
106290,71322466,SHIVELY POLICE DEPARTMENT,0413001276,AC,56,US0031W ,,DIXIE,HWY  ,,38.2048585,-85.8000232,16.319,6/28/2013,2200,,CLINTON,PL   ,,,,,,,2,1,0,1,2.0,CLEAR,1.0,DRY,N,2.0,FEDERAL,2.0,COLLISION WITH BICYCLE,9.0,SINGLE VEHICLE,6.0,STRAIGHT & LEVEL,5.0,DARK-HWY LIGHTED/ON,,,N,22,00,2013-06-28 22:00:00,38.2048585,-85.8000232,POINT (-85.8000232 38.2048585),0
106299,71331908,INDIAN HILLS POLICE DEPARTMENT,4413000045,AC,56,,,COUNTRY,LN   ,,38.2686034,-85.6719533,0.287,6/28/2013,1915,,PENNINGTON,LN   ,,,,,,,2,1,0,1,2.0,CLEAR,1.0,DRY,N,5.0,LOCAL STREET,2.0,COLLISION WITH BICYCLE,9.0,SINGLE VEHICLE,6.0,STRAIGHT & LEVEL,2.0,DAYLIGHT,,,N,19,15,2013-06-28 19:15:00,38.2686034,-85.6719533,POINT (-85.6719533 38.2686034),0
106539,71322633,LOUISVILLE METRO POLICE DEPT,8013048928,AC,56,,,ARCADE,AVE  ,,38.2021221,-85.7814939,0.0,7/2/2013,1838,US0060A ,TAYLOR,BLVD ,,,,,,,2,1,0,1,2.0,CLEAR,1.0,DRY,N,5.0,LOCAL STREET,2.0,COLLISION WITH BICYCLE,9.0,SINGLE VEHICLE,6.0,STRAIGHT & LEVEL,2.0,DAYLIGHT,,,N,18,38,2013-07-02 18:38:00,38.2021221,-85.7814939,POINT (-85.7814939 38.2021221),0
106668,71323447,JEFFERSONTOWN POLICE DEPT,A0739669  ,AC,56,KY0155  ,,TAYLORSVILLE,RD   ,,38.2061587,-85.5811314,10.547,7/4/2013,1915,,,,,PATTI,LN   ,,TUCKER,RD   ,2,1,0,1,6.0,RAINING,5.0,WET,N,7.0,STATE,37.0,COLLISION WITH BICYCLIST,9.0,SINGLE VEHICLE,6.0,STRAIGHT & LEVEL,2.0,DAYLIGHT,,,N,19,15,2013-07-04 19:15:00,38.2061587,-85.5811314,POINT (-85.5811314 38.2061587),0
106904,71326799,LOUISVILLE METRO POLICE DEPT,8013049964,AC,56,,,BRIARBRIDGE,LN   ,,38.2102176,-85.642216,0.0,7/6/2013,2213,,HIKES,LN   ,,,,,,,2,1,0,1,2.0,CLEAR,1.0,DRY,N,5.0,LOCAL STREET,2.0,COLLISION WITH BICYCLE,9.0,SINGLE VEHICLE,6.0,STRAIGHT & LEVEL,5.0,DARK-HWY LIGHTED/ON,,,N,22,13,2013-07-06 22:13:00,38.2102176,-85.642216,POINT (-85.642216 38.2102176),0
107030,71325149,LOUISVILLE METRO POLICE DEPT,8013050389,AC,56,I 0065  ,,,,,38.2531097,-85.7503991,0.076,7/8/2013,1837,,BROOK,ST   ,,,,,,,2,1,0,1,2.0,CLEAR,1.0,DRY,N,4.0,INTERSTATE,2.0,COLLISION WITH BICYCLE,9.0,SINGLE VEHICLE,6.0,STRAIGHT & LEVEL,2.0,DAYLIGHT,,,N,18,37,2013-07-08 18:37:00,38.2531097,-85.7503991,POINT (-85.7503991 38.2531097),0
107034,71325754,LOUISVILLE METRO POLICE DEPT,8013050297,RE,56,,,SHERWOOD,AVE  ,,38.2341018,-85.7040789,0.448,7/8/2013,1427,,,,,CHEROKEE,RD   ,US0031E,BARDSTOWN,RD   ,2,2,0,0,2.0,CLEAR,1.0,DRY,Y,5.0,LOCAL STREET,37.0,COLLISION WITH BICYCLIST,8.0,SIDESWIPE-SAME DIRECTION,6.0,STRAIGHT & LEVEL,2.0,DAYLIGHT,,,N,14,27,2013-07-08 14:27:00,38.2341018,-85.7040789,POINT (-85.7040789 38.2341018),0
107127,71325689,LOUISVILLE METRO POLICE DEPT,8013050884,AC,56,US0031E ,,MAIN,ST   ,E ,38.2554468,-85.7458549,17.456,7/10/2013,1506,KY0061  ,PRESTON,ST   ,,,,,,,2,1,0,1,6.0,RAINING,5.0,WET,N,2.0,FEDERAL,2.0,COLLISION WITH BICYCLE,9.0,SINGLE VEHICLE,6.0,STRAIGHT & LEVEL,2.0,DAYLIGHT,,,N,15,06,2013-07-10 15:06:00,38.2554468,-85.7458549,POINT (-85.7458549 38.2554468),0
107231,816476,LOUISVILLE METRO POLICE DEPT,8013051222,AC,56,US0150  ,,W BORADWAY,,,38.242983333,-85.790283333,,7/11/2013,1643,,26TH,ST   ,,,,,,,2,1,0,0,2.0,CLEAR,1.0,DRY,N,2.0,FEDERAL,2.0,COLLISION WITH BICYCLE,8.0,SIDESWIPE-SAME DIRECTION,6.0,STRAIGHT & LEVEL,2.0,DAYLIGHT,,,,16,43,2013-07-11 16:43:00,38.242983333,-85.790283333,POINT (-85.790283333 38.242983333),0
107297,71326818,LOUISVILLE METRO POLICE DEPT,8013051244,AC,56,,,ALTA VISTA,RD   ,,38.2453683,-85.6878968,0.0,7/11/2013,100000,US0060A ,LEXINGTON,RD   ,,,,,,,2,1,0,0,2.0,CLEAR,1.0,DRY,N,5.0,LOCAL STREET,2.0,COLLISION WITH BICYCLE,9.0,SINGLE VEHICLE,6.0,STRAIGHT & LEVEL,2.0,DAYLIGHT,,,N,10,00,2013-07-11 10:00:00,38.2453683,-85.6878968,POINT (-85.6878968 38.2453683),0
107402,71327522,LOUISVILLE METRO POLICE DEPT,8013051523,AC,56,US0031E ,,MAIN,ST   ,E ,38.2560773,-85.7505867,17.738,7/12/2013,1604,,,,,1ST,ST   ,,BROOK,ST   ,2,1,0,0,2.0,CLEAR,1.0,DRY,N,2.0,FEDERAL,37.0,COLLISION WITH BICYCLIST,9.0,SINGLE VEHICLE,6.0,STRAIGHT & LEVEL,2.0,DAYLIGHT,,,N,16,04,2013-07-12 16:04:00,38.2560773,-85.7505867,POINT (-85.7505867 38.2560773),0
107445,71326932,LOUISVILLE METRO POLICE DEPT,8013051748,AC,56,,,CENTRAL,AVE  ,,38.2063432,-85.7762101,1.028,7/13/2013,1147,,,,,MONTANA,AVE  ,US0060A,TAYLOR,BLVD ,3,2,0,1,2.0,CLEAR,1.0,DRY,N,99.0,NONE OF THE ABOVE,37.0,COLLISION WITH BICYCLIST,1.0,ANGLE,6.0,STRAIGHT & LEVEL,2.0,DAYLIGHT,,,N,11,47,2013-07-13 11:47:00,38.2063432,-85.7762101,POINT (-85.7762101 38.2063432),0
107469,71326966,LOUISVILLE METRO POLICE DEPT,8013051898,AC,56,,,HILL,ST   ,W ,38.2278058,-85.7786562,1.192,7/13/2013,2148,,,,,,,,,,3,2,0,2,2.0,CLEAR,1.0,DRY,N,5.0,LOCAL STREET,37.0,COLLISION WITH BICYCLIST,3.0,HEAD ON,5.0,STRAIGHT & HILLCREST,4.0,DARK-HWY LIGHTED/OFF,,,N,21,48,2013-07-13 21:48:00,38.2278058,-85.7786562,POINT (-85.7786562 38.2278058),0
107473,71326970,LOUISVILLE METRO POLICE DEPT,8013051930,AC,56,US0031E ,,BARDSTOWN,RD   ,,38.231997,-85.7093199,14.626,7/13/2013,2356,US0060A ,EASTERN,PKWY ,,,,,,,2,1,0,0,2.0,CLEAR,1.0,DRY,N,2.0,FEDERAL,2.0,COLLISION WITH BICYCLE,9.0,SINGLE VEHICLE,3.0,CURVE & LEVEL,5.0,DARK-HWY LIGHTED/ON,,,N,23,56,2013-07-13 23:56:00,38.231997,-85.7093199,POINT (-85.7093199 38.231997),0
107635,1187288,LOUISVILLE METRO POLICE DEPT,8013052741,AC,56,,,W BROADWAY,,,38.2468,-85.76675,,7/16/2013,1742,,ROY WILKINS,ST   ,,,,,,,2,1,0,1,2.0,CLEAR,1.0,DRY,N,5.0,LOCAL STREET,2.0,COLLISION WITH BICYCLE,1.0,ANGLE,6.0,STRAIGHT & LEVEL,2.0,DAYLIGHT,,,,17,42,2013-07-16 17:42:00,38.2468,-85.76675,POINT (-85.76675 38.2468),0
107655,71327620,LOUISVILLE METRO POLICE DEPT,8013052573,AC,56,KY1931  ,,ST ANDREWS CHURCH,RD   ,,38.1436775,-85.8360029,3.346,7/16/2013,0830,,,,,WOODY,LN   ,,WOODY,LN   ,2,1,0,1,2.0,CLEAR,1.0,DRY,N,7.0,STATE,37.0,COLLISION WITH BICYCLIST,9.0,SINGLE VEHICLE,6.0,STRAIGHT & LEVEL,2.0,DAYLIGHT,,,N,08,30,2013-07-16 08:30:00,38.1436775,-85.8360029,POINT (-85.8360029 38.1436775),0
107676,71327920,LOUISVILLE METRO POLICE DEPT,8013052765,AC,56,,,LIME KILN,LN   ,,38.3137568,-85.6459097,2.44,7/16/2013,2040,,,,,RIVER KNOLLS,DR   ,,RIVER,RD   ,2,1,0,1,2.0,CLEAR,1.0,DRY,N,5.0,LOCAL STREET,37.0,COLLISION WITH BICYCLIST,9.0,SINGLE VEHICLE,4.0,STRAIGHT & GRADE,2.0,DAYLIGHT,,,N,20,40,2013-07-16 20:40:00,38.3137568,-85.6459097,POINT (-85.6459097 38.3137568),0
107690,71328087,LOUISVILLE METRO POLICE DEPT,8013052696,AC,56,,6101.0,MARAVIAN,DR   ,,38.1669956,-85.8703859,0.005,7/16/2013,1545,,,,,,,,,,2,1,0,1,2.0,CLEAR,1.0,DRY,N,5.0,LOCAL STREET,37.0,COLLISION WITH BICYCLIST,9.0,SINGLE VEHICLE,6.0,STRAIGHT & LEVEL,2.0,DAYLIGHT,,,N,15,45,2013-07-16 15:45:00,38.1669956,-85.8703859,POINT (-85.8703859 38.1669956),0
107701,71327931,LOUISVILLE METRO POLICE DEPT,8013052823,AC,56,,,31ST,ST   ,S ,38.2481644,-85.8037525,0.521,7/16/2013,2218,,,,,,,,,,2,1,0,1,2.0,CLEAR,1.0,DRY,N,5.0,LOCAL STREET,37.0,COLLISION WITH BICYCLIST,9.0,SINGLE VEHICLE,6.0,STRAIGHT & LEVEL,5.0,DARK-HWY LIGHTED/ON,,,N,22,18,2013-07-16 22:18:00,38.2481644,-85.8037525,POINT (-85.8037525 38.2481644),0
107719,71331086,LOUISVILLE METRO POLICE DEPT,8013052741,AC,56,US0150  ,,BROADWAY,,W ,38.2469465,-85.7668132,1.937,7/16/2013,1742,,ROY WILKINS,AVE  ,,,,,,,2,1,0,1,2.0,CLEAR,1.0,DRY,N,2.0,FEDERAL,2.0,COLLISION WITH BICYCLE,9.0,SINGLE VEHICLE,6.0,STRAIGHT & LEVEL,2.0,DAYLIGHT,,,N,17,42,2013-07-16 17:42:00,38.2469465,-85.7668132,POINT (-85.7668132 38.2469465),0
107758,71328154,LOUISVILLE METRO POLICE DEPT,8013052971,AC,56,,,ORMSBY,AVE  ,W ,38.2354416,-85.7875784,1.698,7/17/2013,1348,,DIXIE,HWY  ,,,,,,,2,1,0,1,2.0,CLEAR,1.0,DRY,N,5.0,LOCAL STREET,2.0,COLLISION WITH BICYCLE,9.0,SINGLE VEHICLE,6.0,STRAIGHT & LEVEL,2.0,DAYLIGHT,,,N,13,48,2013-07-17 13:48:00,38.2354416,-85.7875784,POINT (-85.7875784 38.2354416),0
107930,71329482,LOUISVILLE METRO POLICE DEPT,8013053520,AC,56,,,PLYMOUTH,CT   ,,38.2505308,-85.7780017,0.182,7/19/2013,0750,,16TH,ST   ,,,,,,,2,1,0,1,2.0,CLEAR,1.0,DRY,N,5.0,LOCAL STREET,2.0,COLLISION WITH BICYCLE,9.0,SINGLE VEHICLE,6.0,STRAIGHT & LEVEL,2.0,DAYLIGHT,,,N,07,50,2013-07-19 07:50:00,38.2505308,-85.7780017,POINT (-85.7780017 38.2505308),0
107956,71329612,LOUISVILLE METRO POLICE DEPT,8013053680,AC,56,US0031W ,,DIXIE,HWY  ,,38.221301,-85.7931997,2.002,7/19/2013,00007,,BERNHEIM,LN   ,,,,,,,2,1,0,1,2.0,CLEAR,1.0,DRY,N,2.0,FEDERAL,2.0,COLLISION WITH BICYCLE,9.0,SINGLE VEHICLE,6.0,STRAIGHT & LEVEL,2.0,DAYLIGHT,,,N,00,00,2013-07-19 00:00:00,38.221301,-85.7931997,POINT (-85.7931997 38.221301),0
108045,71329667,LOUISVILLE METRO POLICE DEPT,8013053953,AC,56,,,WINTER LAKE,DR   ,,38.0738117,-85.8770715,0.004,7/20/2013,00000,,AUTUMN LAKE,DR   ,,,,,,,2,1,0,0,2.0,CLEAR,1.0,DRY,N,5.0,LOCAL STREET,2.0,COLLISION WITH BICYCLE,9.0,SINGLE VEHICLE,6.0,STRAIGHT & LEVEL,2.0,DAYLIGHT,,,N,00,00,2013-07-20 00:00:00,38.0738117,-85.8770715,POINT (-85.8770715 38.0738117),0
108163,71330232,LOUISVILLE METRO POLICE DEPT,8013054354,AC,56,KY1931  ,,MANSLICK,RD   ,,38.1916727,-85.8008524,8.106,7/22/2013,1126,,MARCH,BLVD ,,,,,,,2,1,0,1,3.0,CLOUDY,5.0,WET,N,7.0,STATE,2.0,COLLISION WITH BICYCLE,9.0,SINGLE VEHICLE,6.0,STRAIGHT & LEVEL,2.0,DAYLIGHT,,,N,11,26,2013-07-22 11:26:00,38.1916727,-85.8008524,POINT (-85.8008524 38.1916727),0
108181,71330262,LOUISVILLE METRO POLICE DEPT,8013054510,AC,56,KY2050  ,,HERR,LN   ,,38.2839071,-85.6279589,2.182,7/22/2013,1500,,BROWNSBORO,RD   ,,,,,,,2,1,0,1,6.0,RAINING,5.0,WET,Y,7.0,STATE,2.0,COLLISION WITH BICYCLE,9.0,SINGLE VEHICLE,6.0,STRAIGHT & LEVEL,2.0,DAYLIGHT,,,N,15,00,2013-07-22 15:00:00,38.2839071,-85.6279589,POINT (-85.6279589 38.2839071),0
108217,71331561,SHIVELY POLICE DEPARTMENT,0413001445,AC,56,KY2049  ,,CRUMS,LN   ,,38.1950944,-85.8263605,0.656,7/22/2013,1853,,,,,BURRELL,DR   ,,CHEVIOT,DR   ,2,1,0,1,2.0,CLEAR,1.0,DRY,N,7.0,STATE,37.0,COLLISION WITH BICYCLIST,9.0,SINGLE VEHICLE,6.0,STRAIGHT & LEVEL,2.0,DAYLIGHT,,,N,18,53,2013-07-22 18:53:00,38.1950944,-85.8263605,POINT (-85.82636050000001 38.1950944),0
108227,71333356,LOUISVILLE METRO POLICE DEPT,8013054496,AC,56,,,6TH,ST   ,S ,38.2557443,-85.7600531,0.086,7/22/2013,1752,US0031W ,MARKET,ST   ,,,,,,,2,1,0,0,2.0,CLEAR,1.0,DRY,Y,5.0,LOCAL STREET,2.0,COLLISION WITH BICYCLE,9.0,SINGLE VEHICLE,6.0,STRAIGHT & LEVEL,2.0,DAYLIGHT,,,N,17,52,2013-07-22 17:52:00,38.2557443,-85.7600531,POINT (-85.76005309999999 38.2557443),0
108289,71333289,GRAYMOOR-DEVONDALE POLICE DEPT,5013000156,AC,56,,,WHIPPS MILL,RD   ,,38.2676376,-85.5788703,1.918,7/23/2013,1418,KY0146  ,NEW LA GRANGE,RD   ,,,,,,,2,1,0,1,2.0,CLEAR,1.0,DRY,N,5.0,LOCAL STREET,2.0,COLLISION WITH BICYCLE,9.0,SINGLE VEHICLE,6.0,STRAIGHT & LEVEL,2.0,DAYLIGHT,,,N,14,18,2013-07-23 14:18:00,38.2676376,-85.5788703,POINT (-85.57887030000001 38.2676376),0
108450,71331619,ST. MATTHEWS POLICE DEPARTMENT,0313001706,AC,56,KY1932  ,,CHENOWETH,LN   ,,38.256279,-85.6581435,5.808,7/26/2013,1018,,MASSIE,AVE  ,,,,,,,2,1,0,0,2.0,CLEAR,1.0,DRY,N,7.0,STATE,2.0,COLLISION WITH BICYCLE,9.0,SINGLE VEHICLE,6.0,STRAIGHT & LEVEL,2.0,DAYLIGHT,,,N,10,18,2013-07-26 10:18:00,38.256279,-85.6581435,POINT (-85.65814349999999 38.256279),0
108499,71332389,LOUISVILLE METRO POLICE DEPT,8013055655,AC,56,,2216.0,OAK,ST   ,W ,38.2375173,-85.7911656,1.965,7/26/2013,1435,,,,,,,,,,2,1,0,1,2.0,CLEAR,1.0,DRY,N,5.0,LOCAL STREET,37.0,COLLISION WITH BICYCLIST,9.0,SINGLE VEHICLE,6.0,STRAIGHT & LEVEL,2.0,DAYLIGHT,,,N,14,35,2013-07-26 14:35:00,38.2375173,-85.7911656,POINT (-85.7911656 38.2375173),0
108654,71332516,LOUISVILLE METRO POLICE DEPT,8013056344,AC,56,KY0864  ,,POPLAR LEVEL,RD   ,,38.1672632,-85.6817528,8.881,7/29/2013,0910,,RANGELAND,RD   ,,,,,,,2,1,0,1,2.0,CLEAR,2.0,ICE,N,7.0,STATE,2.0,COLLISION WITH BICYCLE,9.0,SINGLE VEHICLE,6.0,STRAIGHT & LEVEL,2.0,DAYLIGHT,,,N,09,10,2013-07-29 09:10:00,38.1672632,-85.6817528,POINT (-85.6817528 38.1672632),0
108734,71336985,LOUISVILLE METRO POLICE DEPT,8013056601,AC,56,,,CHESTNUT,ST   ,W ,38.2510025,-85.7760053,1.368,7/29/2013,2100,,15TH,ST   ,,,,,,,2,1,0,1,2.0,CLEAR,1.0,DRY,Y,5.0,LOCAL STREET,2.0,COLLISION WITH BICYCLE,9.0,SINGLE VEHICLE,6.0,STRAIGHT & LEVEL,5.0,DARK-HWY LIGHTED/ON,,,N,21,00,2013-07-29 21:00:00,38.2510025,-85.7760053,POINT (-85.77600529999999 38.2510025),0