,MASTER FILE NUMBER,INVESTIGATING AGENCY,LOCAL CODE,COLLISION STATUS CODE,COUNTY NAME,ROADWAY NUMBER,BLOCK/HOUSE #,ROADWAY NAME,ROADWAY SUFFIX,ROADWAY DIRECTION CODE,GPS LATITUDE DECIMAL,GPS LONGITUDE DECIMAL,MILEPOINT DERIVED,COLLISION DATE,COLLISION TIME,INTERSECTION ROADWAY #,INTERSECTION ROADWAY NAME,INTERSECTION ROADWAY SFX,BETWEEN STREET ROADWAY # 1,BETWEEN STREET ROADWAY NAME 1,BETWEEN STREET ROADWAY SFX 1,BETWEEN STREET ROADWAY # 2,BETWEEN STREET ROADWAY NAME 2,BETWEEN STREET ROADWAY SFX 2,UNITS INVOLVED,MOTOR VEHICLES INVOLVED,KILLED,INJURED,WEATHER CODE,WEATHER,ROADWAY CONDITION CODE,ROADWAY CONDITION,HIT & RUN INDICATOR,ROADWAY TYPE CODE,ROADWAY TYPE,DIRECTIONAL ANALYSIS CODE,DIRECTIONAL ANALYSIS,MANNER OF COLLISION CODE,MANNER OF COLLISION,ROADWAY CHARACTER CODE,ROADWAY CHARACTER,LIGHT CONDITION CODE,LIGHT CONDITION,RAMP FROM ROADWAY ID,RAMP TO ROADWAY ID,SECONDARY COLLISION INDICATOR,hour,minute,Date,Latitude,Longitude,geometry,index_right
114137,71358804,SHIVELY POLICE DEPARTMENT,0413002023,AC,56,,,GRANDVIEW,DR   ,,38.1769735,-85.8259126,0.099,10/1/2013,1628,,,,KY2051  ,ROCKFORD,LN   ,,SAN JOSE,AVE  ,2,1,0,0,2.0,CLEAR,1.0,DRY,Y,5.0,LOCAL STREET,37.0,COLLISION WITH BICYCLIST,9.0,SINGLE VEHICLE,6.0,STRAIGHT & LEVEL,2.0,DAYLIGHT,,,N,16,28,2013-10-01 16:28:00,38.1769735,-85.8259126,POINT (-85.8259126 38.1769735),0
114206,71359351,LOUISVILLE METRO POLICE DEPT,8013075492,AC,56,US0060A ,,TAYLOR,BLVD ,,38.2021234,-85.7814501,1.891,10/2/2013,1130,,ARCADE,AVE  ,,,,,,,2,1,0,1,3.0,CLOUDY,1.0,DRY,Y,2.0,FEDERAL,2.0,COLLISION WITH BICYCLE,9.0,SINGLE VEHICLE,6.0,STRAIGHT & LEVEL,2.0,DAYLIGHT,,,N,11,30,2013-10-02 11:30:00,38.2021234,-85.7814501,POINT (-85.7814501 38.2021234),0
114232,71359374,LOUISVILLE METRO POLICE DEPT,8013075622,AC,56,,,APPLE VALLEY,DR   ,,38.1374243,-85.6212832,0.0,10/2/2013,1653,,,,,,,,,,2,1,0,1,3.0,CLOUDY,1.0,DRY,Y,1.0,COUNTY ROAD,37.0,COLLISION WITH BICYCLIST,9.0,SINGLE VEHICLE,6.0,STRAIGHT & LEVEL,2.0,DAYLIGHT,,,N,16,53,2013-10-02 16:53:00,38.1374243,-85.6212832,POINT (-85.62128319999999 38.1374243),0
114243,71359556,ST. MATTHEWS POLICE DEPARTMENT,0313002358,RE,56,,,DAYTON,AVE  ,,38.2500528,-85.6543788,0.232,10/2/2013,1515,,WILTSHIRE,AVE  ,,,,,,,1,1,0,0,3.0,CLOUDY,1.0,DRY,Y,5.0,LOCAL STREET,2.0,COLLISION WITH BICYCLE,9.0,SINGLE VEHICLE,6.0,STRAIGHT & LEVEL,2.0,DAYLIGHT,,,N,15,15,2013-10-02 15:15:00,38.2500528,-85.6543788,POINT (-85.6543788 38.2500528),0
114264,71359729,LOUISVILLE METRO POLICE DEPT,8013075536,AC,56,,,CARDINAL,BLVD ,W ,38.2205603,-85.7611784,0.181,10/2/2013,1330,KY1020  ,3RD,ST   ,,,,,,,2,1,0,1,3.0,CLOUDY,1.0,DRY,N,5.0,LOCAL STREET,2.0,COLLISION WITH BICYCLE,9.0,SINGLE VEHICLE,6.0,STRAIGHT & LEVEL,2.0,DAYLIGHT,,,N,13,30,2013-10-02 13:30:00,38.2205603,-85.7611784,POINT (-85.76117840000001 38.2205603),0
114318,71359753,LOUISVILLE METRO POLICE DEPT,8013075823,AC,56,,,4TH,ST   ,S ,38.2152438,-85.7637947,2.881,10/3/2013,1110,,,,,INDUSTRY,RD   ,,BRANDEIS,AVE  ,2,1,0,1,3.0,CLOUDY,1.0,DRY,Y,5.0,LOCAL STREET,37.0,COLLISION WITH BICYCLIST,9.0,SINGLE VEHICLE,4.0,STRAIGHT & GRADE,2.0,DAYLIGHT,,,N,11,10,2013-10-03 11:10:00,38.2152438,-85.7637947,POINT (-85.76379470000001 38.2152438),0
114466,71360736,LOUISVILLE METRO POLICE DEPT,8013076250,AC,56,,,HANCOCK,ST   ,S ,38.2550337,-85.7422987,0.026,10/4/2013,1639,US0031E ,MAIN,ST   ,,,,,,,2,1,0,1,3.0,CLOUDY,1.0,DRY,N,5.0,LOCAL STREET,2.0,COLLISION WITH BICYCLE,9.0,SINGLE VEHICLE,6.0,STRAIGHT & LEVEL,2.0,DAYLIGHT,,,N,16,39,2013-10-04 16:39:00,38.2550337,-85.7422987,POINT (-85.74229870000001 38.2550337),0
114873,71362238,LOUISVILLE METRO POLICE DEPT,8013077603,AC,56,,,GREYLING,DR   ,,38.1183503,-85.7973039,0.124,10/9/2013,00000,,,,KY2055  ,MANSLICK,RD   ,,ACRES,LN   ,2,1,0,1,2.0,CLEAR,1.0,DRY,N,5.0,LOCAL STREET,37.0,COLLISION WITH BICYCLIST,9.0,SINGLE VEHICLE,4.0,STRAIGHT & GRADE,2.0,DAYLIGHT,,,N,00,00,2013-10-09 00:00:00,38.1183503,-85.7973039,POINT (-85.7973039 38.1183503),0
115048,71363395,LOUISVILLE METRO POLICE DEPT,8013078095,AC,56,KY0061  ,,PRESTON,HWY  ,,38.1487964,-85.692483,4.731,10/11/2013,1300,,OAKLAWN,DR   ,,,,,,,2,1,0,1,2.0,CLEAR,1.0,DRY,N,7.0,STATE,2.0,COLLISION WITH BICYCLE,9.0,SINGLE VEHICLE,6.0,STRAIGHT & LEVEL,2.0,DAYLIGHT,,,N,13,00,2013-10-11 13:00:00,38.1487964,-85.692483,POINT (-85.692483 38.1487964),0
115072,71363437,LOUISVILLE METRO POLICE DEPT,8013078214,AC,56,US0060A ,,TAYLOR,BLVD ,,38.1977411,-85.7828293,1.565,10/11/2013,1813,,SALE,AVE  ,,,,,,,2,1,0,0,2.0,CLEAR,1.0,DRY,N,2.0,FEDERAL,2.0,COLLISION WITH BICYCLE,9.0,SINGLE VEHICLE,6.0,STRAIGHT & LEVEL,2.0,DAYLIGHT,,,N,18,13,2013-10-11 18:13:00,38.1977411,-85.7828293,POINT (-85.7828293 38.1977411),0
115133,1927281,LOUISVILLE METRO POLICE DEPT,8013078465,AC,56,,,29TH STREET,,,38.201666667,-85.536666667,,10/12/2013,1657,,CROP STREET,,,,,,,,2,1,0,1,2.0,CLEAR,1.0,DRY,N,5.0,LOCAL STREET,2.0,COLLISION WITH BICYCLE,3.0,HEAD ON,6.0,STRAIGHT & LEVEL,2.0,DAYLIGHT,,,,16,57,2013-10-12 16:57:00,38.201666667,-85.536666667,POINT (-85.53666666700001 38.201666667),0
115173,71363477,LOUISVILLE METRO POLICE DEPT,8013078384,AC,56,KY1020  ,,SOUTHERN,PKWY ,,38.185196,-85.7674236,8.075,10/12/2013,1151,,,,,ASHLAND,AVE  ,,WELLINGTON,AVE  ,2,1,0,1,2.0,CLEAR,1.0,DRY,N,7.0,STATE,37.0,COLLISION WITH BICYCLIST,9.0,SINGLE VEHICLE,6.0,STRAIGHT & LEVEL,2.0,DAYLIGHT,,,N,11,51,2013-10-12 11:51:00,38.185196,-85.7674236,POINT (-85.7674236 38.185196),0
115864,71367531,LOUISVILLE METRO POLICE DEPT,8013080917,AC,56,,,STARMONT,RD   ,,38.2830063,-85.6641619,0.05,10/21/2013,1420,,HIGH CANYON,RD   ,,,,,,,2,1,0,1,2.0,CLEAR,1.0,DRY,N,5.0,LOCAL STREET,2.0,COLLISION WITH BICYCLE,9.0,SINGLE VEHICLE,6.0,STRAIGHT & LEVEL,2.0,DAYLIGHT,,,N,14,20,2013-10-21 14:20:00,38.2830063,-85.6641619,POINT (-85.6641619 38.2830063),0
115891,71367537,LOUISVILLE METRO POLICE DEPT,8013080941,AC,56,,,BLANTON,LN   ,,38.1521999,-85.8199713,0.954,10/21/2013,1544,,,,,BROOKLAWN,DR   ,KY1931,ST ANDREWS CHURCH,RD   ,2,1,0,1,2.0,CLEAR,1.0,DRY,N,1.0,COUNTY ROAD,37.0,COLLISION WITH BICYCLIST,9.0,SINGLE VEHICLE,6.0,STRAIGHT & LEVEL,2.0,DAYLIGHT,,,N,15,44,2013-10-21 15:44:00,38.1521999,-85.8199713,POINT (-85.81997130000001 38.1521999),0
115948,71368062,LOUISVILLE METRO POLICE DEPT,8013081202,AC,56,US0042  ,,MELLWOOD,AVE  ,,38.2575716,-85.7195991,0.793,10/22/2013,1313,,,,,STEVENSON,AVE  ,US0060,FRANKFORT,AVE  ,2,1,0,1,2.0,CLEAR,1.0,DRY,N,2.0,FEDERAL,37.0,COLLISION WITH BICYCLIST,9.0,SINGLE VEHICLE,6.0,STRAIGHT & LEVEL,2.0,DAYLIGHT,,,N,13,13,2013-10-22 13:13:00,38.2575716,-85.7195991,POINT (-85.7195991 38.2575716),0
116216,1927669,LOUISVILLE METRO POLICE DEPT,8013082201,AC,56,,,CHENOWETH LANE,,,38.262233333,-85.663066667,,10/25/2013,1848,,NAPANEE ROAD,,,,,,,,2,1,0,1,2.0,CLEAR,1.0,DRY,N,5.0,LOCAL STREET,2.0,COLLISION WITH BICYCLE,8.0,SIDESWIPE-SAME DIRECTION,6.0,STRAIGHT & LEVEL,3.0,DUSK,,,,18,48,2013-10-25 18:48:00,38.262233333,-85.663066667,POINT (-85.663066667 38.262233333),0
116229,71369795,LOUISVILLE METRO POLICE DEPT,8013081984,AC,56,KY1065  ,,OUTER,LOOP ,,38.1300702,-85.7370486,3.201,10/25/2013,0138,,,,,,,,,,2,1,0,1,2.0,CLEAR,1.0,DRY,N,7.0,STATE,37.0,COLLISION WITH BICYCLIST,9.0,SINGLE VEHICLE,6.0,STRAIGHT & LEVEL,6.0,DARK-HWY NOT LIGHTED,,,N,01,38,2013-10-25 01:38:00,38.1300702,-85.7370486,POINT (-85.73704859999999 38.1300702),0
116412,71369931,LOUISVILLE METRO POLICE DEPT,8013082675,AC,56,US0060A ,,EASTERN,PKWY ,,38.2170103,-85.7383034,4.862,10/27/2013,1539,,DELOR,AVE  ,,,,,,,2,1,0,0,2.0,CLEAR,1.0,DRY,N,2.0,FEDERAL,2.0,COLLISION WITH BICYCLE,9.0,SINGLE VEHICLE,6.0,STRAIGHT & LEVEL,2.0,DAYLIGHT,,,N,15,39,2013-10-27 15:39:00,38.2170103,-85.7383034,POINT (-85.73830340000001 38.2170103),0
116508,71370488,LOUISVILLE METRO POLICE DEPT,8013083023,AC,56,,,ANDERSON,ST   ,,38.2484612,-85.7857934,0.32,10/28/2013,1757,,,,,KENDALL,CT   ,US0031W,DR W J HODGE,ST   ,2,1,0,1,2.0,CLEAR,1.0,DRY,Y,5.0,LOCAL STREET,37.0,COLLISION WITH BICYCLIST,9.0,SINGLE VEHICLE,6.0,STRAIGHT & LEVEL,2.0,DAYLIGHT,,,N,17,57,2013-10-28 17:57:00,38.2484612,-85.7857934,POINT (-85.7857934 38.2484612),0
116735,71372077,LOUISVILLE METRO POLICE DEPT,8013083487,AC,56,US0150  ,,BROADWAY,,W ,38.2458368,-85.7550469,2.56,10/30/2013,0918,KY1020  ,2ND,ST   ,,,,,,,2,1,0,1,3.0,CLOUDY,5.0,WET,N,2.0,FEDERAL,2.0,COLLISION WITH BICYCLE,9.0,SINGLE VEHICLE,6.0,STRAIGHT & LEVEL,2.0,DAYLIGHT,,,N,09,18,2013-10-30 09:18:00,38.2458368,-85.7550469,POINT (-85.7550469 38.2458368),0
116886,71372200,LOUISVILLE METRO POLICE DEPT,8013084001,AC,56,,,WALLIE ANN,CT   ,,38.2188497,-85.79082,0.165,10/31/2013,1731,,WILART,DR   ,,,,,,,2,1,0,1,6.0,RAINING,5.0,WET,N,5.0,LOCAL STREET,2.0,COLLISION WITH BICYCLE,9.0,SINGLE VEHICLE,6.0,STRAIGHT & LEVEL,2.0,DAYLIGHT,,,N,17,31,2013-10-31 17:31:00,38.2188497,-85.79082,POINT (-85.79082 38.2188497),0
116914,71372974,LOUISVILLE METRO POLICE DEPT,8013084074,AC,56,,,GRAND,AVE  ,,38.2431722,-85.8212811,1.669,10/31/2013,2022,,CECIL,AVE  ,,,,,,,2,1,0,1,6.0,RAINING,5.0,WET,Y,5.0,LOCAL STREET,2.0,COLLISION WITH BICYCLE,9.0,SINGLE VEHICLE,3.0,CURVE & LEVEL,3.0,DUSK,,,N,20,22,2013-10-31 20:22:00,38.2431722,-85.8212811,POINT (-85.82128109999999 38.2431722),0
117145,71373119,LOUISVILLE METRO POLICE DEPT,8013084756,AC,56,KY0864  ,,GOSS,AVE  ,,38.2247262,-85.7312378,13.791,11/3/2013,1458,,,,US0060A ,EASTERN,PKWY ,,REASOR,AVE  ,2,1,0,0,3.0,CLOUDY,1.0,DRY,N,7.0,STATE,37.0,COLLISION WITH BICYCLIST,9.0,SINGLE VEHICLE,5.0,STRAIGHT & HILLCREST,2.0,DAYLIGHT,,,N,14,58,2013-11-03 14:58:00,38.2247262,-85.7312378,POINT (-85.7312378 38.2247262),0
117307,71374929,LOUISVILLE METRO POLICE DEPT,8013085352,RE,56,,,WILLIS,AVE  ,,38.2515592,-85.6541409,0.663,11/5/2013,1515,,,,KY1932  ,BRECKENRIDGE,LN   ,,WILTSHIRE,AVE  ,2,2,0,0,2.0,CLEAR,1.0,DRY,N,5.0,LOCAL STREET,37.0,COLLISION WITH BICYCLIST,1.0,ANGLE,6.0,STRAIGHT & LEVEL,2.0,DAYLIGHT,,,N,15,15,2013-11-05 15:15:00,38.2515592,-85.6541409,POINT (-85.6541409 38.2515592),0
117346,1926563,LOUISVILLE METRO POLICE DEPT,8013085752,AC,56,,,TAYLORSVILLE RD,,,38.201666667,-85.536666667,,11/6/2013,1820,,FURMAN LN,,,,,,,,2,1,0,1,6.0,RAINING,5.0,WET,N,99.0,NONE OF THE ABOVE,2.0,COLLISION WITH BICYCLE,1.0,ANGLE,6.0,STRAIGHT & LEVEL,5.0,DARK-HWY LIGHTED/ON,,,,18,20,2013-11-06 18:20:00,38.201666667,-85.536666667,POINT (-85.53666666700001 38.201666667),0
117437,71375015,LOUISVILLE METRO POLICE DEPT,8013085721,AC,56,US0150  ,,BROADWAY,,E ,38.2456501,-85.7525255,2.694,11/6/2013,100000,,,,,1ST,ST   ,,BROOK,ST   ,2,1,0,1,6.0,RAINING,5.0,WET,N,2.0,FEDERAL,37.0,COLLISION WITH BICYCLIST,9.0,SINGLE VEHICLE,6.0,STRAIGHT & LEVEL,3.0,DUSK,,,N,10,00,2013-11-06 10:00:00,38.2456501,-85.7525255,POINT (-85.7525255 38.2456501),0
117866,71376374,LOUISVILLE METRO POLICE DEPT,8013086821,AC,56,KY1934  ,,CANE RUN,RD   ,,38.2025791,-85.8334229,9.535,11/11/2013,1815,,FARNSLEY,RD   ,,,,,,,2,1,0,0,2.0,CLEAR,1.0,DRY,N,7.0,STATE,2.0,COLLISION WITH BICYCLE,9.0,SINGLE VEHICLE,6.0,STRAIGHT & LEVEL,5.0,DARK-HWY LIGHTED/ON,,,N,18,15,2013-11-11 18:15:00,38.2025791,-85.8334229,POINT (-85.8334229 38.2025791),0
118032,71378000,LOUISVILLE METRO POLICE DEPT,8013087476,AC,56,,,4TH,ST   ,S ,38.2552297,-85.7567849,0.097,11/13/2013,1225,US0031W ,MARKET,ST   ,,,,,,,2,1,0,0,2.0,CLEAR,1.0,DRY,N,5.0,LOCAL STREET,2.0,COLLISION WITH BICYCLE,9.0,SINGLE VEHICLE,6.0,STRAIGHT & LEVEL,2.0,DAYLIGHT,,,N,12,25,2013-11-13 12:25:00,38.2552297,-85.7567849,POINT (-85.7567849 38.2552297),0
118270,71379366,LOUISVILLE METRO POLICE DEPT,8013088051,AC,56,,,6TH,ST   ,S ,38.235256,-85.7636546,1.512,11/15/2013,1320,,OAK,ST   ,,,,,,,2,1,0,0,3.0,CLOUDY,1.0,DRY,N,5.0,LOCAL STREET,2.0,COLLISION WITH BICYCLE,9.0,SINGLE VEHICLE,6.0,STRAIGHT & LEVEL,2.0,DAYLIGHT,,,N,13,20,2013-11-15 13:20:00,38.235256,-85.7636546,POINT (-85.7636546 38.235256),0
118383,71397768,LOUISVILLE METRO POLICE DEPT,8013088424,AC,56,,,KENTUCKY,ST   ,E ,38.237148,-85.7428636,0.648,11/16/2013,2000,,CLAY,ST   ,,,,,,,2,1,0,0,3.0,CLOUDY,1.0,DRY,N,5.0,LOCAL STREET,2.0,COLLISION WITH BICYCLE,9.0,SINGLE VEHICLE,6.0,STRAIGHT & LEVEL,5.0,DARK-HWY LIGHTED/ON,,,N,20,00,2013-11-16 20:00:00,38.237148,-85.7428636,POINT (-85.74286360000001 38.237148),0
119740,71386854,LOUISVILLE METRO POLICE DEPT,8013092842,AC,56,US0031W ,,22ND,ST   ,S ,38.2492167,-85.7882033,19.558,12/3/2013,1830,,BROADWAY,,,,,,,,2,1,0,1,2.0,CLEAR,1.0,DRY,N,2.0,FEDERAL,2.0,COLLISION WITH BICYCLE,9.0,SINGLE VEHICLE,6.0,STRAIGHT & LEVEL,3.0,DUSK,,,N,18,30,2013-12-03 18:30:00,38.2492167,-85.7882033,POINT (-85.78820330000001 38.2492167),0
119785,71387018,LOUISVILLE METRO POLICE DEPT,8013092963,AC,56,,,GRADE,LN   ,,38.1371265,-85.7378836,3.586,12/4/2013,0605,,,,,WALTERS,LN   ,KY1065,OUTER,LOOP ,2,1,0,1,2.0,CLEAR,1.0,DRY,Y,5.0,LOCAL STREET,37.0,COLLISION WITH BICYCLIST,9.0,SINGLE VEHICLE,6.0,STRAIGHT & LEVEL,5.0,DARK-HWY LIGHTED/ON,,,N,06,05,2013-12-04 06:05:00,38.1371265,-85.7378836,POINT (-85.7378836 38.1371265),0
120692,71391726,LOUISVILLE METRO POLICE DEPT,8013095377,AC,56,KY0061  ,,PRESTON,HWY  ,,38.1488095,-85.6924564,4.731,12/13/2013,1225,,OAKLAWN,DR   ,,,,,,,2,1,0,0,2.0,CLEAR,1.0,DRY,N,7.0,STATE,2.0,COLLISION WITH BICYCLE,9.0,SINGLE VEHICLE,6.0,STRAIGHT & LEVEL,2.0,DAYLIGHT,,,N,12,25,2013-12-13 12:25:00,38.1488095,-85.6924564,POINT (-85.6924564 38.1488095),0
120919,71393019,LOUISVILLE METRO POLICE DEPT,8013096200,AC,56,,,4TH,ST   ,S ,38.2462366,-85.7584259,0.724,12/16/2013,1711,US0150  ,BROADWAY,,,,,,,,2,1,0,1,2.0,CLEAR,1.0,DRY,Y,5.0,LOCAL STREET,2.0,COLLISION WITH BICYCLE,9.0,SINGLE VEHICLE,6.0,STRAIGHT & LEVEL,2.0,DAYLIGHT,,,N,17,11,2013-12-16 17:11:00,38.2462366,-85.7584259,POINT (-85.75842590000001 38.2462366),0
121220,71395374,LOUISVILLE METRO POLICE DEPT,8013097019,AC,56,US0031W ,,22ND,ST   ,S ,38.2599116,-85.7863124,20.299,12/19/2013,1435,,MAIN,ST   ,,,,,,,2,1,0,1,2.0,CLEAR,1.0,DRY,N,2.0,FEDERAL,2.0,COLLISION WITH BICYCLE,9.0,SINGLE VEHICLE,6.0,STRAIGHT & LEVEL,2.0,DAYLIGHT,,,N,14,35,2013-12-19 14:35:00,38.2599116,-85.7863124,POINT (-85.7863124 38.2599116),0
121856,71397839,LOUISVILLE METRO POLICE DEPT,8013099166,AC,56,KY0864  ,,SHELBY,ST   ,S ,38.2449102,-85.7394705,15.499,12/28/2013,1511,,,,,GRAY,ST   ,US0150,BROADWAY,,2,1,0,1,2.0,CLEAR,1.0,DRY,N,7.0,STATE,37.0,COLLISION WITH BICYCLIST,9.0,SINGLE VEHICLE,6.0,STRAIGHT & LEVEL,2.0,DAYLIGHT,,,N,15,11,2013-12-28 15:11:00,38.2449102,-85.7394705,POINT (-85.7394705 38.2449102),0
121901,71397888,LOUISVILLE METRO POLICE DEPT,8013099432,AC,56,US0031W ,,DIXIE,HWY  ,,38.0657692,-85.8853507,5.539,12/29/2013,2125,,LANDSTAR,DR   ,,,,,,,2,1,0,0,2.0,CLEAR,1.0,DRY,N,2.0,FEDERAL,2.0,COLLISION WITH BICYCLE,9.0,SINGLE VEHICLE,6.0,STRAIGHT & LEVEL,5.0,DARK-HWY LIGHTED/ON,,,N,21,25,2013-12-29 21:25:00,38.0657692,-85.8853507,POINT (-85.8853507 38.0657692),0
122643,71402360,LOUISVILLE METRO POLICE DEPT,8014002056,AC,56,,,INDIAN,TRL  ,E ,38.1709886,-85.6870963,1.08,1/9/2014,1930,,,,,INDIAN OAKS,CIR  ,,LODEMA,WAY  ,2,1,0,0,2.0,CLEAR,5.0,WET,N,5.0,LOCAL STREET,37.0,COLLISION WITH BICYCLIST,9.0,SINGLE VEHICLE,6.0,STRAIGHT & LEVEL,5.0,DARK-HWY LIGHTED/ON,,,N,19,30,2014-01-09 19:30:00,38.1709886,-85.6870963,POINT (-85.68709629999999 38.1709886),0
122798,1942102,LOUISVILLE METRO POLICE DEPT,8014002666,AC,56,,,ROY WILKINS AVE,,,38.201666667,-85.536666667,,1/11/2014,2308,,W MARKET ST,,,,,,,,2,1,0,0,2.0,CLEAR,1.0,DRY,N,5.0,LOCAL STREET,2.0,COLLISION WITH BICYCLE,1.0,ANGLE,6.0,STRAIGHT & LEVEL,5.0,DARK-HWY LIGHTED/ON,,,,23,08,2014-01-11 23:08:00,38.201666667,-85.536666667,POINT (-85.53666666700001 38.201666667),0
122872,71403357,LOUISVILLE METRO POLICE DEPT,8014002835,AC,56,,,COLONEL HANCOCK,DR   ,,38.1311334,-85.5729427,0.249,1/12/2014,1654,,,,,EAGLE TRACE,DR   ,,TREETOPS,DR   ,2,1,0,1,2.0,CLEAR,1.0,DRY,N,5.0,LOCAL STREET,37.0,COLLISION WITH BICYCLIST,9.0,SINGLE VEHICLE,6.0,STRAIGHT & LEVEL,3.0,DUSK,,,N,16,54,2014-01-12 16:54:00,38.1311334,-85.5729427,POINT (-85.5729427 38.1311334),0
123530,71409567,WEST BUECHEL POLICE DEPT.,0614000038,AC,56,,,BASHFORD,AVE  ,,38.1946755,-85.6611334,0.143,1/19/2014,1530,KY2052  ,SHEPHERDSVILLE,RD   ,,,,,,,2,1,0,1,2.0,CLEAR,1.0,DRY,N,5.0,LOCAL STREET,2.0,COLLISION WITH BICYCLE,9.0,SINGLE VEHICLE,6.0,STRAIGHT & LEVEL,2.0,DAYLIGHT,,,N,15,30,2014-01-19 15:30:00,38.1946755,-85.6611334,POINT (-85.6611334 38.1946755),0
125741,71418367,SHIVELY POLICE DEPARTMENT,0414000320,AC,56,KY1931  ,,7TH STREET,RD   ,,38.2025426,-85.7924747,9.034,2/15/2014,1345,,,,US0060A ,BERRY,BLVD ,KY1931,MANSLICK,RD   ,2,1,0,1,2.0,CLEAR,1.0,DRY,N,7.0,STATE,37.0,COLLISION WITH BICYCLIST,9.0,SINGLE VEHICLE,6.0,STRAIGHT & LEVEL,2.0,DAYLIGHT,,,N,13,45,2014-02-15 13:45:00,38.2025426,-85.7924747,POINT (-85.7924747 38.2025426),0
126262,71421269,ST. MATTHEWS POLICE DEPARTMENT,0314000405,AC,56,KY1932  ,,BRECKENRIDGE,LN   ,,38.2364077,-85.6415918,4.157,2/21/2014,1320,,,,,KRESGE,WAY  ,,DUPONT,RD   ,2,1,0,1,2.0,CLEAR,1.0,DRY,Y,7.0,STATE,37.0,COLLISION WITH BICYCLIST,9.0,SINGLE VEHICLE,6.0,STRAIGHT & LEVEL,2.0,DAYLIGHT,,,N,13,20,2014-02-21 13:20:00,38.2364077,-85.6415918,POINT (-85.6415918 38.2364077),0
126743,71423894,ST. MATTHEWS POLICE DEPARTMENT,0314000468,AC,56,KY1447  ,,WESTPORT,RD   ,,38.2601522,-85.6413594,0.927,2/28/2014,2231,,HUBBARDS,LN   ,,,,,,,2,1,0,1,3.0,CLOUDY,1.0,DRY,N,7.0,STATE,2.0,COLLISION WITH BICYCLE,9.0,SINGLE VEHICLE,6.0,STRAIGHT & LEVEL,4.0,DARK-HWY LIGHTED/OFF,,,N,22,31,2014-02-28 22:31:00,38.2601522,-85.6413594,POINT (-85.6413594 38.2601522),0
127147,71425547,LOUISVILLE METRO POLICE DEPT,8014015582,AC,56,,,RIVER PARK,DR   ,,38.2537004,-85.8009686,1.415,3/5/2014,0823,,,,,,,,,,2,1,0,0,2.0,CLEAR,4.0,SNOW/SLUSH,Y,5.0,LOCAL STREET,37.0,COLLISION WITH BICYCLIST,9.0,SINGLE VEHICLE,6.0,STRAIGHT & LEVEL,2.0,DAYLIGHT,,,N,08,23,2014-03-05 08:23:00,38.2537004,-85.8009686,POINT (-85.8009686 38.2537004),0
127168,71425815,LOUISVILLE METRO POLICE DEPT,8014015781,AC,56,,,BRECKINRIDGE,ST   ,E ,38.2407333,-85.7484333,1.288,3/5/2014,2005,KY0061  ,PRESTON,ST   ,,,,,,,2,1,0,1,2.0,CLEAR,1.0,DRY,Y,5.0,LOCAL STREET,2.0,COLLISION WITH BICYCLE,9.0,SINGLE VEHICLE,6.0,STRAIGHT & LEVEL,5.0,DARK-HWY LIGHTED/ON,,,N,20,05,2014-03-05 20:05:00,38.2407333,-85.7484333,POINT (-85.7484333 38.2407333),0
127358,71426963,LOUISVILLE METRO POLICE DEPT,8014016278,AC,56,,,35TH,ST   ,N ,38.2747077,-85.8045716,0.001,3/7/2014,00000,KY3064  ,NORTHWESTERN,PKWY ,,,,,,,2,1,0,1,2.0,CLEAR,1.0,DRY,N,5.0,LOCAL STREET,2.0,COLLISION WITH BICYCLE,9.0,SINGLE VEHICLE,6.0,STRAIGHT & LEVEL,2.0,DAYLIGHT,,,N,00,00,2014-03-07 00:00:00,38.2747077,-85.8045716,POINT (-85.8045716 38.2747077),0
128487,71432258,LOUISVILLE METRO POLICE DEPT,8014019937,AC,56,,5501.0,BRUCE,AVE  ,,38.1458458,-85.7831477,0.342,3/21/2014,00000,,,,,,,,,,2,1,0,1,2.0,CLEAR,1.0,DRY,N,5.0,LOCAL STREET,37.0,COLLISION WITH BICYCLIST,9.0,SINGLE VEHICLE,6.0,STRAIGHT & LEVEL,2.0,DAYLIGHT,,,N,00,00,2014-03-21 00:00:00,38.1458458,-85.7831477,POINT (-85.7831477 38.1458458),0
128862,71433994,LOUISVILLE METRO POLICE DEPT,8014021307,AC,56,,,12TH,ST   ,S ,38.241977,-85.7727098,0.769,3/27/2014,000002,,GARLAND,AVE  ,,,,,,,2,1,0,1,6.0,RAINING,5.0,WET,Y,5.0,LOCAL STREET,2.0,COLLISION WITH BICYCLE,9.0,SINGLE VEHICLE,6.0,STRAIGHT & LEVEL,2.0,DAYLIGHT,,,N,00,00,2014-03-27 00:00:00,38.241977,-85.7727098,POINT (-85.7727098 38.241977),0
128872,71434017,LOUISVILLE METRO POLICE DEPT,8014021447,AC,56,,,26TH,ST   ,N ,38.2694018,-85.7908544,0.626,3/27/2014,100009,,,,,,,,,,2,1,0,1,2.0,CLEAR,1.0,DRY,N,5.0,LOCAL STREET,37.0,COLLISION WITH BICYCLIST,9.0,SINGLE VEHICLE,6.0,STRAIGHT & LEVEL,2.0,DAYLIGHT,,,N,10,00,2014-03-27 10:00:00,38.2694018,-85.7908544,POINT (-85.7908544 38.2694018),0