,MASTER FILE NUMBER,INVESTIGATING AGENCY,LOCAL CODE,COLLISION STATUS CODE,COUNTY NAME,ROADWAY NUMBER,BLOCK/HOUSE #,ROADWAY NAME,ROADWAY SUFFIX,ROADWAY DIRECTION CODE,GPS LATITUDE DECIMAL,GPS LONGITUDE DECIMAL,MILEPOINT DERIVED,COLLISION DATE,COLLISION TIME,INTERSECTION ROADWAY #,INTERSECTION ROADWAY NAME,INTERSECTION ROADWAY SFX,BETWEEN STREET ROADWAY # 1,BETWEEN STREET ROADWAY NAME 1,BETWEEN STREET ROADWAY SFX 1,BETWEEN STREET ROADWAY # 2,BETWEEN STREET ROADWAY NAME 2,BETWEEN STREET ROADWAY SFX 2,UNITS INVOLVED,MOTOR VEHICLES INVOLVED,KILLED,INJURED,WEATHER CODE,WEATHER,ROADWAY CONDITION CODE,ROADWAY CONDITION,HIT & RUN INDICATOR,ROADWAY TYPE CODE,ROADWAY TYPE,DIRECTIONAL ANALYSIS CODE,DIRECTIONAL ANALYSIS,MANNER OF COLLISION CODE,MANNER OF COLLISION,ROADWAY CHARACTER CODE,ROADWAY CHARACTER,LIGHT CONDITION CODE,LIGHT CONDITION,RAMP FROM ROADWAY ID,RAMP TO ROADWAY ID,SECONDARY COLLISION INDICATOR,hour,minute,Date,Latitude,Longitude,geometry,index_right
129282,71436390,LOUISVILLE METRO POLICE DEPT,8014022804,AC,56,KY1020  ,,3RD,ST   ,S ,38.2514867,-85.7557378,12.484,4/2/2014,1144,,,,,MUHAMMAD ALI,BLVD ,,POST OFFICE,ALY  ,2,1,0,0,3.0,CLOUDY,5.0,WET,N,7.0,STATE,37.0,COLLISION WITH BICYCLIST,9.0,SINGLE VEHICLE,6.0,STRAIGHT & LEVEL,2.0,DAYLIGHT,,,N,11,44,2014-04-02 11:44:00,38.2514867,-85.7557378,POINT (-85.75573780000001 38.2514867),0
129884,71438725,LOUISVILLE METRO POLICE DEPT,8014024887,AC,56,,,RIVER,RD   ,,38.3386475,-85.6263266,5.986,4/10/2014,0717,,MAYFAIR,AVE  ,,,,,,,2,1,0,0,2.0,CLEAR,1.0,DRY,N,5.0,LOCAL STREET,2.0,COLLISION WITH BICYCLE,9.0,SINGLE VEHICLE,6.0,STRAIGHT & LEVEL,2.0,DAYLIGHT,,,N,07,17,2014-04-10 07:17:00,38.3386475,-85.6263266,POINT (-85.6263266 38.3386475),0
129902,71438926,LOUISVILLE METRO POLICE DEPT,8014024922,AC,56,,,BROOK,ST   ,S ,38.2294649,-85.7545558,1.962,4/10/2014,1042,,WOODBINE,ST   ,,,,,,,2,1,0,1,2.0,CLEAR,1.0,DRY,N,5.0,LOCAL STREET,2.0,COLLISION WITH BICYCLE,9.0,SINGLE VEHICLE,4.0,STRAIGHT & GRADE,2.0,DAYLIGHT,,,N,10,42,2014-04-10 10:42:00,38.2294649,-85.7545558,POINT (-85.75455580000001 38.2294649),0
129910,71438940,LOUISVILLE METRO POLICE DEPT,8014025030,AC,56,US0060  ,,FRANKFORT,AVE  ,,38.2541056,-85.671472,2.68,4/10/2014,1600,,,,,FENLEY,AVE  ,,WEISSER,AVE  ,2,1,0,0,2.0,CLEAR,1.0,DRY,N,2.0,FEDERAL,37.0,COLLISION WITH BICYCLIST,9.0,SINGLE VEHICLE,6.0,STRAIGHT & LEVEL,2.0,DAYLIGHT,,,N,16,00,2014-04-10 16:00:00,38.2541056,-85.671472,POINT (-85.67147199999999 38.2541056),0
129935,71438948,LOUISVILLE METRO POLICE DEPT,8014025058,AC,56,,,15TH,ST   ,S ,38.2572563,-85.7749754,2.214,4/10/2014,1740,,,,,,,,,,2,1,0,0,2.0,CLEAR,1.0,DRY,N,5.0,LOCAL STREET,37.0,COLLISION WITH BICYCLIST,9.0,SINGLE VEHICLE,6.0,STRAIGHT & LEVEL,2.0,DAYLIGHT,,,N,17,40,2014-04-10 17:40:00,38.2572563,-85.7749754,POINT (-85.7749754 38.2572563),0
130035,71439686,LOUISVILLE METRO POLICE DEPT,8014025342,AC,56,US0031E ,,BARDSTOWN,RD   ,,38.2373575,-85.7190645,15.296,4/11/2014,100002,,,,,LUCIA,AVE  ,,PATTERSON,AVE  ,2,1,0,0,2.0,CLEAR,1.0,DRY,N,2.0,FEDERAL,37.0,COLLISION WITH BICYCLIST,9.0,SINGLE VEHICLE,6.0,STRAIGHT & LEVEL,2.0,DAYLIGHT,,,N,10,00,2014-04-11 10:00:00,38.2373575,-85.7190645,POINT (-85.7190645 38.2373575),0
130133,71441600,LOUISVILLE METRO POLICE DEPT,8014026929,AC,56,KY0864  ,,GOSS,AVE  ,,38.2259691,-85.7333956,13.937,4/12/2014,1540,,TEXAS,AVE  ,,,,,,,2,1,0,1,2.0,CLEAR,1.0,DRY,Y,7.0,STATE,2.0,COLLISION WITH BICYCLE,9.0,SINGLE VEHICLE,6.0,STRAIGHT & LEVEL,2.0,DAYLIGHT,,,N,15,40,2014-04-12 15:40:00,38.2259691,-85.7333956,POINT (-85.73339559999999 38.2259691),0
130238,71440315,LOUISVILLE METRO POLICE DEPT,8014026045,AC,56,US0031E ,,BARDSTOWN,RD   ,,38.1872457,-85.6378594,9.436,4/14/2014,1540,,,,,,,,,,2,1,0,0,3.0,CLOUDY,1.0,DRY,N,2.0,FEDERAL,37.0,COLLISION WITH BICYCLIST,9.0,SINGLE VEHICLE,6.0,STRAIGHT & LEVEL,2.0,DAYLIGHT,,,N,15,40,2014-04-14 15:40:00,38.1872457,-85.6378594,POINT (-85.6378594 38.1872457),0
130415,71441148,LOUISVILLE METRO POLICE DEPT,8014026604,AC,56,,,MANNER DALE,DR   ,,38.2026242,-85.6224707,0.005,4/16/2014,1612,,,,,,,,,,2,1,0,0,2.0,CLEAR,1.0,DRY,N,5.0,LOCAL STREET,37.0,COLLISION WITH BICYCLIST,9.0,SINGLE VEHICLE,6.0,STRAIGHT & LEVEL,2.0,DAYLIGHT,,,N,16,12,2014-04-16 16:12:00,38.2026242,-85.6224707,POINT (-85.62247069999999 38.2026242),0
130600,71442416,LOUISVILLE METRO POLICE DEPT,8014027236,AC,56,US0150  ,,BROADWAY,,W ,38.2458373,-85.7550471,2.56,4/18/2014,2025,KY1020  ,2ND,ST   ,,,,,,,2,1,0,0,3.0,CLOUDY,1.0,DRY,N,2.0,FEDERAL,2.0,COLLISION WITH BICYCLE,9.0,SINGLE VEHICLE,6.0,STRAIGHT & LEVEL,3.0,DUSK,,,N,20,25,2014-04-18 20:25:00,38.2458373,-85.7550471,POINT (-85.7550471 38.2458373),0
131260,71445425,LOUISVILLE METRO POLICE DEPT,8014029403,AC,56,US0060  ,,FRANKFORT,AVE  ,,38.2548004,-85.7104998,0.519,4/26/2014,1435,,,,,,,,,,2,1,0,1,2.0,CLEAR,1.0,DRY,N,2.0,FEDERAL,37.0,COLLISION WITH BICYCLIST,9.0,SINGLE VEHICLE,6.0,STRAIGHT & LEVEL,2.0,DAYLIGHT,,,N,14,35,2014-04-26 14:35:00,38.2548004,-85.7104998,POINT (-85.71049979999999 38.2548004),0
131581,71446625,LOUISVILLE METRO POLICE DEPT,8014030246,AC,56,,,GALLAGHER,ST   ,,38.2389427,-85.7836088,0.132,4/29/2014,1738,,17TH,ST   ,,,,,,,2,1,0,1,3.0,CLOUDY,5.0,WET,N,5.0,LOCAL STREET,2.0,COLLISION WITH BICYCLE,9.0,SINGLE VEHICLE,6.0,STRAIGHT & LEVEL,2.0,DAYLIGHT,,,N,17,38,2014-04-29 17:38:00,38.2389427,-85.7836088,POINT (-85.7836088 38.2389427),0
131639,71447142,LOUISVILLE METRO POLICE DEPT,8014030476,AC,56,,1600.0,ST CATHERINE,ST   ,W ,38.2398587,-85.7826097,0.999,4/30/2014,1558,,,,,,,,,,2,1,0,0,2.0,CLEAR,1.0,DRY,N,5.0,LOCAL STREET,37.0,COLLISION WITH BICYCLIST,9.0,SINGLE VEHICLE,6.0,STRAIGHT & LEVEL,2.0,DAYLIGHT,,,N,15,58,2014-04-30 15:58:00,38.2398587,-85.7826097,POINT (-85.78260969999999 38.2398587),0
131646,71447155,LOUISVILLE METRO POLICE DEPT,8014030577,AC,56,,,ORELL,RD   ,E ,38.0699212,-85.8796581,0.925,4/30/2014,2050,,,,,BLEVINS GAP,RD   ,,PENDLETON,RD   ,2,1,0,0,2.0,CLEAR,1.0,DRY,N,5.0,LOCAL STREET,37.0,COLLISION WITH BICYCLIST,9.0,SINGLE VEHICLE,6.0,STRAIGHT & LEVEL,7.0,DARK (UNKNOWN ROADWAY LIGHTING),,,N,20,50,2014-04-30 20:50:00,38.0699212,-85.8796581,POINT (-85.8796581 38.0699212),0
131729,71447517,LOUISVILLE METRO POLICE DEPT,8014030744,AC,56,KY2251  ,,BARDSTOWN,RD   ,,38.1974925,-85.6569944,0.853,5/1/2014,1428,,STEIER,LN   ,,,,,,,2,1,0,1,3.0,CLOUDY,1.0,DRY,N,7.0,STATE,2.0,COLLISION WITH BICYCLE,9.0,SINGLE VEHICLE,4.0,STRAIGHT & GRADE,2.0,DAYLIGHT,,,N,14,28,2014-05-01 14:28:00,38.1974925,-85.6569944,POINT (-85.6569944 38.1974925),0
131806,71468567,SHIVELY POLICE DEPARTMENT,0414000887,AC,56,US0060A ,,7TH,ST   ,,38.195616667,-85.802016667,0.398,5/1/2014,1338,,NOBEL,PL   ,,,,,,,2,1,0,0,2.0,CLEAR,1.0,DRY,N,2.0,FEDERAL,2.0,COLLISION WITH BICYCLE,9.0,SINGLE VEHICLE,6.0,STRAIGHT & LEVEL,2.0,DAYLIGHT,,,N,13,38,2014-05-01 13:38:00,38.195616667,-85.802016667,POINT (-85.802016667 38.195616667),0
131846,71448295,LOUISVILLE METRO POLICE DEPT,8014031077,AC,56,,,ASHLAND,AVE  ,W ,38.1864844,-85.7791631,0.738,5/2/2014,1620,,,,,,,,,,2,1,0,1,2.0,CLEAR,1.0,DRY,N,5.0,LOCAL STREET,37.0,COLLISION WITH BICYCLIST,9.0,SINGLE VEHICLE,6.0,STRAIGHT & LEVEL,2.0,DAYLIGHT,,,N,16,20,2014-05-02 16:20:00,38.1864844,-85.7791631,POINT (-85.77916310000001 38.1864844),0
131961,71448436,LOUISVILLE METRO POLICE DEPT,8014031348,AC,56,,,MAGAZINE,ST   ,,38.2515952,-85.7935963,1.452,5/3/2014,1600,,,,,26TH,ST   ,,26TH,ST   ,2,1,0,1,2.0,CLEAR,1.0,DRY,Y,5.0,LOCAL STREET,37.0,COLLISION WITH BICYCLIST,9.0,SINGLE VEHICLE,6.0,STRAIGHT & LEVEL,2.0,DAYLIGHT,,,N,16,00,2014-05-03 16:00:00,38.2515952,-85.7935963,POINT (-85.7935963 38.2515952),0
132081,71448914,LOUISVILLE METRO POLICE DEPT,8014031920,AC,56,,,SOUTHERN,AVE  ,,38.2322606,-85.8114552,0.527,5/5/2014,1508,,34TH,ST   ,,,,,,,2,1,0,1,2.0,CLEAR,1.0,DRY,Y,5.0,LOCAL STREET,2.0,COLLISION WITH BICYCLE,9.0,SINGLE VEHICLE,6.0,STRAIGHT & LEVEL,2.0,DAYLIGHT,,,N,15,08,2014-05-05 15:08:00,38.2322606,-85.8114552,POINT (-85.8114552 38.2322606),0
132083,71448922,LOUISVILLE METRO POLICE DEPT,8014031963,AC,56,KY0061  ,7000.0,PRESTON,HWY  ,,38.1489277,-85.6924471,4.739,5/5/2014,1642,,,,,,,,,,2,1,0,1,2.0,CLEAR,1.0,DRY,N,7.0,STATE,37.0,COLLISION WITH BICYCLIST,9.0,SINGLE VEHICLE,6.0,STRAIGHT & LEVEL,2.0,DAYLIGHT,,,N,16,42,2014-05-05 16:42:00,38.1489277,-85.6924471,POINT (-85.6924471 38.1489277),0
132221,71449425,LOUISVILLE METRO POLICE DEPT,8014032338,AC,56,,,STRADER,AVE  ,,38.1914751,-85.7911421,0.427,5/6/2014,2013,,POWELL,AVE  ,,,,,,,2,1,0,1,2.0,CLEAR,1.0,DRY,N,5.0,LOCAL STREET,2.0,COLLISION WITH BICYCLE,9.0,SINGLE VEHICLE,6.0,STRAIGHT & LEVEL,2.0,DAYLIGHT,,,N,20,13,2014-05-06 20:13:00,38.1914751,-85.7911421,POINT (-85.7911421 38.1914751),0
132222,71449426,LOUISVILLE METRO POLICE DEPT,8014032339,AC,56,,,SOUTHWESTERN,PKWY ,,38.244962,-85.8299147,1.671,5/6/2014,1750,,GREENWOOD,AVE  ,,,,,,,2,1,0,1,2.0,CLEAR,1.0,DRY,N,5.0,LOCAL STREET,2.0,COLLISION WITH BICYCLE,9.0,SINGLE VEHICLE,6.0,STRAIGHT & LEVEL,2.0,DAYLIGHT,,,N,17,50,2014-05-06 17:50:00,38.244962,-85.8299147,POINT (-85.8299147 38.244962),0
132228,71449762,LOUISVILLE METRO POLICE DEPT,8014032267,AC,56,,,12TH,ST   ,S ,38.2476536,-85.7715749,0.389,5/6/2014,1632,,,,,,,,,,2,1,0,0,2.0,CLEAR,1.0,DRY,N,5.0,LOCAL STREET,37.0,COLLISION WITH BICYCLIST,9.0,SINGLE VEHICLE,6.0,STRAIGHT & LEVEL,2.0,DAYLIGHT,,,N,16,32,2014-05-06 16:32:00,38.2476536,-85.7715749,POINT (-85.7715749 38.2476536),0
132378,71450239,LOUISVILLE METRO POLICE DEPT,8014032767,AC,56,US0031E ,,BARDSTOWN,RD   ,,38.2321316,-85.7095819,14.644,5/8/2014,1050,,,,US0060A ,EASTERN,PKWY ,,EDENSIDE,AVE  ,2,1,0,1,2.0,CLEAR,1.0,DRY,N,2.0,FEDERAL,37.0,COLLISION WITH BICYCLIST,9.0,SINGLE VEHICLE,6.0,STRAIGHT & LEVEL,2.0,DAYLIGHT,,,N,10,50,2014-05-08 10:50:00,38.2321316,-85.7095819,POINT (-85.7095819 38.2321316),0
132418,71451051,LOUISVILLE METRO POLICE DEPT,8014032808,AC,56,,1600.0,SALE,AVE  ,,38.197749,-85.7906187,0.74,5/8/2014,1322,,,,,,,,,,2,1,0,1,3.0,CLOUDY,1.0,DRY,N,5.0,LOCAL STREET,37.0,COLLISION WITH BICYCLIST,9.0,SINGLE VEHICLE,6.0,STRAIGHT & LEVEL,2.0,DAYLIGHT,,,N,13,22,2014-05-08 13:22:00,38.197749,-85.7906187,POINT (-85.7906187 38.197749),0
132438,71458123,LOUISVILLE METRO POLICE DEPT,8014032788,AC,56,,,OAK,ST   ,W ,38.235029,-85.7602604,0.27,5/8/2014,1222,,4TH,ST   ,,,,,,,2,1,0,0,2.0,CLEAR,1.0,DRY,N,5.0,LOCAL STREET,2.0,COLLISION WITH BICYCLE,9.0,SINGLE VEHICLE,6.0,STRAIGHT & LEVEL,2.0,DAYLIGHT,,,N,12,22,2014-05-08 12:22:00,38.235029,-85.7602604,POINT (-85.76026040000001 38.235029),0
132552,71454011,LOUISVILLE METRO POLICE DEPT,8014033212,AC,56,KY0061  ,,PRESTON,HWY  ,,38.1525004,-85.6945406,5.011,5/9/2014,1600,,INDUSTRIAL,BLVD ,,,,,,,2,1,0,1,2.0,CLEAR,1.0,DRY,Y,7.0,STATE,2.0,COLLISION WITH BICYCLE,9.0,SINGLE VEHICLE,6.0,STRAIGHT & LEVEL,2.0,DAYLIGHT,,,N,16,00,2014-05-09 16:00:00,38.1525004,-85.6945406,POINT (-85.6945406 38.1525004),0
132622,71451199,LOUISVILLE METRO POLICE DEPT,8014033494,AC,56,US0031W ,,DR W J HODGE,ST   ,,38.2376561,-85.788709,18.857,5/10/2014,1755,,OAK,ST   ,,,,,,,2,1,0,1,2.0,CLEAR,1.0,DRY,N,2.0,FEDERAL,2.0,COLLISION WITH BICYCLE,9.0,SINGLE VEHICLE,6.0,STRAIGHT & LEVEL,2.0,DAYLIGHT,,,N,17,55,2014-05-10 17:55:00,38.2376561,-85.788709,POINT (-85.788709 38.2376561),0
132905,71452829,LOUISVILLE METRO POLICE DEPT,8014034197,AC,56,US0031E ,,MARKET,ST   ,E ,38.2540185,-85.7451355,17.323,5/14/2014,1435,,,,KY0061  ,PRESTON,ST   ,KY0061,JACKSON,ST   ,2,1,0,0,2.0,CLEAR,1.0,DRY,N,2.0,FEDERAL,37.0,COLLISION WITH BICYCLIST,9.0,SINGLE VEHICLE,6.0,STRAIGHT & LEVEL,2.0,DAYLIGHT,,,N,14,35,2014-05-14 14:35:00,38.2540185,-85.7451355,POINT (-85.7451355 38.2540185),0
133076,71454854,LOUISVILLE METRO POLICE DEPT,8014034750,AC,56,US0031W ,,MAIN,ST   ,W ,38.2571919,-85.7616301,21.652,5/15/2014,1405,,,,,7TH,ST   ,,8TH,ST   ,2,1,0,0,2.0,CLEAR,1.0,DRY,N,2.0,FEDERAL,37.0,COLLISION WITH BICYCLIST,9.0,SINGLE VEHICLE,6.0,STRAIGHT & LEVEL,2.0,DAYLIGHT,,,N,14,05,2014-05-15 14:05:00,38.2571919,-85.7616301,POINT (-85.7616301 38.2571919),0
133150,71454077,LOUISVILLE METRO POLICE DEPT,8014035160,AC,56,,3410.0,RICHMONT,RD   ,,38.1985554,-85.8421301,0.148,5/16/2014,00007,,,,,,,,,,2,1,0,0,2.0,CLEAR,1.0,DRY,N,5.0,LOCAL STREET,37.0,COLLISION WITH BICYCLIST,9.0,SINGLE VEHICLE,6.0,STRAIGHT & LEVEL,2.0,DAYLIGHT,,,N,00,00,2014-05-16 00:00:00,38.1985554,-85.8421301,POINT (-85.84213010000001 38.1985554),0
133227,71454125,LOUISVILLE METRO POLICE DEPT,8014035386,AC,56,,,RUDD,AVE  ,,38.2760767,-85.8056448,0.436,5/17/2014,1539,,CEDAR GROVE,CT   ,,,,,,,2,1,0,0,3.0,CLOUDY,1.0,DRY,N,5.0,LOCAL STREET,2.0,COLLISION WITH BICYCLE,9.0,SINGLE VEHICLE,6.0,STRAIGHT & LEVEL,2.0,DAYLIGHT,,,N,15,39,2014-05-17 15:39:00,38.2760767,-85.8056448,POINT (-85.8056448 38.2760767),0
133308,71454182,LOUISVILLE METRO POLICE DEPT,8014035697,AC,56,,,VERMONT,AVE  ,,38.2555547,-85.8073452,0.364,5/18/2014,2005,,34TH,ST   ,,,,,,,2,1,0,1,2.0,CLEAR,1.0,DRY,Y,5.0,LOCAL STREET,2.0,COLLISION WITH BICYCLE,9.0,SINGLE VEHICLE,6.0,STRAIGHT & LEVEL,5.0,DARK-HWY LIGHTED/ON,,,N,20,05,2014-05-18 20:05:00,38.2555547,-85.8073452,POINT (-85.8073452 38.2555547),0
133572,71456463,SHIVELY POLICE DEPARTMENT,0414001048,AC,56,US0031W ,,DIXIE,HWY  ,,38.1877897,-85.8111801,14.98,5/21/2014,0753,,,,,GARRS,LN   ,,GARRS,LN   ,2,1,0,1,2.0,CLEAR,1.0,DRY,N,2.0,FEDERAL,37.0,COLLISION WITH BICYCLIST,9.0,SINGLE VEHICLE,6.0,STRAIGHT & LEVEL,2.0,DAYLIGHT,,,N,07,53,2014-05-21 07:53:00,38.1877897,-85.8111801,POINT (-85.8111801 38.1877897),0
133831,71457086,LOUISVILLE METRO POLICE DEPT,8014037412,AC,56,,,HANCOCK,ST   ,S ,38.2456309,-85.7434851,0.653,5/24/2014,1900,,,,,,,,,,2,1,0,0,2.0,CLEAR,1.0,DRY,N,5.0,LOCAL STREET,37.0,COLLISION WITH BICYCLIST,9.0,SINGLE VEHICLE,6.0,STRAIGHT & LEVEL,2.0,DAYLIGHT,,,N,19,00,2014-05-24 19:00:00,38.2456309,-85.7434851,POINT (-85.7434851 38.2456309),0
133946,1959916,LOUISVILLE METRO POLICE DEPT,8014037957,AC,56,,,BROADWAY,ST   ,W ,38.201666667,-85.536666667,,5/27/2014,0554,,12TH,ST   ,,,,,,,2,1,0,1,2.0,CLEAR,1.0,DRY,N,5.0,LOCAL STREET,2.0,COLLISION WITH BICYCLE,1.0,ANGLE,6.0,STRAIGHT & LEVEL,2.0,DAYLIGHT,,,,05,54,2014-05-27 05:54:00,38.201666667,-85.536666667,POINT (-85.53666666700001 38.201666667),0
133976,71457694,LOUISVILLE METRO POLICE DEPT,8014038187,AC,56,,,6TH,ST   ,S ,38.2320797,-85.7642623,1.735,5/27/2014,1831,,,,,ORMSBY,AVE  ,,FLORAL,TER  ,2,1,0,0,3.0,CLOUDY,1.0,DRY,N,5.0,LOCAL STREET,37.0,COLLISION WITH BICYCLIST,9.0,SINGLE VEHICLE,6.0,STRAIGHT & LEVEL,2.0,DAYLIGHT,,,N,18,31,2014-05-27 18:31:00,38.2320797,-85.7642623,POINT (-85.7642623 38.2320797),0
134102,71458202,LOUISVILLE METRO POLICE DEPT,8014038526,AC,56,,4111.0,HALE,AVE  ,,38.2413357,-85.8202876,2.199,5/28/2014,2030,,,,,,,,,,2,1,0,0,2.0,CLEAR,1.0,DRY,N,5.0,LOCAL STREET,37.0,COLLISION WITH BICYCLIST,9.0,SINGLE VEHICLE,6.0,STRAIGHT & LEVEL,2.0,DAYLIGHT,,,N,20,30,2014-05-28 20:30:00,38.2413357,-85.8202876,POINT (-85.8202876 38.2413357),0
134221,71459307,LOUISVILLE METRO POLICE DEPT,8014038724,AC,56,KY1020  ,,SOUTHERN,PKWY ,,38.1892431,-85.7667043,8.355,5/29/2014,1440,,,,,,,,,,2,1,0,1,2.0,CLEAR,1.0,DRY,Y,7.0,STATE,37.0,COLLISION WITH BICYCLIST,9.0,SINGLE VEHICLE,6.0,STRAIGHT & LEVEL,2.0,DAYLIGHT,,,N,14,40,2014-05-29 14:40:00,38.1892431,-85.7667043,POINT (-85.7667043 38.1892431),0
134245,71459324,LOUISVILLE METRO POLICE DEPT,8014038945,AC,56,,,ROY WILKINS,AVE  ,,38.2493547,-85.7660693,0.572,5/30/2014,0751,,,,,CHESTNUT,ST   ,,MAGAZINE,ST   ,2,1,0,1,3.0,CLOUDY,1.0,DRY,N,5.0,LOCAL STREET,37.0,COLLISION WITH BICYCLIST,9.0,SINGLE VEHICLE,6.0,STRAIGHT & LEVEL,2.0,DAYLIGHT,,,N,07,51,2014-05-30 07:51:00,38.2493547,-85.7660693,POINT (-85.7660693 38.2493547),0
134358,71463845,LOUISVILLE METRO POLICE DEPT,8014038958,AC,56,,,1ST,ST   ,S ,38.2547023,-85.7518096,0.096,5/30/2014,0827,,,,,,,,,,2,1,0,1,2.0,CLEAR,1.0,DRY,N,5.0,LOCAL STREET,37.0,COLLISION WITH BICYCLIST,9.0,SINGLE VEHICLE,6.0,STRAIGHT & LEVEL,2.0,DAYLIGHT,,,N,08,27,2014-05-30 08:27:00,38.2547023,-85.7518096,POINT (-85.7518096 38.2547023),0
134428,1922842,LOUISVILLE METRO POLICE DEPT,8014039474,AC,56,,,PAYNE,ST   ,,38.252166667,-85.719433333,,6/1/2014,0043,,SPRING,ST   ,,,,,,,2,1,0,1,2.0,CLEAR,1.0,DRY,Y,5.0,LOCAL STREET,2.0,COLLISION WITH BICYCLE,4.0,OPPOSING LEFT TURN,6.0,STRAIGHT & LEVEL,5.0,DARK-HWY LIGHTED/ON,,,,00,43,2014-06-01 00:43:00,38.252166667,-85.719433333,POINT (-85.719433333 38.252166667),0
134435,71459524,LOUISVILLE METRO POLICE DEPT,8014039487,AC,56,KY1450  ,,BLUE LICK,RD   ,,38.1199659,-85.6894985,2.425,6/1/2014,0255,,MOODY,RD   ,,,,,,,2,1,0,1,2.0,CLEAR,1.0,DRY,Y,7.0,STATE,2.0,COLLISION WITH BICYCLE,9.0,SINGLE VEHICLE,6.0,STRAIGHT & LEVEL,5.0,DARK-HWY LIGHTED/ON,,,N,02,55,2014-06-01 02:55:00,38.1199659,-85.6894985,POINT (-85.6894985 38.1199659),0
134438,71459533,LOUISVILLE METRO POLICE DEPT,8014039524,AC,56,US0042  ,,BROWNSBORO,RD   ,,38.2587748,-85.6980923,2.061,6/1/2014,0925,,HITE,AVE  ,,,,,,,2,1,0,0,2.0,CLEAR,1.0,DRY,N,2.0,FEDERAL,2.0,COLLISION WITH BICYCLE,9.0,SINGLE VEHICLE,6.0,STRAIGHT & LEVEL,2.0,DAYLIGHT,,,N,09,25,2014-06-01 09:25:00,38.2587748,-85.6980923,POINT (-85.6980923 38.2587748),0
134469,71459542,LOUISVILLE METRO POLICE DEPT,8014039562,AC,56,KY1865  ,,NEW CUT,RD   ,,38.1496761,-85.7761249,2.934,6/1/2014,1339,,,,,WESTVIEW,DR   ,,GLEN HOLLOW,DR   ,2,1,0,0,2.0,CLEAR,1.0,DRY,N,7.0,STATE,37.0,COLLISION WITH BICYCLIST,9.0,SINGLE VEHICLE,6.0,STRAIGHT & LEVEL,2.0,DAYLIGHT,,,N,13,39,2014-06-01 13:39:00,38.1496761,-85.7761249,POINT (-85.7761249 38.1496761),0
134635,71460504,LOUISVILLE METRO POLICE DEPT,8014040219,AC,56,,,LOCUST,LN   ,,38.2068958,-85.7375107,0.137,6/3/2014,1933,KY0061  ,PRESTON,HWY  ,,,,,,,2,1,0,1,2.0,CLEAR,1.0,DRY,N,5.0,LOCAL STREET,2.0,COLLISION WITH BICYCLE,9.0,SINGLE VEHICLE,6.0,STRAIGHT & LEVEL,2.0,DAYLIGHT,,,N,19,33,2014-06-03 19:33:00,38.2068958,-85.7375107,POINT (-85.7375107 38.2068958),0
134640,71460603,LOUISVILLE METRO POLICE DEPT,8014040087,AC,56,US0031E ,,BARDSTOWN,RD   ,,38.1898074,-85.6429454,9.804,6/3/2014,1205,,,,US0031E ,BUECHEL,BYP  ,,RICHLAND,AVE  ,2,1,0,1,3.0,CLOUDY,1.0,DRY,Y,2.0,FEDERAL,37.0,COLLISION WITH BICYCLIST,9.0,SINGLE VEHICLE,3.0,CURVE & LEVEL,2.0,DAYLIGHT,,,N,12,05,2014-06-03 12:05:00,38.1898074,-85.6429454,POINT (-85.6429454 38.1898074),0
134783,71461363,LOUISVILLE METRO POLICE DEPT,8014040834,AC,56,,,LIBERTY,ST   ,W ,38.2528337,-85.7550629,0.723,6/5/2014,1734,,,,KY1020  ,2ND,ST   ,KY1020,3RD,ST   ,2,1,0,0,2.0,CLEAR,1.0,DRY,N,5.0,LOCAL STREET,37.0,COLLISION WITH BICYCLIST,9.0,SINGLE VEHICLE,6.0,STRAIGHT & LEVEL,2.0,DAYLIGHT,,,N,17,34,2014-06-05 17:34:00,38.2528337,-85.7550629,POINT (-85.7550629 38.2528337),0
134867,71462220,LOUISVILLE METRO POLICE DEPT,8014041095,AC,56,,,FLOYD,ST   ,S ,38.2317603,-85.7520956,1.665,6/6/2014,1530,,,,,,,,,,2,1,0,1,2.0,CLEAR,1.0,DRY,N,5.0,LOCAL STREET,37.0,COLLISION WITH BICYCLIST,9.0,SINGLE VEHICLE,6.0,STRAIGHT & LEVEL,2.0,DAYLIGHT,,,N,15,30,2014-06-06 15:30:00,38.2317603,-85.7520956,POINT (-85.7520956 38.2317603),0
134920,71462406,LOUISVILLE METRO POLICE DEPT,8014041086,AC,56,KY1020  ,5543.0,NATIONAL,TPKE ,,38.1507184,-85.7628742,5.483,6/6/2014,1445,,,,,,,,,,2,1,0,0,2.0,CLEAR,1.0,DRY,N,7.0,STATE,37.0,COLLISION WITH BICYCLIST,9.0,SINGLE VEHICLE,6.0,STRAIGHT & LEVEL,2.0,DAYLIGHT,,,N,14,45,2014-06-06 14:45:00,38.1507184,-85.7628742,POINT (-85.7628742 38.1507184),0
134992,71462323,LOUISVILLE METRO POLICE DEPT,8014041466,AC,56,KY0061  ,,PRESTON,ST   ,S ,38.2499767,-85.7468112,12.698,6/7/2014,2000,,MUHAMMAD ALI,BLVD ,,,,,,,2,1,0,1,2.0,CLEAR,1.0,DRY,Y,7.0,STATE,2.0,COLLISION WITH BICYCLE,9.0,SINGLE VEHICLE,6.0,STRAIGHT & LEVEL,2.0,DAYLIGHT,,,N,20,00,2014-06-07 20:00:00,38.2499767,-85.7468112,POINT (-85.7468112 38.2499767),0