,MASTER FILE NUMBER,INVESTIGATING AGENCY,LOCAL CODE,COLLISION STATUS CODE,COUNTY NAME,ROADWAY NUMBER,BLOCK/HOUSE #,ROADWAY NAME,ROADWAY SUFFIX,ROADWAY DIRECTION CODE,GPS LATITUDE DECIMAL,GPS LONGITUDE DECIMAL,MILEPOINT DERIVED,COLLISION DATE,COLLISION TIME,INTERSECTION ROADWAY #,INTERSECTION ROADWAY NAME,INTERSECTION ROADWAY SFX,BETWEEN STREET ROADWAY # 1,BETWEEN STREET ROADWAY NAME 1,BETWEEN STREET ROADWAY SFX 1,BETWEEN STREET ROADWAY # 2,BETWEEN STREET ROADWAY NAME 2,BETWEEN STREET ROADWAY SFX 2,UNITS INVOLVED,MOTOR VEHICLES INVOLVED,KILLED,INJURED,WEATHER CODE,WEATHER,ROADWAY CONDITION CODE,ROADWAY CONDITION,HIT & RUN INDICATOR,ROADWAY TYPE CODE,ROADWAY TYPE,DIRECTIONAL ANALYSIS CODE,DIRECTIONAL ANALYSIS,MANNER OF COLLISION CODE,MANNER OF COLLISION,ROADWAY CHARACTER CODE,ROADWAY CHARACTER,LIGHT CONDITION CODE,LIGHT CONDITION,RAMP FROM ROADWAY ID,RAMP TO ROADWAY ID,SECONDARY COLLISION INDICATOR,hour,minute,Date,Latitude,Longitude,geometry,index_right
135040,71462336,LOUISVILLE METRO POLICE DEPT,8014041571,AC,56,,,COLORADO,AVE  ,,38.2084299,-85.7847604,1.237,6/8/2014,0819,,EARL,AVE  ,,,,,,,2,1,0,1,3.0,CLOUDY,1.0,DRY,N,5.0,LOCAL STREET,2.0,COLLISION WITH BICYCLE,9.0,SINGLE VEHICLE,6.0,STRAIGHT & LEVEL,2.0,DAYLIGHT,,,N,08,19,2014-06-08 08:19:00,38.2084299,-85.7847604,POINT (-85.7847604 38.2084299),0
135045,71462347,LOUISVILLE METRO POLICE DEPT,8014041629,AC,56,,,WELLINGTON,AVE  ,W ,38.1836529,-85.7634427,0.229,6/8/2014,1530,,,,,1ST,ST   ,,2ND,ST   ,2,1,0,1,3.0,CLOUDY,1.0,DRY,N,5.0,LOCAL STREET,37.0,COLLISION WITH BICYCLIST,9.0,SINGLE VEHICLE,6.0,STRAIGHT & LEVEL,2.0,DAYLIGHT,,,N,15,30,2014-06-08 15:30:00,38.1836529,-85.7634427,POINT (-85.7634427 38.1836529),0
135166,71463393,LOUISVILLE METRO POLICE DEPT,8014042106,AC,56,,,OAK,ST   ,E ,38.2345084,-85.7551254,0.012,6/10/2014,0856,,1ST,ST   ,,,,,,,2,1,0,1,3.0,CLOUDY,5.0,WET,N,5.0,LOCAL STREET,2.0,COLLISION WITH BICYCLE,9.0,SINGLE VEHICLE,6.0,STRAIGHT & LEVEL,2.0,DAYLIGHT,,,N,08,56,2014-06-10 08:56:00,38.2345084,-85.7551254,POINT (-85.7551254 38.2345084),0
135471,71464340,LOUISVILLE METRO POLICE DEPT,8014043122,AC,56,,,CENTRAL,AVE  ,,38.2063758,-85.7759291,1.041,6/13/2014,0640,US0060A ,TAYLOR,BLVD ,,,,,,,2,1,0,0,3.0,CLOUDY,1.0,DRY,Y,5.0,LOCAL STREET,2.0,COLLISION WITH BICYCLE,9.0,SINGLE VEHICLE,6.0,STRAIGHT & LEVEL,2.0,DAYLIGHT,,,N,06,40,2014-06-13 06:40:00,38.2063758,-85.7759291,POINT (-85.7759291 38.2063758),0
135551,71470735,LOUISVILLE METRO POLICE DEPT,8014047891,AC,56,KY0864  ,,LOGAN,ST   ,,38.2342361,-85.7398033,14.693,6/13/2014,1830,,MARY,ST   ,,,,,,,2,1,0,0,2.0,CLEAR,1.0,DRY,Y,7.0,STATE,2.0,COLLISION WITH BICYCLE,9.0,SINGLE VEHICLE,6.0,STRAIGHT & LEVEL,2.0,DAYLIGHT,,,N,18,30,2014-06-13 18:30:00,38.2342361,-85.7398033,POINT (-85.73980330000001 38.2342361),0
135672,71466059,LOUISVILLE METRO POLICE DEPT,8014043814,AC,56,KY3082  ,,BANK,ST   ,,38.2686519,-85.7891085,1.201,6/15/2014,2009,,,,,,,,,,2,1,0,1,2.0,CLEAR,1.0,DRY,N,7.0,STATE,37.0,COLLISION WITH BICYCLIST,9.0,SINGLE VEHICLE,6.0,STRAIGHT & LEVEL,2.0,DAYLIGHT,,,N,20,09,2014-06-15 20:09:00,38.2686519,-85.7891085,POINT (-85.7891085 38.2686519),0
135709,71465647,LOUISVILLE METRO POLICE DEPT,8014044082,AC,56,US0150  ,,22ND,ST   ,N ,38.266566667,-85.78355,0.25,6/16/2014,1717,,,,,,,,,,2,1,0,1,2.0,CLEAR,1.0,DRY,Y,2.0,FEDERAL,37.0,COLLISION WITH BICYCLIST,9.0,SINGLE VEHICLE,6.0,STRAIGHT & LEVEL,2.0,DAYLIGHT,,,N,17,17,2014-06-16 17:17:00,38.266566667,-85.78355,POINT (-85.78355000000001 38.266566667),0
136032,71467753,LOUISVILLE METRO POLICE DEPT,8014045168,AC,56,US0031E ,,BARDSTOWN,RD   ,,38.2029493,-85.6643764,11.342,6/20/2014,0958,,BASHFORD MANOR,LN   ,,,,,,,2,1,0,0,3.0,CLOUDY,1.0,DRY,N,2.0,FEDERAL,2.0,COLLISION WITH BICYCLE,9.0,SINGLE VEHICLE,4.0,STRAIGHT & GRADE,2.0,DAYLIGHT,,,N,09,58,2014-06-20 09:58:00,38.2029493,-85.6643764,POINT (-85.66437639999999 38.2029493),0
136121,71467307,JEFFERSONTOWN POLICE DEPT,A0647703  ,AC,56,,,OLD SIX MILE,LN   ,,38.2004833,-85.5781838,0.442,6/21/2014,1225,,,,,TREE,LN   ,,BALSAM,WAY  ,2,1,0,1,3.0,CLOUDY,1.0,DRY,N,5.0,LOCAL STREET,37.0,COLLISION WITH BICYCLIST,9.0,SINGLE VEHICLE,6.0,STRAIGHT & LEVEL,2.0,DAYLIGHT,,,N,12,25,2014-06-21 12:25:00,38.2004833,-85.5781838,POINT (-85.57818380000001 38.2004833),0
136177,71469799,LOUISVILLE METRO POLICE DEPT,8014045484,AC,56,,,15TH,ST   ,S ,38.2572393,-85.774975,2.212,6/21/2014,0913,US0031W ,MARKET,ST   ,,,,,,,2,1,1,0,2.0,CLEAR,1.0,DRY,N,5.0,LOCAL STREET,2.0,COLLISION WITH BICYCLE,9.0,SINGLE VEHICLE,6.0,STRAIGHT & LEVEL,2.0,DAYLIGHT,,,N,09,13,2014-06-21 09:13:00,38.2572393,-85.774975,POINT (-85.774975 38.2572393),0
136192,71467861,LOUISVILLE METRO POLICE DEPT,8014045722,AC,56,,,EXMOOR,AVE  ,,38.2585466,-85.5655333,0.228,6/22/2014,1338,,,,,FOXBORO,DR   ,,FEELINGS,DR   ,2,1,0,0,3.0,CLOUDY,1.0,DRY,Y,5.0,LOCAL STREET,37.0,COLLISION WITH BICYCLIST,9.0,SINGLE VEHICLE,1.0,CURVE & GRADE,2.0,DAYLIGHT,,,N,13,38,2014-06-22 13:38:00,38.2585466,-85.5655333,POINT (-85.5655333 38.2585466),0
136315,71468912,LOUISVILLE METRO POLICE DEPT,8014045973,AC,56,US0150  ,,DR W J HODGE,ST   ,,38.258351,-85.7849061,0.841,6/23/2014,1235,US0150T ,MARKET,ST   ,,,,,,,2,1,0,1,2.0,CLEAR,1.0,DRY,N,2.0,FEDERAL,2.0,COLLISION WITH BICYCLE,9.0,SINGLE VEHICLE,6.0,STRAIGHT & LEVEL,2.0,DAYLIGHT,,,N,12,35,2014-06-23 12:35:00,38.258351,-85.7849061,POINT (-85.7849061 38.258351),0
136380,71468857,LOUISVILLE METRO POLICE DEPT,8014046442,AC,56,,,9TH,ST   ,S ,38.2405249,-85.7678111,0.441,6/24/2014,000000,,KENTUCKY,ST   ,,,,,,,2,1,0,0,2.0,CLEAR,1.0,DRY,Y,5.0,LOCAL STREET,2.0,COLLISION WITH BICYCLE,9.0,SINGLE VEHICLE,6.0,STRAIGHT & LEVEL,1.0,DAWN,,,N,00,00,2014-06-24 00:00:00,38.2405249,-85.7678111,POINT (-85.7678111 38.2405249),0
136403,71468918,LOUISVILLE METRO POLICE DEPT,8014046309,AC,56,KY3082  ,,BANK,ST   ,,38.2703069,-85.7936655,0.928,6/24/2014,1346,,28TH,ST   ,,,,,,,2,1,0,1,2.0,CLEAR,1.0,DRY,N,7.0,STATE,2.0,COLLISION WITH BICYCLE,9.0,SINGLE VEHICLE,6.0,STRAIGHT & LEVEL,2.0,DAYLIGHT,,,N,13,46,2014-06-24 13:46:00,38.2703069,-85.7936655,POINT (-85.7936655 38.2703069),0
136497,71470583,LOUISVILLE METRO POLICE DEPT,8014046576,AC,56,KY2251  ,4032.0,BARDSTOWN,RD   ,,38.19241,-85.6476221,0.258,6/25/2014,0922,,,,,,,,,,2,1,0,1,2.0,CLEAR,1.0,DRY,Y,7.0,STATE,37.0,COLLISION WITH BICYCLIST,9.0,SINGLE VEHICLE,6.0,STRAIGHT & LEVEL,2.0,DAYLIGHT,,,N,09,22,2014-06-25 09:22:00,38.19241,-85.6476221,POINT (-85.64762210000001 38.19241),0
136640,71470618,LOUISVILLE METRO POLICE DEPT,8014047258,AC,56,KY2050  ,,HERR,LN   ,,38.2788402,-85.6238445,1.771,6/27/2014,1014,,,,,,,,,,2,1,0,1,2.0,CLEAR,1.0,DRY,N,7.0,STATE,37.0,COLLISION WITH BICYCLIST,9.0,SINGLE VEHICLE,6.0,STRAIGHT & LEVEL,2.0,DAYLIGHT,,,N,10,14,2014-06-27 10:14:00,38.2788402,-85.6238445,POINT (-85.6238445 38.2788402),0
136691,71470658,LOUISVILLE METRO POLICE DEPT,8014047428,AC,56,KY3082  ,,BANK,ST   ,,38.2682129,-85.7879043,1.274,6/28/2014,2210,,,,,,,,,,2,1,0,1,2.0,CLEAR,1.0,DRY,Y,7.0,STATE,37.0,COLLISION WITH BICYCLIST,9.0,SINGLE VEHICLE,6.0,STRAIGHT & LEVEL,1.0,DAWN,,,N,22,10,2014-06-28 22:10:00,38.2682129,-85.7879043,POINT (-85.78790429999999 38.2682129),0
137180,71474918,LOUISVILLE METRO POLICE DEPT,8014049207,RE,56,,,SOUTHERN HEIGHTS,AVE  ,E ,38.1890757,-85.7578255,0.312,7/3/2014,2018,,,,,,,,,,2,2,0,0,2.0,CLEAR,1.0,DRY,N,5.0,LOCAL STREET,37.0,COLLISION WITH BICYCLIST,1.0,ANGLE,6.0,STRAIGHT & LEVEL,2.0,DAYLIGHT,,,N,20,18,2014-07-03 20:18:00,38.1890757,-85.7578255,POINT (-85.7578255 38.1890757),0
137211,71473269,LOUISVILLE METRO POLICE DEPT,8014049422,AC,56,,,LONGFIELD,AVE  ,,38.1988089,-85.7896545,1.154,7/4/2014,1822,,POWELL,AVE  ,,,,,,,2,1,0,0,2.0,CLEAR,1.0,DRY,Y,5.0,LOCAL STREET,2.0,COLLISION WITH BICYCLE,9.0,SINGLE VEHICLE,6.0,STRAIGHT & LEVEL,2.0,DAYLIGHT,,,N,18,22,2014-07-04 18:22:00,38.1988089,-85.7896545,POINT (-85.7896545 38.1988089),0
137246,71473291,LOUISVILLE METRO POLICE DEPT,8014049484,AC,56,KY1865  ,,TAYLOR,BLVD ,,38.1899864,-85.7833781,5.762,7/4/2014,2350,,,,,,,,,,2,1,0,0,2.0,CLEAR,1.0,DRY,N,7.0,STATE,37.0,COLLISION WITH BICYCLIST,9.0,SINGLE VEHICLE,6.0,STRAIGHT & LEVEL,5.0,DARK-HWY LIGHTED/ON,,,N,23,50,2014-07-04 23:50:00,38.1899864,-85.7833781,POINT (-85.78337809999999 38.1899864),0
137556,71474546,LOUISVILLE METRO POLICE DEPT,8014050781,AC,56,US0060A ,,EASTERN,PKWY ,,38.2171117,-85.7385799,4.853,7/9/2014,2011,,DELOR,AVE  ,,,,,,,2,1,0,1,2.0,CLEAR,1.0,DRY,N,2.0,FEDERAL,2.0,COLLISION WITH BICYCLE,9.0,SINGLE VEHICLE,6.0,STRAIGHT & LEVEL,3.0,DUSK,,,N,20,11,2014-07-09 20:11:00,38.2171117,-85.7385799,POINT (-85.7385799 38.2171117),0
137570,71474525,LOUISVILLE METRO POLICE DEPT,8014050624,AC,56,US0031W ,,MARKET,ST   ,W ,38.2550049,-85.7547467,21.966,7/9/2014,1202,,,,US0031E ,3RD,ST   ,US0031W,2ND,ST   ,2,1,0,0,2.0,CLEAR,1.0,DRY,N,2.0,FEDERAL,37.0,COLLISION WITH BICYCLIST,9.0,SINGLE VEHICLE,6.0,STRAIGHT & LEVEL,2.0,DAYLIGHT,,,N,12,02,2014-07-09 12:02:00,38.2550049,-85.7547467,POINT (-85.7547467 38.2550049),0
137824,71477703,LOUISVILLE METRO POLICE DEPT,8014051494,AC,56,KY1020  ,,SOUTHERN PKY,,,38.1981389,-85.7668827,8.955,7/12/2014,000005,,KENTON,ST   ,,,,,,,2,1,0,0,2.0,CLEAR,1.0,DRY,N,7.0,STATE,2.0,COLLISION WITH BICYCLE,9.0,SINGLE VEHICLE,3.0,CURVE & LEVEL,2.0,DAYLIGHT,,,N,00,00,2014-07-12 00:00:00,38.1981389,-85.7668827,POINT (-85.7668827 38.1981389),0
137957,71476473,LOUISVILLE METRO POLICE DEPT,8014052195,AC,56,,,WAYCROSS,AVE  ,,38.0912207,-85.6550266,0.66,7/14/2014,2033,KY2053  ,MT WASHINGTON,RD   ,,,,,,,2,1,0,5,3.0,CLOUDY,1.0,DRY,N,5.0,LOCAL STREET,2.0,COLLISION WITH BICYCLE,9.0,SINGLE VEHICLE,6.0,STRAIGHT & LEVEL,3.0,DUSK,,,N,20,33,2014-07-14 20:33:00,38.0912207,-85.6550266,POINT (-85.6550266 38.0912207),0
138034,71476964,LOUISVILLE METRO POLICE DEPT,8014801405,AC,56,KY0061  ,,PRESTON,HWY  ,,38.1687574,-85.7065798,6.339,7/15/2014,1308,,INDIAN,TRL  ,,,,,,,2,1,0,1,2.0,CLEAR,1.0,DRY,N,7.0,STATE,2.0,COLLISION WITH BICYCLE,9.0,SINGLE VEHICLE,6.0,STRAIGHT & LEVEL,2.0,DAYLIGHT,,,N,13,08,2014-07-15 13:08:00,38.1687574,-85.7065798,POINT (-85.7065798 38.1687574),0
138206,71478614,LOUISVILLE METRO POLICE DEPT,8014053153,AC,56,US0031E ,,MAIN,ST   ,E ,38.2552306,-85.7438409,17.343,7/17/2014,2001,KY0061  ,JACKSON,ST   ,,,,,,,2,1,0,1,2.0,CLEAR,1.0,DRY,N,2.0,FEDERAL,2.0,COLLISION WITH BICYCLE,9.0,SINGLE VEHICLE,6.0,STRAIGHT & LEVEL,2.0,DAYLIGHT,,,N,20,01,2014-07-17 20:01:00,38.2552306,-85.7438409,POINT (-85.7438409 38.2552306),0
138402,71481893,LOUISVILLE METRO POLICE DEPT,8014053979,AC,56,US0150  ,,BROADWAY,,E ,38.2457147,-85.7533729,2.656,7/20/2014,2002,,1ST,ST   ,,,,,,,2,1,0,1,3.0,CLOUDY,1.0,DRY,N,2.0,FEDERAL,2.0,COLLISION WITH BICYCLE,9.0,SINGLE VEHICLE,6.0,STRAIGHT & LEVEL,3.0,DUSK,,,N,20,02,2014-07-20 20:02:00,38.2457147,-85.7533729,POINT (-85.7533729 38.2457147),0
138425,71479172,LOUISVILLE METRO POLICE DEPT,8014054194,AC,56,US0031W ,,22ND,ST   ,S ,38.2585352,-85.7865611,20.209,7/21/2014,1647,,,,,,,,,,2,1,0,2,2.0,CLEAR,1.0,DRY,N,2.0,FEDERAL,37.0,COLLISION WITH BICYCLIST,9.0,SINGLE VEHICLE,6.0,STRAIGHT & LEVEL,2.0,DAYLIGHT,,,N,16,47,2014-07-21 16:47:00,38.2585352,-85.7865611,POINT (-85.7865611 38.2585352),0
138460,71480464,LOUISVILLE METRO POLICE DEPT,8014054122,AC,56,KY3077  ,131.0,RIVER,RD   ,,38.2588179,-85.7504965,0.583,7/21/2014,0036,,,,,,,,,,2,1,0,1,2.0,CLEAR,1.0,DRY,N,7.0,STATE,37.0,COLLISION WITH BICYCLIST,9.0,SINGLE VEHICLE,3.0,CURVE & LEVEL,2.0,DAYLIGHT,,,N,00,36,2014-07-21 00:36:00,38.2588179,-85.7504965,POINT (-85.7504965 38.2588179),0
138625,71480730,JEFFERSONTOWN POLICE DEPT,A0749312  ,AC,56,,,LETHBOROUGH,DR   ,,38.1896176,-85.5869244,0.384,7/23/2014,2151,,MODESTO,RD   ,,,,,,,2,1,0,1,2.0,CLEAR,1.0,DRY,N,5.0,LOCAL STREET,2.0,COLLISION WITH BICYCLE,9.0,SINGLE VEHICLE,6.0,STRAIGHT & LEVEL,5.0,DARK-HWY LIGHTED/ON,,,N,21,51,2014-07-23 21:51:00,38.1896176,-85.5869244,POINT (-85.5869244 38.1896176),0
138636,1926603,LOUISVILLE METRO POLICE DEPT,8014054990,AC,56,,,LOUIS COLEMAN JR,,,38.23795,-85.807016667,,7/24/2014,1010,,,,,MAGNOLIA,,,WOODLAND,,2,1,0,1,2.0,CLEAR,1.0,DRY,N,5.0,LOCAL STREET,37.0,COLLISION WITH BICYCLIST,9.0,SINGLE VEHICLE,6.0,STRAIGHT & LEVEL,2.0,DAYLIGHT,,,,10,10,2014-07-24 10:10:00,38.23795,-85.807016667,POINT (-85.807016667 38.23795),0
138722,71482812,LOUISVILLE METRO POLICE DEPT,8014055176,AC,56,KY2052  ,,SHEPHERDSVILLE,RD   ,,38.1436486,-85.6598524,0.34,7/24/2014,1915,,RONWOOD,DR   ,,,,,,,2,1,0,1,2.0,CLEAR,1.0,DRY,N,7.0,STATE,2.0,COLLISION WITH BICYCLE,9.0,SINGLE VEHICLE,2.0,CURVE & HILLCREST,2.0,DAYLIGHT,,,N,19,15,2014-07-24 19:15:00,38.1436486,-85.6598524,POINT (-85.65985240000001 38.1436486),0
139001,71482409,LOUISVILLE METRO POLICE DEPT,8014056169,AC,56,,,4TH,ST   ,S ,38.2103886,-85.7646889,3.219,7/28/2014,1449,US0060A ,WINKLER,AVE  ,,,,,,,2,1,0,1,2.0,CLEAR,1.0,DRY,N,5.0,LOCAL STREET,2.0,COLLISION WITH BICYCLE,9.0,SINGLE VEHICLE,6.0,STRAIGHT & LEVEL,2.0,DAYLIGHT,,,N,14,49,2014-07-28 14:49:00,38.2103886,-85.7646889,POINT (-85.7646889 38.2103886),0
139007,71482978,LOUISVILLE METRO POLICE DEPT,8014056171,AC,56,,,4TH,ST   ,S ,38.2530693,-85.7571514,0.247,7/28/2014,1455,,LIBERTY,ST   ,,,,,,,2,1,0,1,2.0,CLEAR,1.0,DRY,N,5.0,LOCAL STREET,2.0,COLLISION WITH BICYCLE,9.0,SINGLE VEHICLE,6.0,STRAIGHT & LEVEL,1.0,DAWN,,,N,14,55,2014-07-28 14:55:00,38.2530693,-85.7571514,POINT (-85.7571514 38.2530693),0
139020,71482158,LOUISVILLE METRO POLICE DEPT,8014056388,AC,56,KY0146  ,,LA GRANGE,RD   ,,38.2707579,-85.5746646,2.922,7/29/2014,0821,,MILLGATE,RD   ,,,,,,,2,1,0,1,2.0,CLEAR,1.0,DRY,N,7.0,STATE,2.0,COLLISION WITH BICYCLE,9.0,SINGLE VEHICLE,6.0,STRAIGHT & LEVEL,2.0,DAYLIGHT,,,N,08,21,2014-07-29 08:21:00,38.2707579,-85.5746646,POINT (-85.57466460000001 38.2707579),0
139038,71482431,LOUISVILLE METRO POLICE DEPT,8014056530,AC,56,US0031E ,,BARDSTOWN,RD   ,,38.2303013,-85.7040399,14.323,7/29/2014,1542,,DUKER,AVE  ,,,,,,,2,1,0,1,2.0,CLEAR,1.0,DRY,N,2.0,FEDERAL,2.0,COLLISION WITH BICYCLE,9.0,SINGLE VEHICLE,6.0,STRAIGHT & LEVEL,2.0,DAYLIGHT,,,N,15,42,2014-07-29 15:42:00,38.2303013,-85.7040399,POINT (-85.7040399 38.2303013),0
139052,71482583,ST. MATTHEWS POLICE DEPARTMENT,0314001745,AC,56,,,BROWNS,LN   ,,38.2414803,-85.6352989,1.006,7/29/2014,0953,,KRESGE,WAY  ,,,,,,,2,1,0,1,2.0,CLEAR,1.0,DRY,N,5.0,LOCAL STREET,2.0,COLLISION WITH BICYCLE,9.0,SINGLE VEHICLE,6.0,STRAIGHT & LEVEL,2.0,DAYLIGHT,,,N,09,53,2014-07-29 09:53:00,38.2414803,-85.6352989,POINT (-85.6352989 38.2414803),0
139096,71482819,LOUISVILLE METRO POLICE DEPT,8014056555,AC,56,,,MALCOLM,RD   ,,38.1776859,-85.8102489,0.136,7/29/2014,1639,,,,,,,,,,2,1,0,0,2.0,CLEAR,1.0,DRY,N,5.0,LOCAL STREET,37.0,COLLISION WITH BICYCLIST,9.0,SINGLE VEHICLE,6.0,STRAIGHT & LEVEL,2.0,DAYLIGHT,,,N,16,39,2014-07-29 16:39:00,38.1776859,-85.8102489,POINT (-85.8102489 38.1776859),0
139204,71482994,LOUISVILLE METRO POLICE DEPT,8014057087,AC,56,US0060A ,,LEXINGTON,RD   ,,38.2453683,-85.6878967,8.763,7/31/2014,1015,,ALTA VISTA,RD   ,,,,,,,2,1,0,0,2.0,CLEAR,1.0,DRY,N,2.0,FEDERAL,2.0,COLLISION WITH BICYCLE,9.0,SINGLE VEHICLE,6.0,STRAIGHT & LEVEL,2.0,DAYLIGHT,,,N,10,15,2014-07-31 10:15:00,38.2453683,-85.6878967,POINT (-85.6878967 38.2453683),0
139295,71483404,LOUISVILLE METRO POLICE DEPT,8014057370,AC,56,KY1865  ,,NEW CUT,RD   ,,38.1409595,-85.7742197,2.33,8/1/2014,1205,,BAKERS,LN   ,,,,,,,2,1,0,1,2.0,CLEAR,1.0,DRY,Y,7.0,STATE,2.0,COLLISION WITH BICYCLE,9.0,SINGLE VEHICLE,5.0,STRAIGHT & HILLCREST,2.0,DAYLIGHT,,,N,12,05,2014-08-01 12:05:00,38.1409595,-85.7742197,POINT (-85.7742197 38.1409595),0
139467,71484265,LOUISVILLE METRO POLICE DEPT,8014057931,AC,56,,1900.0,ROANOKE,AVE  ,,38.2276331,-85.7002084,0.015,8/3/2014,1934,,,,,,,,,,2,1,0,1,2.0,CLEAR,1.0,DRY,N,5.0,LOCAL STREET,37.0,COLLISION WITH BICYCLIST,9.0,SINGLE VEHICLE,6.0,STRAIGHT & LEVEL,2.0,DAYLIGHT,,,N,19,34,2014-08-03 19:34:00,38.2276331,-85.7002084,POINT (-85.70020839999999 38.2276331),0
139590,71484743,LOUISVILLE METRO POLICE DEPT,8014058309,AC,56,,,DIXIE,HWY  ,,38.2364162,-85.7871666,0.909,8/5/2014,0653,,DUMESNIL,ST   ,,,,,,,2,1,0,1,2.0,CLEAR,1.0,DRY,N,5.0,LOCAL STREET,2.0,COLLISION WITH BICYCLE,9.0,SINGLE VEHICLE,6.0,STRAIGHT & LEVEL,2.0,DAYLIGHT,,,N,06,53,2014-08-05 06:53:00,38.2364162,-85.7871666,POINT (-85.78716660000001 38.2364162),0
139779,71485791,LOUISVILLE METRO POLICE DEPT,8014059177,AC,56,KY1020  ,,3RD,ST   ,S ,38.2509522,-85.7558357,12.447,8/8/2014,0638,,MUHAMMAD ALI,BLVD ,,,,,,,2,1,0,1,6.0,RAINING,5.0,WET,N,7.0,STATE,2.0,COLLISION WITH BICYCLE,9.0,SINGLE VEHICLE,6.0,STRAIGHT & LEVEL,1.0,DAWN,,,N,06,38,2014-08-08 06:38:00,38.2509522,-85.7558357,POINT (-85.75583570000001 38.2509522),0
139851,71486745,LOUISVILLE METRO POLICE DEPT,8014059418,AC,56,,,QUIET,WAY  ,,38.1618318,-85.6818669,0.102,8/8/2014,2129,,NORENE,LN   ,,,,,,,2,1,0,1,2.0,CLEAR,1.0,DRY,N,5.0,LOCAL STREET,2.0,COLLISION WITH BICYCLE,9.0,SINGLE VEHICLE,6.0,STRAIGHT & LEVEL,6.0,DARK-HWY NOT LIGHTED,,,N,21,29,2014-08-08 21:29:00,38.1618318,-85.6818669,POINT (-85.6818669 38.1618318),0
139872,71486735,LOUISVILLE METRO POLICE DEPT,8014059374,AC,56,,,KINROSS,BLVD ,,38.0607204,-85.8917303,0.221,8/8/2014,1700,,ETHAN ALLEN,WAY  ,,,,,,,2,1,0,1,3.0,CLOUDY,1.0,DRY,N,5.0,LOCAL STREET,2.0,COLLISION WITH BICYCLE,9.0,SINGLE VEHICLE,6.0,STRAIGHT & LEVEL,2.0,DAYLIGHT,,,N,17,00,2014-08-08 17:00:00,38.0607204,-85.8917303,POINT (-85.89173030000001 38.0607204),0
139911,71486424,ST. MATTHEWS POLICE DEPARTMENT,0314001850,AC,56,US0060  ,,SHELBYVILLE,RD   ,,38.2509702,-85.631815,4.851,8/9/2014,1605,,,,,,,,,,2,1,0,1,2.0,CLEAR,1.0,DRY,N,2.0,FEDERAL,37.0,COLLISION WITH BICYCLIST,9.0,SINGLE VEHICLE,6.0,STRAIGHT & LEVEL,2.0,DAYLIGHT,,,N,16,05,2014-08-09 16:05:00,38.2509702,-85.631815,POINT (-85.631815 38.2509702),0
139962,71486784,LOUISVILLE METRO POLICE DEPT,8014059636,AC,56,,,OAK,ST   ,W ,38.2354917,-85.7653342,0.547,8/9/2014,1830,,7TH,ST   ,,,,,,,2,1,0,1,2.0,CLEAR,1.0,DRY,N,5.0,LOCAL STREET,2.0,COLLISION WITH BICYCLE,9.0,SINGLE VEHICLE,6.0,STRAIGHT & LEVEL,2.0,DAYLIGHT,,,N,18,30,2014-08-09 18:30:00,38.2354917,-85.7653342,POINT (-85.7653342 38.2354917),0
140018,71486824,LOUISVILLE METRO POLICE DEPT,8014059852,AC,56,US0060  ,,SHELBYVILLE,RD   ,,38.2443849,-85.5222997,10.981,8/10/2014,1528,,,,,JUNEAU,DR   ,KY2840,OLD SHELBYVILLE,RD   ,2,1,0,1,3.0,CLOUDY,1.0,DRY,N,2.0,FEDERAL,37.0,COLLISION WITH BICYCLIST,9.0,SINGLE VEHICLE,6.0,STRAIGHT & LEVEL,2.0,DAYLIGHT,,,N,15,28,2014-08-10 15:28:00,38.2443849,-85.5222997,POINT (-85.5222997 38.2443849),0
140040,71490215,LOUISVILLE METRO POLICE DEPT,8014059917,AC,56,,,ARCADE,AVE  ,,38.2027579,-85.7820663,0.054,8/10/2014,2000,US0060A ,TAYLOR,BLVD ,,,,,,,2,1,0,0,2.0,CLEAR,1.0,DRY,N,5.0,LOCAL STREET,2.0,COLLISION WITH BICYCLE,9.0,SINGLE VEHICLE,6.0,STRAIGHT & LEVEL,2.0,DAYLIGHT,,,Y,20,00,2014-08-10 20:00:00,38.2027579,-85.7820663,POINT (-85.7820663 38.2027579),0
140169,71487929,LOUISVILLE METRO POLICE DEPT,8014060523,AC,56,,,WURTELE,AVE  ,,38.2117112,-85.7790588,0.316,8/12/2014,1816,,,,,COLORADO,AVE  ,,LINDBERGH,DR   ,2,1,0,1,2.0,CLEAR,1.0,DRY,N,5.0,LOCAL STREET,37.0,COLLISION WITH BICYCLIST,9.0,SINGLE VEHICLE,6.0,STRAIGHT & LEVEL,2.0,DAYLIGHT,,,N,18,16,2014-08-12 18:16:00,38.2117112,-85.7790588,POINT (-85.7790588 38.2117112),0
140482,71492911,SHIVELY POLICE DEPARTMENT,0414001739,AC,56,US0031W ,,DIXIE,HWY  ,,38.1877007,-85.8112202,14.973,8/15/2014,1438,,,,,,,,,,2,1,0,1,2.0,CLEAR,1.0,DRY,N,2.0,FEDERAL,37.0,COLLISION WITH BICYCLIST,9.0,SINGLE VEHICLE,6.0,STRAIGHT & LEVEL,2.0,DAYLIGHT,,,N,14,38,2014-08-15 14:38:00,38.1877007,-85.8112202,POINT (-85.81122019999999 38.1877007),0