,MASTER FILE NUMBER,INVESTIGATING AGENCY,LOCAL CODE,COLLISION STATUS CODE,COUNTY NAME,ROADWAY NUMBER,BLOCK/HOUSE #,ROADWAY NAME,ROADWAY SUFFIX,ROADWAY DIRECTION CODE,GPS LATITUDE DECIMAL,GPS LONGITUDE DECIMAL,MILEPOINT DERIVED,COLLISION DATE,COLLISION TIME,INTERSECTION ROADWAY #,INTERSECTION ROADWAY NAME,INTERSECTION ROADWAY SFX,BETWEEN STREET ROADWAY # 1,BETWEEN STREET ROADWAY NAME 1,BETWEEN STREET ROADWAY SFX 1,BETWEEN STREET ROADWAY # 2,BETWEEN STREET ROADWAY NAME 2,BETWEEN STREET ROADWAY SFX 2,UNITS INVOLVED,MOTOR VEHICLES INVOLVED,KILLED,INJURED,WEATHER CODE,WEATHER,ROADWAY CONDITION CODE,ROADWAY CONDITION,HIT & RUN INDICATOR,ROADWAY TYPE CODE,ROADWAY TYPE,DIRECTIONAL ANALYSIS CODE,DIRECTIONAL ANALYSIS,MANNER OF COLLISION CODE,MANNER OF COLLISION,ROADWAY CHARACTER CODE,ROADWAY CHARACTER,LIGHT CONDITION CODE,LIGHT CONDITION,RAMP FROM ROADWAY ID,RAMP TO ROADWAY ID,SECONDARY COLLISION INDICATOR,hour,minute,Date,Latitude,Longitude,geometry,index_right
140670,71490237,LOUISVILLE METRO POLICE DEPT,8014062185,AC,56,,,SOUTHERN PKY,,,38.1754168,-85.7736916,0.542,8/18/2014,1305,,,,,,,,,,2,1,0,1,2.0,CLEAR,1.0,DRY,N,5.0,LOCAL STREET,37.0,COLLISION WITH BICYCLIST,9.0,SINGLE VEHICLE,6.0,STRAIGHT & LEVEL,2.0,DAYLIGHT,,,N,13,05,2014-08-18 13:05:00,38.1754168,-85.7736916,POINT (-85.77369160000001 38.1754168),0
140775,71490873,LOUISVILLE METRO POLICE DEPT,8014062534,AC,56,,,3RD,ST   ,N ,38.2564246,-85.7548881,0.002,8/19/2014,1510,US0031W ,MAIN,ST   ,,,,,,,2,1,0,1,2.0,CLEAR,1.0,DRY,N,5.0,LOCAL STREET,2.0,COLLISION WITH BICYCLE,9.0,SINGLE VEHICLE,6.0,STRAIGHT & LEVEL,2.0,DAYLIGHT,,,N,15,10,2014-08-19 15:10:00,38.2564246,-85.7548881,POINT (-85.7548881 38.2564246),0
141084,71492575,LOUISVILLE METRO POLICE DEPT,8014063606,AC,56,,,WHISPERING HILLS,BLVD ,,38.1488918,-85.6583464,0.087,8/22/2014,2355,,BILLIE,LN   ,,,,,,,2,1,0,1,6.0,RAINING,5.0,WET,N,1.0,COUNTY ROAD,2.0,COLLISION WITH BICYCLE,9.0,SINGLE VEHICLE,2.0,CURVE & HILLCREST,4.0,DARK-HWY LIGHTED/OFF,,,N,23,55,2014-08-22 23:55:00,38.1488918,-85.6583464,POINT (-85.6583464 38.1488918),0
141099,71494124,LOUISVILLE METRO POLICE DEPT,8014063319,AC,56,,,WILSON,AVE  ,,38.2348921,-85.7905035,0.845,8/22/2014,0730,,,,,,,,,,2,1,0,1,2.0,CLEAR,1.0,DRY,N,5.0,LOCAL STREET,37.0,COLLISION WITH BICYCLIST,9.0,SINGLE VEHICLE,6.0,STRAIGHT & LEVEL,1.0,DAWN,,,N,07,30,2014-08-22 07:30:00,38.2348921,-85.7905035,POINT (-85.7905035 38.2348921),0
141141,71492611,LOUISVILLE METRO POLICE DEPT,8014063843,AC,56,KY1020  ,,SOUTHERN PKY,,,38.2006006,-85.7651065,9.15,8/23/2014,2034,,3RD,ST   ,,,,,,,2,1,0,1,6.0,RAINING,5.0,WET,N,7.0,STATE,2.0,COLLISION WITH BICYCLE,9.0,SINGLE VEHICLE,6.0,STRAIGHT & LEVEL,5.0,DARK-HWY LIGHTED/ON,,,N,20,34,2014-08-23 20:34:00,38.2006006,-85.7651065,POINT (-85.7651065 38.2006006),0
141188,71496374,LOUISVILLE METRO POLICE DEPT,8014063810,AC,56,,,MUHAMMAD ALI,BLVD ,E ,38.2500491,-85.746915,0.73,8/23/2014,1715,KY0061  ,PRESTON,ST   ,,,,,,,2,1,0,1,3.0,CLOUDY,5.0,WET,N,5.0,LOCAL STREET,2.0,COLLISION WITH BICYCLE,9.0,SINGLE VEHICLE,6.0,STRAIGHT & LEVEL,2.0,DAYLIGHT,,,N,17,15,2014-08-23 17:15:00,38.2500491,-85.746915,POINT (-85.746915 38.2500491),0
141236,71492669,LOUISVILLE METRO POLICE DEPT,8014064047,AC,56,,,MAGNOLIA,AVE  ,W ,38.2297726,-85.7676954,0.621,8/24/2014,1709,,7TH,ST   ,,,,,,,2,1,0,1,2.0,CLEAR,1.0,DRY,N,1.0,COUNTY ROAD,2.0,COLLISION WITH BICYCLE,9.0,SINGLE VEHICLE,4.0,STRAIGHT & GRADE,2.0,DAYLIGHT,,,N,17,09,2014-08-24 17:09:00,38.2297726,-85.7676954,POINT (-85.76769539999999 38.2297726),0
141424,71493683,LOUISVILLE METRO POLICE DEPT,8014064769,AC,56,,,DIXIE,HWY  ,,38.2350546,-85.7877396,1.008,8/26/2014,2115,,,,,WILSON,AVE  ,,ORMSBY,AVE  ,2,1,0,1,6.0,RAINING,5.0,WET,N,1.0,COUNTY ROAD,37.0,COLLISION WITH BICYCLIST,9.0,SINGLE VEHICLE,6.0,STRAIGHT & LEVEL,5.0,DARK-HWY LIGHTED/ON,,,N,21,15,2014-08-26 21:15:00,38.2350546,-85.7877396,POINT (-85.78773959999999 38.2350546),0
141594,71494519,UNIV. OF LOUISVILLE POLICE,R14000571 ,AC,56,,2100.0,FLOYD,ST   ,S ,38.2157659,-85.7549757,2.746,8/28/2014,1122,,,,,,,,,,2,1,0,0,2.0,CLEAR,1.0,DRY,N,5.0,LOCAL STREET,37.0,COLLISION WITH BICYCLIST,9.0,SINGLE VEHICLE,6.0,STRAIGHT & LEVEL,2.0,DAYLIGHT,,,N,11,22,2014-08-28 11:22:00,38.2157659,-85.7549757,POINT (-85.7549757 38.2157659),0
141720,71495548,LOUISVILLE METRO POLICE DEPT,8014065420,AC,56,US0060  ,,FRANKFORT,AVE  ,,38.2545149,-85.6809143,2.16,8/29/2014,0832,,RESERVOIR,AVE  ,,,,,,,2,1,0,1,2.0,CLEAR,1.0,DRY,N,2.0,FEDERAL,2.0,COLLISION WITH BICYCLE,9.0,SINGLE VEHICLE,6.0,STRAIGHT & LEVEL,2.0,DAYLIGHT,,,N,08,32,2014-08-29 08:32:00,38.2545149,-85.6809143,POINT (-85.6809143 38.2545149),0
141751,71495610,LOUISVILLE METRO POLICE DEPT,8014065638,AC,56,KY1931  ,,7TH,ST   ,,38.2176322,-85.7798889,10.281,8/29/2014,1845,,TENNESSEE,AVE  ,,,,,,,2,1,0,1,2.0,CLEAR,1.0,DRY,N,7.0,STATE,2.0,COLLISION WITH BICYCLE,9.0,SINGLE VEHICLE,6.0,STRAIGHT & LEVEL,2.0,DAYLIGHT,,,N,18,45,2014-08-29 18:45:00,38.2176322,-85.7798889,POINT (-85.7798889 38.2176322),0
142033,71496399,LOUISVILLE METRO POLICE DEPT,8014066624,AC,56,,,24TH,ST   ,N ,38.265341,-85.7882314,0.359,9/2/2014,1602,,,,,,,,,,2,1,0,0,2.0,CLEAR,1.0,DRY,Y,5.0,LOCAL STREET,37.0,COLLISION WITH BICYCLIST,9.0,SINGLE VEHICLE,3.0,CURVE & LEVEL,2.0,DAYLIGHT,,,N,16,02,2014-09-02 16:02:00,38.265341,-85.7882314,POINT (-85.7882314 38.265341),0
142200,71496896,LOUISVILLE METRO POLICE DEPT,8014067074,AC,56,,,MANSLICK,CT   ,,38.19171,-85.8015302,0.039,9/4/2014,2349,,,,,,,,,,2,1,0,1,3.0,CLOUDY,1.0,DRY,Y,5.0,LOCAL STREET,37.0,COLLISION WITH BICYCLIST,9.0,SINGLE VEHICLE,6.0,STRAIGHT & LEVEL,6.0,DARK-HWY NOT LIGHTED,,,N,23,49,2014-09-04 23:49:00,38.19171,-85.8015302,POINT (-85.8015302 38.19171),0
142211,71497393,LOUISVILLE METRO POLICE DEPT,8014067155,AC,56,KY1020  ,,2ND,ST   ,S ,38.2351799,-85.7571415,11.413,9/4/2014,1206,,,,,,,,,,2,1,0,1,2.0,CLEAR,1.0,DRY,N,7.0,STATE,37.0,COLLISION WITH BICYCLIST,9.0,SINGLE VEHICLE,6.0,STRAIGHT & LEVEL,2.0,DAYLIGHT,,,N,12,06,2014-09-04 12:06:00,38.2351799,-85.7571415,POINT (-85.7571415 38.2351799),0
142436,71498425,LOUISVILLE METRO POLICE DEPT,8014067917,AC,56,KY0907  ,,3RD,ST   ,,38.13834,-85.7841601,5.6,9/6/2014,2140,,,,,CARTLEDGE,CT   ,,TWIN WILLOWS,LN   ,2,1,0,2,2.0,CLEAR,1.0,DRY,N,7.0,STATE,37.0,COLLISION WITH BICYCLIST,9.0,SINGLE VEHICLE,3.0,CURVE & LEVEL,4.0,DARK-HWY LIGHTED/OFF,,,N,21,40,2014-09-06 21:40:00,38.13834,-85.7841601,POINT (-85.78416009999999 38.13834),0
142498,71502704,LOUISVILLE METRO POLICE DEPT,8014068131,AC,56,US0031E ,,MARKET,ST   ,E ,38.2543042,-85.7481601,17.489,9/7/2014,1741,,FLOYD,ST   ,,,,,,,2,1,0,1,2.0,CLEAR,1.0,DRY,Y,2.0,FEDERAL,2.0,COLLISION WITH BICYCLE,9.0,SINGLE VEHICLE,6.0,STRAIGHT & LEVEL,2.0,DAYLIGHT,,,N,17,41,2014-09-07 17:41:00,38.2543042,-85.7481601,POINT (-85.74816010000001 38.2543042),0
142730,71504600,LOUISVILLE METRO POLICE DEPT,8014069003,AC,56,,,HANCOCK,ST   ,S ,38.2362327,-85.7451558,1.296,9/10/2014,1539,,,,,KENTUCKY,ST   ,,SAINT CATHERINE,ST   ,2,1,0,1,2.0,CLEAR,1.0,DRY,N,5.0,LOCAL STREET,37.0,COLLISION WITH BICYCLIST,9.0,SINGLE VEHICLE,6.0,STRAIGHT & LEVEL,2.0,DAYLIGHT,,,N,15,39,2014-09-10 15:39:00,38.2362327,-85.7451558,POINT (-85.74515580000001 38.2362327),0
142785,71500445,LOUISVILLE METRO POLICE DEPT,8014069287,AC,56,US0031W ,,DIXIE,HWY  ,,38.1672878,-85.8291547,13.205,9/11/2014,1620,,,,,UPPER HUNTERS,TRCE ,,BONNYVILLE,BLVD ,2,1,0,0,2.0,CLEAR,1.0,DRY,N,2.0,FEDERAL,37.0,COLLISION WITH BICYCLIST,9.0,SINGLE VEHICLE,6.0,STRAIGHT & LEVEL,2.0,DAYLIGHT,,,N,16,20,2014-09-11 16:20:00,38.1672878,-85.8291547,POINT (-85.8291547 38.1672878),0
142818,71501252,LOUISVILLE METRO POLICE DEPT,8014069302,AC,56,,,GARDINER,LN   ,,38.1969139,-85.6973096,0.64,9/11/2014,1639,,,,,,,,,,2,1,0,1,3.0,CLOUDY,1.0,DRY,N,5.0,LOCAL STREET,37.0,COLLISION WITH BICYCLIST,9.0,SINGLE VEHICLE,3.0,CURVE & LEVEL,2.0,DAYLIGHT,,,N,16,39,2014-09-11 16:39:00,38.1969139,-85.6973096,POINT (-85.6973096 38.1969139),0
142944,71501033,ST. MATTHEWS POLICE DEPARTMENT,0314002141,AC,56,KY0146  ,7321.0,NEW LA GRANGE,RD   ,,38.2513551,-85.6159809,0.136,9/13/2014,1920,,,,,,,,,,2,1,0,1,2.0,CLEAR,1.0,DRY,N,7.0,STATE,37.0,COLLISION WITH BICYCLIST,9.0,SINGLE VEHICLE,6.0,STRAIGHT & LEVEL,2.0,DAYLIGHT,,,N,19,20,2014-09-13 19:20:00,38.2513551,-85.6159809,POINT (-85.6159809 38.2513551),0
142957,71501328,LOUISVILLE METRO POLICE DEPT,8014069798,AC,56,,3121.0,DEL PARK,TER  ,,38.2527039,-85.8037598,0.053,9/13/2014,1438,,,,,,,,,,2,1,0,1,2.0,CLEAR,1.0,DRY,N,5.0,LOCAL STREET,37.0,COLLISION WITH BICYCLIST,9.0,SINGLE VEHICLE,6.0,STRAIGHT & LEVEL,2.0,DAYLIGHT,,,N,14,38,2014-09-13 14:38:00,38.2527039,-85.8037598,POINT (-85.80375979999999 38.2527039),0
143008,71501375,LOUISVILLE METRO POLICE DEPT,8014070085,AC,56,,,DIXIE,HWY  ,,38.2283221,-85.7904476,1.495,9/14/2014,2031,,HILL,ST   ,,,,,,,2,1,0,1,2.0,CLEAR,1.0,DRY,N,5.0,LOCAL STREET,2.0,COLLISION WITH BICYCLE,9.0,SINGLE VEHICLE,6.0,STRAIGHT & LEVEL,5.0,DARK-HWY LIGHTED/ON,,,N,20,31,2014-09-14 20:31:00,38.2283221,-85.7904476,POINT (-85.79044759999999 38.2283221),0
143155,71502264,LOUISVILLE METRO POLICE DEPT,8014070659,AC,56,,,4TH,ST   ,S ,38.2460788,-85.7583797,0.734,9/16/2014,1714,US0150  ,BROADWAY,,,,,,,,2,1,0,1,2.0,CLEAR,1.0,DRY,N,5.0,LOCAL STREET,2.0,COLLISION WITH BICYCLE,9.0,SINGLE VEHICLE,6.0,STRAIGHT & LEVEL,2.0,DAYLIGHT,,,N,17,14,2014-09-16 17:14:00,38.2460788,-85.7583797,POINT (-85.75837970000001 38.2460788),0
143173,71502235,ST. MATTHEWS POLICE DEPARTMENT,0314002166,AC,56,US0060  ,,SHELBYVILLE,RD   ,,38.2523899,-85.6491338,3.928,9/16/2014,2315,,RIDGEWAY,AVE  ,,,,,,,2,1,0,1,6.0,RAINING,5.0,WET,N,2.0,FEDERAL,2.0,COLLISION WITH BICYCLE,9.0,SINGLE VEHICLE,6.0,STRAIGHT & LEVEL,5.0,DARK-HWY LIGHTED/ON,,,N,23,15,2014-09-16 23:15:00,38.2523899,-85.6491338,POINT (-85.6491338 38.2523899),0
143246,71502735,LOUISVILLE METRO POLICE DEPT,8014070977,AC,56,KY1020  ,,NATIONAL,TPKE ,,38.1236481,-85.748482,3.45,9/17/2014,1737,,GLENGARRY,DR   ,,,,,,,2,1,0,1,2.0,CLEAR,1.0,DRY,N,7.0,STATE,2.0,COLLISION WITH BICYCLE,9.0,SINGLE VEHICLE,6.0,STRAIGHT & LEVEL,2.0,DAYLIGHT,,,N,17,37,2014-09-17 17:37:00,38.1236481,-85.748482,POINT (-85.748482 38.1236481),0
143422,71508437,SHIVELY POLICE DEPARTMENT,0414002000,AC,56,US0031W ,,DIXIE,HWY  ,,38.1908921,-85.808877,15.238,9/18/2014,2229,,GARRS,LN   ,,,,,,,2,1,0,0,2.0,CLEAR,1.0,DRY,N,2.0,FEDERAL,2.0,COLLISION WITH BICYCLE,9.0,SINGLE VEHICLE,6.0,STRAIGHT & LEVEL,2.0,DAYLIGHT,,,N,22,29,2014-09-18 22:29:00,38.1908921,-85.808877,POINT (-85.808877 38.1908921),0
143554,71503979,LOUISVILLE METRO POLICE DEPT,8014071920,AC,56,,,NORTON HEALTHCARE,BLVD ,,38.3148924,-85.5747049,0.375,9/20/2014,1432,,,,,,,,,,2,1,0,1,2.0,CLEAR,1.0,DRY,N,5.0,LOCAL STREET,37.0,COLLISION WITH BICYCLIST,9.0,SINGLE VEHICLE,3.0,CURVE & LEVEL,2.0,DAYLIGHT,,,N,14,32,2014-09-20 14:32:00,38.3148924,-85.5747049,POINT (-85.5747049 38.3148924),0
143584,71503995,LOUISVILLE METRO POLICE DEPT,8014072015,AC,56,KY2845  ,,MANSLICK,RD   ,E ,38.1183364,-85.675714,0.08,9/20/2014,2050,,,,,,,,,,2,1,0,1,2.0,CLEAR,1.0,DRY,N,7.0,STATE,37.0,COLLISION WITH BICYCLIST,9.0,SINGLE VEHICLE,5.0,STRAIGHT & HILLCREST,4.0,DARK-HWY LIGHTED/OFF,,,N,20,50,2014-09-20 20:50:00,38.1183364,-85.675714,POINT (-85.675714 38.1183364),0
143596,71505030,LOUISVILLE METRO POLICE DEPT,8014072142,AC,56,US0042  ,,BROWNSBORO,RD   ,,38.2584215,-85.7002718,1.939,9/20/2014,1214,,IDLEWYLDE,DR   ,,,,,,,2,1,0,1,2.0,CLEAR,1.0,DRY,N,2.0,FEDERAL,2.0,COLLISION WITH BICYCLE,9.0,SINGLE VEHICLE,4.0,STRAIGHT & GRADE,2.0,DAYLIGHT,,,N,12,14,2014-09-20 12:14:00,38.2584215,-85.7002718,POINT (-85.7002718 38.2584215),0
143604,71503756,ST. MATTHEWS POLICE DEPARTMENT,0314002218,AC,56,US0060  ,5000.0,SHELBYVILLE,RD   ,,38.2503525,-85.6246135,5.243,9/21/2014,1615,,,,,,,,,,2,1,0,1,2.0,CLEAR,1.0,DRY,N,2.0,FEDERAL,37.0,COLLISION WITH BICYCLIST,9.0,SINGLE VEHICLE,6.0,STRAIGHT & LEVEL,2.0,DAYLIGHT,,,N,16,15,2014-09-21 16:15:00,38.2503525,-85.6246135,POINT (-85.6246135 38.2503525),0
143635,71504016,LOUISVILLE METRO POLICE DEPT,8014072189,AC,56,,,RIVER,RD   ,,38.343249,-85.6216464,6.414,9/21/2014,1528,,,,,SHIRLEY,AVE  ,,CARSLAW,CT   ,2,1,0,1,2.0,CLEAR,1.0,DRY,N,5.0,LOCAL STREET,37.0,COLLISION WITH BICYCLIST,9.0,SINGLE VEHICLE,6.0,STRAIGHT & LEVEL,2.0,DAYLIGHT,,,N,15,28,2014-09-21 15:28:00,38.343249,-85.6216464,POINT (-85.6216464 38.343249),0
143987,71505862,LOUISVILLE METRO POLICE DEPT,8014073396,AC,56,KY1447  ,,WESTPORT,RD   ,,38.2740339,-85.6090736,3.011,9/25/2014,1130,,,,,ORMSBY,LN   ,,APPLEWOOD,LN   ,2,1,0,1,2.0,CLEAR,1.0,DRY,N,7.0,STATE,37.0,COLLISION WITH BICYCLIST,9.0,SINGLE VEHICLE,4.0,STRAIGHT & GRADE,2.0,DAYLIGHT,,,N,11,30,2014-09-25 11:30:00,38.2740339,-85.6090736,POINT (-85.6090736 38.2740339),0
144022,71506075,LOUISVILLE METRO POLICE DEPT,8014073590,AC,56,,,ST RITA,DR   ,,38.1293075,-85.6787995,0.146,9/25/2014,2120,,NEWSTEAD,AVE  ,,,,,,,2,1,0,1,2.0,CLEAR,1.0,DRY,N,5.0,LOCAL STREET,2.0,COLLISION WITH BICYCLE,9.0,SINGLE VEHICLE,6.0,STRAIGHT & LEVEL,6.0,DARK-HWY NOT LIGHTED,,,N,21,20,2014-09-25 21:20:00,38.1293075,-85.6787995,POINT (-85.6787995 38.1293075),0
144504,71508083,LOUISVILLE METRO POLICE DEPT,8014074974,AC,56,US0031W ,,DIXIE,HWY  ,,38.1275382,-85.8501612,10.279,9/30/2014,1252,,,,,,,,,,2,1,0,1,2.0,CLEAR,1.0,DRY,N,2.0,FEDERAL,37.0,COLLISION WITH BICYCLIST,9.0,SINGLE VEHICLE,6.0,STRAIGHT & LEVEL,2.0,DAYLIGHT,,,N,12,52,2014-09-30 12:52:00,38.1275382,-85.8501612,POINT (-85.8501612 38.1275382),0
144603,71508556,JEFFERSONTOWN POLICE DEPT,A1042996  ,AC,56,KY0155  ,,TAYLORSVILLE,RD   ,,38.1942575,-85.5654457,9.349,10/1/2014,1519,,WATTERSON,TRL  ,,,,,,,2,1,0,1,2.0,CLEAR,1.0,DRY,N,7.0,STATE,2.0,COLLISION WITH BICYCLE,9.0,SINGLE VEHICLE,6.0,STRAIGHT & LEVEL,2.0,DAYLIGHT,,,N,15,19,2014-10-01 15:19:00,38.1942575,-85.5654457,POINT (-85.5654457 38.1942575),0
144896,71510130,LOUISVILLE METRO POLICE DEPT,8014076021,AC,56,,3600.0,REGATTA,WAY  ,,38.2371465,-85.8139676,0.141,10/3/2014,1848,,,,,,,,,,2,1,0,1,2.0,CLEAR,1.0,DRY,N,5.0,LOCAL STREET,37.0,COLLISION WITH BICYCLIST,9.0,SINGLE VEHICLE,6.0,STRAIGHT & LEVEL,2.0,DAYLIGHT,,,N,18,48,2014-10-03 18:48:00,38.2371465,-85.8139676,POINT (-85.8139676 38.2371465),0
145016,71510215,LOUISVILLE METRO POLICE DEPT,8014076440,AC,56,,,CRAIG,AVE  ,,38.1898212,-85.7900132,0.414,10/5/2014,1600,,SOUTHERN HEIGHTS,AVE  ,,,,,,,2,1,0,1,3.0,CLOUDY,1.0,DRY,N,5.0,LOCAL STREET,2.0,COLLISION WITH BICYCLE,9.0,SINGLE VEHICLE,6.0,STRAIGHT & LEVEL,2.0,DAYLIGHT,,,Y,16,00,2014-10-05 16:00:00,38.1898212,-85.7900132,POINT (-85.7900132 38.1898212),0
145062,71510745,LOUISVILLE METRO POLICE DEPT,8014076662,AC,56,KY0061  ,,PRESTON,ST   ,S ,38.2449037,-85.7476634,12.339,10/6/2014,1200,,,,US0150  ,BROADWAY,,US0150,BROADWAY,,2,1,0,0,3.0,CLOUDY,5.0,WET,N,7.0,STATE,37.0,COLLISION WITH BICYCLIST,9.0,SINGLE VEHICLE,6.0,STRAIGHT & LEVEL,2.0,DAYLIGHT,,,N,12,00,2014-10-06 12:00:00,38.2449037,-85.7476634,POINT (-85.74766339999999 38.2449037),0
145570,1907373,LOUISVILLE METRO POLICE DEPT,8014078164,AC,56,,,HILLVIEW DR,,,38.151833333,-85.759266667,,10/11/2014,1430,,SOUTHSIDE,DR   ,,,,,,,2,1,0,1,3.0,CLOUDY,1.0,DRY,N,5.0,LOCAL STREET,2.0,COLLISION WITH BICYCLE,1.0,ANGLE,6.0,STRAIGHT & LEVEL,2.0,DAYLIGHT,,,,14,30,2014-10-11 14:30:00,38.151833333,-85.759266667,POINT (-85.75926666700001 38.151833333),0
145590,71513279,LOUISVILLE METRO POLICE DEPT,8014078158,AC,56,,,11TH,ST   ,S ,38.2473698,-85.7699405,0.735,10/11/2014,1412,US0150  ,BROADWAY,,,,,,,,2,1,0,1,3.0,CLOUDY,1.0,DRY,N,5.0,LOCAL STREET,2.0,COLLISION WITH BICYCLE,9.0,SINGLE VEHICLE,6.0,STRAIGHT & LEVEL,2.0,DAYLIGHT,,,N,14,12,2014-10-11 14:12:00,38.2473698,-85.7699405,POINT (-85.7699405 38.2473698),0
145687,71515166,LOUISVILLE METRO POLICE DEPT,8014078330,AC,56,,,BURNETT,AVE  ,W ,38.2269632,-85.7583849,0.092,10/12/2014,0312,KY1020  ,2ND,ST   ,,,,,,,2,1,0,1,2.0,CLEAR,1.0,DRY,Y,5.0,LOCAL STREET,2.0,COLLISION WITH BICYCLE,9.0,SINGLE VEHICLE,6.0,STRAIGHT & LEVEL,5.0,DARK-HWY LIGHTED/ON,,,N,03,12,2014-10-12 03:12:00,38.2269632,-85.7583849,POINT (-85.7583849 38.2269632),0
145778,71514047,LOUISVILLE METRO POLICE DEPT,8014078871,AC,56,,,23RD,ST   ,S ,38.2312075,-85.7945227,1.596,10/13/2014,2201,,,,,,,,,,2,1,0,1,6.0,RAINING,5.0,WET,N,5.0,LOCAL STREET,37.0,COLLISION WITH BICYCLIST,9.0,SINGLE VEHICLE,6.0,STRAIGHT & LEVEL,5.0,DARK-HWY LIGHTED/ON,,,N,22,01,2014-10-13 22:01:00,38.2312075,-85.7945227,POINT (-85.7945227 38.2312075),0
146048,71515764,LOUISVILLE METRO POLICE DEPT,8014079540,AC,56,,,PHILLIPS,LN   ,,38.1932306,-85.740093,0.713,10/15/2014,2150,,,,,EMBERSON,AVE  ,,EMBERSON,AVE  ,2,1,0,0,6.0,RAINING,5.0,WET,N,5.0,LOCAL STREET,37.0,COLLISION WITH BICYCLIST,9.0,SINGLE VEHICLE,6.0,STRAIGHT & LEVEL,5.0,DARK-HWY LIGHTED/ON,,,N,21,50,2014-10-15 21:50:00,38.1932306,-85.740093,POINT (-85.740093 38.1932306),0
146162,71518221,LOUISVILLE METRO POLICE DEPT,8014079765,AC,56,,,35TH,ST   ,S ,38.2617151,-85.8083264,0.043,10/16/2014,100005,,MARKET,ST   ,,,,,,,2,1,0,1,2.0,CLEAR,1.0,DRY,N,5.0,LOCAL STREET,2.0,COLLISION WITH BICYCLE,9.0,SINGLE VEHICLE,6.0,STRAIGHT & LEVEL,2.0,DAYLIGHT,,,N,10,00,2014-10-16 10:00:00,38.2617151,-85.8083264,POINT (-85.8083264 38.2617151),0
146476,71517725,LOUISVILLE METRO POLICE DEPT,8014080795,AC,56,KY1230  ,,CANE RUN,RD   ,,38.1398737,-85.8972811,4.295,10/20/2014,1213,,GLOBAL,DR   ,,,,,,,2,1,0,1,3.0,CLOUDY,1.0,DRY,N,7.0,STATE,2.0,COLLISION WITH BICYCLE,9.0,SINGLE VEHICLE,6.0,STRAIGHT & LEVEL,2.0,DAYLIGHT,,,N,12,13,2014-10-20 12:13:00,38.1398737,-85.8972811,POINT (-85.8972811 38.1398737),0
146557,71517737,LOUISVILLE METRO POLICE DEPT,8014081074,AC,56,,,ELEANOR,AVE  ,,38.2111546,-85.6751406,1.194,10/21/2014,0754,,GARDINER,LN   ,,,,,,,2,1,0,1,3.0,CLOUDY,5.0,WET,N,5.0,LOCAL STREET,2.0,COLLISION WITH BICYCLE,9.0,SINGLE VEHICLE,6.0,STRAIGHT & LEVEL,1.0,DAWN,,,N,07,54,2014-10-21 07:54:00,38.2111546,-85.6751406,POINT (-85.67514060000001 38.2111546),0
146743,71518734,LOUISVILLE METRO POLICE DEPT,8014081697,AC,56,,,BRECKINRIDGE,ST   ,E ,38.2403978,-85.7311172,0.311,10/23/2014,1000,,BARRET,AVE  ,,,,,,,2,1,0,0,2.0,CLEAR,1.0,DRY,N,5.0,LOCAL STREET,2.0,COLLISION WITH BICYCLE,9.0,SINGLE VEHICLE,6.0,STRAIGHT & LEVEL,2.0,DAYLIGHT,,,N,10,00,2014-10-23 10:00:00,38.2403978,-85.7311172,POINT (-85.7311172 38.2403978),0
146811,71519749,LOUISVILLE METRO POLICE DEPT,8014081767,AC,56,,,8TH,ST   ,S ,38.2534355,-85.7638325,0.272,10/23/2014,1410,,LIBERTY,ST   ,,,,,,,2,1,0,1,2.0,CLEAR,1.0,DRY,N,5.0,LOCAL STREET,2.0,COLLISION WITH BICYCLE,9.0,SINGLE VEHICLE,6.0,STRAIGHT & LEVEL,2.0,DAYLIGHT,,,N,14,10,2014-10-23 14:10:00,38.2534355,-85.7638325,POINT (-85.76383250000001 38.2534355),0
146867,71519760,LOUISVILLE METRO POLICE DEPT,8014082048,AC,56,US0031W ,,MARKET,ST   ,W ,38.2556546,-85.7609108,21.615,10/24/2014,1146,,,,,7TH,ST   ,,6TH,ST   ,2,1,0,0,2.0,CLEAR,1.0,DRY,N,2.0,FEDERAL,37.0,COLLISION WITH BICYCLIST,9.0,SINGLE VEHICLE,6.0,STRAIGHT & LEVEL,2.0,DAYLIGHT,,,N,11,46,2014-10-24 11:46:00,38.2556546,-85.7609108,POINT (-85.7609108 38.2556546),0
147030,71519862,LOUISVILLE METRO POLICE DEPT,8014082518,AC,56,US0060A ,,LEXINGTON,RD   ,,38.251685,-85.660947,10.337,10/26/2014,0231,,BAUER,AVE  ,,,,,,,2,1,0,0,2.0,CLEAR,1.0,DRY,Y,2.0,FEDERAL,2.0,COLLISION WITH BICYCLE,9.0,SINGLE VEHICLE,6.0,STRAIGHT & LEVEL,5.0,DARK-HWY LIGHTED/ON,,,N,02,31,2014-10-26 02:31:00,38.251685,-85.660947,POINT (-85.66094699999999 38.251685),0
147112,71520292,LOUISVILLE METRO POLICE DEPT,8014082784,AC,56,,,WILLIAM,ST   ,,38.2571625,-85.717781,0.217,10/27/2014,0845,US0060  ,FRANKFORT,AVE  ,,,,,,,2,1,0,0,2.0,CLEAR,1.0,DRY,N,5.0,LOCAL STREET,2.0,COLLISION WITH BICYCLE,9.0,SINGLE VEHICLE,6.0,STRAIGHT & LEVEL,2.0,DAYLIGHT,,,N,08,45,2014-10-27 08:45:00,38.2571625,-85.717781,POINT (-85.717781 38.2571625),0