,MASTER FILE NUMBER,INVESTIGATING AGENCY,LOCAL CODE,COLLISION STATUS CODE,COUNTY NAME,ROADWAY NUMBER,BLOCK/HOUSE #,ROADWAY NAME,ROADWAY SUFFIX,ROADWAY DIRECTION CODE,GPS LATITUDE DECIMAL,GPS LONGITUDE DECIMAL,MILEPOINT DERIVED,COLLISION DATE,COLLISION TIME,INTERSECTION ROADWAY #,INTERSECTION ROADWAY NAME,INTERSECTION ROADWAY SFX,BETWEEN STREET ROADWAY # 1,BETWEEN STREET ROADWAY NAME 1,BETWEEN STREET ROADWAY SFX 1,BETWEEN STREET ROADWAY # 2,BETWEEN STREET ROADWAY NAME 2,BETWEEN STREET ROADWAY SFX 2,UNITS INVOLVED,MOTOR VEHICLES INVOLVED,KILLED,INJURED,WEATHER CODE,WEATHER,ROADWAY CONDITION CODE,ROADWAY CONDITION,HIT & RUN INDICATOR,ROADWAY TYPE CODE,ROADWAY TYPE,DIRECTIONAL ANALYSIS CODE,DIRECTIONAL ANALYSIS,MANNER OF COLLISION CODE,MANNER OF COLLISION,ROADWAY CHARACTER CODE,ROADWAY CHARACTER,LIGHT CONDITION CODE,LIGHT CONDITION,RAMP FROM ROADWAY ID,RAMP TO ROADWAY ID,SECONDARY COLLISION INDICATOR,hour,minute,Date,Latitude,Longitude,geometry,index_right
147279,71521190,LOUISVILLE METRO POLICE DEPT,8014083325,AC,56,US0060A ,,EASTERN,PKWY ,,38.2188864,-85.735287,5.07,10/28/2014,1910,,BURNETT,AVE  ,,,,,,,2,1,0,0,2.0,CLEAR,1.0,DRY,N,2.0,FEDERAL,2.0,COLLISION WITH BICYCLE,9.0,SINGLE VEHICLE,6.0,STRAIGHT & LEVEL,3.0,DUSK,,,N,19,10,2014-10-28 19:10:00,38.2188864,-85.735287,POINT (-85.735287 38.2188864),0
147451,71523284,LOUISVILLE METRO POLICE DEPT,8014083649,AC,56,,,CARNATION,DR   ,,38.1392612,-85.8610375,0.274,10/29/2014,00000,,JESSAMINE,LN   ,,,,,,,2,1,0,1,2.0,CLEAR,1.0,DRY,N,5.0,LOCAL STREET,2.0,COLLISION WITH BICYCLE,9.0,SINGLE VEHICLE,6.0,STRAIGHT & LEVEL,2.0,DAYLIGHT,,,N,00,00,2014-10-29 00:00:00,38.1392612,-85.8610375,POINT (-85.86103749999999 38.1392612),0
147953,71524237,LOUISVILLE METRO POLICE DEPT,8014085123,AC,56,KY1020  ,,3RD,ST   ,S ,38.2101462,-85.7629781,9.867,11/3/2014,1832,US0060A ,WINKLER,AVE  ,,,,,,,2,1,0,0,2.0,CLEAR,01,DRY,N,7.0,STATE,2.0,COLLISION WITH BICYCLE,9.0,SINGLE VEHICLE,4.0,STRAIGHT & GRADE,5.0,DARK-HWY LIGHTED/ON,,,N,18,32,2014-11-03 18:32:00,38.2101462,-85.7629781,POINT (-85.7629781 38.2101462),0
148183,71525291,LOUISVILLE METRO POLICE DEPT,8014085722,AC,56,,,HIKES,LN   ,,38.1990689,-85.6599659,0.867,11/5/2014,1850,,,,KY2251  ,BARDSTOWN,RD   ,,GREEN MEADOWS,DR   ,2,1,0,1,6.0,RAINING,05,WET,N,5.0,LOCAL STREET,37.0,COLLISION WITH BICYCLIST,9.0,SINGLE VEHICLE,6.0,STRAIGHT & LEVEL,5.0,DARK-HWY LIGHTED/ON,,,N,18,50,2014-11-05 18:50:00,38.1990689,-85.6599659,POINT (-85.6599659 38.1990689),0
148220,1939512,LOUISVILLE METRO POLICE DEPT,8014086017,AC,56,,,HEPBURN,AVE  ,,38.201666667,-85.536666667,,11/6/2014,1612,,BARRET,AVE  ,,,,,,,2,1,0,0,6.0,RAINING,05,WET,N,5.0,LOCAL STREET,2.0,COLLISION WITH BICYCLE,1.0,ANGLE,4.0,STRAIGHT & GRADE,2.0,DAYLIGHT,,,,16,12,2014-11-06 16:12:00,38.201666667,-85.536666667,POINT (-85.53666666700001 38.201666667),0
148376,71526925,LOUISVILLE METRO POLICE DEPT,8014086286,AC,56,US0031E ,,BARDSTOWN,RD   ,,38.2316374,-85.708185,14.563,11/7/2014,1445,,,,,SHERWOOD,AVE  ,,SHERWOOD,AVE  ,2,1,0,0,2.0,CLEAR,01,DRY,N,2.0,FEDERAL,37.0,COLLISION WITH BICYCLIST,9.0,SINGLE VEHICLE,6.0,STRAIGHT & LEVEL,2.0,DAYLIGHT,,,N,14,45,2014-11-07 14:45:00,38.2316374,-85.708185,POINT (-85.708185 38.2316374),0
149054,71536638,INDIAN HILLS POLICE DEPARTMENT,4414000062,AC,56,,,RIVER,RD   ,,38.2906322,-85.6808092,1.181,11/14/2014,1700,,,,,INDIAN HILLS,TRL  ,,RIVERSIDE,DR   ,2,1,0,1,2.0,CLEAR,01,DRY,N,5.0,LOCAL STREET,37.0,COLLISION WITH BICYCLIST,9.0,SINGLE VEHICLE,6.0,STRAIGHT & LEVEL,2.0,DAYLIGHT,,,N,17,00,2014-11-14 17:00:00,38.2906322,-85.6808092,POINT (-85.6808092 38.2906322),0
149125,71532588,LOUISVILLE METRO POLICE DEPT,8014088397,AC,56,,,INDIAN,TRL  ,E ,38.1687485,-85.7065739,0.001,11/15/2014,2338,KY0061  ,PRESTON,HWY  ,,,,,,,2,1,0,1,2.0,CLEAR,01,DRY,N,5.0,LOCAL STREET,2.0,COLLISION WITH BICYCLE,9.0,SINGLE VEHICLE,6.0,STRAIGHT & LEVEL,5.0,DARK-HWY LIGHTED/ON,,,N,23,38,2014-11-15 23:38:00,38.1687485,-85.7065739,POINT (-85.7065739 38.1687485),0
149258,71530868,LOUISVILLE METRO POLICE DEPT,8014088864,AC,56,KY2051  ,,CAMP GROUND,RD   ,,38.2076275,-85.8469912,4.614,11/17/2014,0705,,,,,,,,,,2,1,0,1,9.0,SNOWING,04,SNOW/SLUSH,N,7.0,STATE,37.0,COLLISION WITH BICYCLIST,9.0,SINGLE VEHICLE,6.0,STRAIGHT & LEVEL,3.0,DUSK,,,N,07,05,2014-11-17 07:05:00,38.2076275,-85.8469912,POINT (-85.84699120000001 38.2076275),0
149807,71535017,LOUISVILLE METRO POLICE DEPT,8014090328,AC,56,US0060  ,,FRANKFORT,AVE  ,,38.2540029,-85.6980064,1.216,11/22/2014,1210,,,,,PETERSON,AVE  ,,EWING,AVE  ,2,1,0,0,2.0,CLEAR,01,DRY,N,2.0,FEDERAL,37.0,COLLISION WITH BICYCLIST,9.0,SINGLE VEHICLE,6.0,STRAIGHT & LEVEL,2.0,DAYLIGHT,,,N,12,10,2014-11-22 12:10:00,38.2540029,-85.6980064,POINT (-85.6980064 38.2540029),0
149915,71534388,LOUISVILLE METRO POLICE DEPT,8014090715,AC,56,KY1065  ,2200.0,OUTER,LOOP ,,38.1326739,-85.7261443,3.82,11/24/2014,0300,,,,,,,,,,2,1,0,1,3.0,CLOUDY,05,WET,N,7.0,STATE,37.0,COLLISION WITH BICYCLIST,9.0,SINGLE VEHICLE,6.0,STRAIGHT & LEVEL,6.0,DARK-HWY NOT LIGHTED,,,N,03,00,2014-11-24 03:00:00,38.1326739,-85.7261443,POINT (-85.7261443 38.1326739),0
150025,71535071,LOUISVILLE METRO POLICE DEPT,8014091222,AC,56,US0031E ,,BARDSTOWN,RD   ,,38.1629519,-85.5959772,6.592,11/25/2014,1700,,FAIRGROUND,RD   ,,,,,,,2,1,0,0,2.0,CLEAR,01,DRY,N,2.0,FEDERAL,2.0,COLLISION WITH BICYCLE,9.0,SINGLE VEHICLE,6.0,STRAIGHT & LEVEL,3.0,DUSK,,,N,17,00,2014-11-25 17:00:00,38.1629519,-85.5959772,POINT (-85.59597719999999 38.1629519),0
150094,71538209,LOUISVILLE METRO POLICE DEPT,8014091130,AC,56,,,MUHAMMAD ALI,BLVD ,W ,38.2509064,-85.7555252,0.164,11/25/2014,1341,KY1020  ,3RD,ST   ,,,,,,,2,1,0,1,2.0,CLEAR,01,DRY,N,5.0,LOCAL STREET,2.0,COLLISION WITH BICYCLE,9.0,SINGLE VEHICLE,6.0,STRAIGHT & LEVEL,2.0,DAYLIGHT,,,N,13,41,2014-11-25 13:41:00,38.2509064,-85.7555252,POINT (-85.75552519999999 38.2509064),0
152029,71544620,ST. MATTHEWS POLICE DEPARTMENT,0314002995,AC,56,,,MASSIE,AVE  ,,38.2562664,-85.6582034,0.134,12/15/2014,1310,KY1932  ,CHENOWETH,LN   ,,,,,,,2,1,0,1,3.0,CLOUDY,01,DRY,N,5.0,LOCAL STREET,2.0,COLLISION WITH BICYCLE,9.0,SINGLE VEHICLE,6.0,STRAIGHT & LEVEL,2.0,DAYLIGHT,,,N,13,10,2014-12-15 13:10:00,38.2562664,-85.6582034,POINT (-85.6582034 38.2562664),0
152138,71545399,LOUISVILLE METRO POLICE DEPT,8014096819,AC,56,US0150  ,,BROADWAY,,W ,38.2466713,-85.7643026,2.055,12/16/2014,1700,,8TH,ST   ,,,,,,,2,1,0,1,2.0,CLEAR,01,DRY,N,2.0,FEDERAL,2.0,COLLISION WITH BICYCLE,9.0,SINGLE VEHICLE,6.0,STRAIGHT & LEVEL,2.0,DAYLIGHT,,,N,17,00,2014-12-16 17:00:00,38.2466713,-85.7643026,POINT (-85.76430259999999 38.2466713),0
152875,71547678,LOUISVILLE METRO POLICE DEPT,8014098943,AC,56,KY1447  ,,WESTPORT,RD   ,,38.2922153,-85.5625969,5.821,12/23/2014,1715,,,,,WESTPORT GREEN,PL   ,,ASSEMBLY,WAY  ,2,1,0,1,6.0,RAINING,05,WET,N,7.0,STATE,37.0,COLLISION WITH BICYCLIST,9.0,SINGLE VEHICLE,6.0,STRAIGHT & LEVEL,6.0,DARK-HWY NOT LIGHTED,,,N,17,15,2014-12-23 17:15:00,38.2922153,-85.5625969,POINT (-85.5625969 38.2922153),0
153078,71548243,LOUISVILLE METRO POLICE DEPT,8014099340,AC,56,,,18TH,ST   ,S ,38.2508783,-85.7812217,0.579,12/25/2014,000008,,PLYMOUTH,CT   ,,,,,,,2,1,0,1,3.0,CLOUDY,01,DRY,N,5.0,LOCAL STREET,2.0,COLLISION WITH BICYCLE,9.0,SINGLE VEHICLE,6.0,STRAIGHT & LEVEL,2.0,DAYLIGHT,,,N,00,00,2014-12-25 00:00:00,38.2508783,-85.7812217,POINT (-85.7812217 38.2508783),0
154686,71556378,LOUISVILLE METRO POLICE DEPT,8015003402,AC,56,,,7TH,ST   ,S ,38.2295879,-85.7675571,0.867,1/14/2015,1750,,,,,,,,,,2,1,0,1,2.0,CLEAR,01,DRY,N,5.0,LOCAL STREET,37.0,COLLISION WITH BICYCLIST,9.0,SINGLE VEHICLE,6.0,STRAIGHT & LEVEL,2.0,DAYLIGHT,,,Y,17,50,2015-01-14 17:50:00,38.2295879,-85.7675571,POINT (-85.7675571 38.2295879),0
154773,71556900,LOUISVILLE METRO POLICE DEPT,8015003647,AC,56,,,CENTRAL STATION,BLVD ,,38.2035248,-85.7641338,0.051,1/15/2015,1600,KY1020  ,3RD,ST   ,,,,,,,2,1,0,0,2.0,CLEAR,01,DRY,N,5.0,LOCAL STREET,2.0,COLLISION WITH BICYCLE,9.0,SINGLE VEHICLE,6.0,STRAIGHT & LEVEL,2.0,DAYLIGHT,,,N,16,00,2015-01-15 16:00:00,38.2035248,-85.7641338,POINT (-85.7641338 38.2035248),0
154800,71556925,LOUISVILLE METRO POLICE DEPT,8015003766,AC,56,US0031E ,,MARKET,ST   ,E ,38.2525879,-85.7325504,16.635,1/15/2015,2347,US0031E ,BAXTER,AVE  ,,,,,,,2,1,0,0,2.0,CLEAR,01,DRY,N,2.0,FEDERAL,2.0,COLLISION WITH BICYCLE,9.0,SINGLE VEHICLE,6.0,STRAIGHT & LEVEL,5.0,DARK-HWY LIGHTED/ON,,,N,23,47,2015-01-15 23:47:00,38.2525879,-85.7325504,POINT (-85.73255039999999 38.2525879),0
155163,71563699,INDIAN HILLS POLICE DEPARTMENT,4415000007,AC,56,,,RIVER,RD   ,,38.2896723,-85.6825147,1.068,1/19/2015,1655,,INDIAN HILLS,TRL  ,,,,,,,2,1,0,1,2.0,CLEAR,01,DRY,N,5.0,LOCAL STREET,2.0,COLLISION WITH BICYCLE,9.0,SINGLE VEHICLE,3.0,CURVE & LEVEL,2.0,DAYLIGHT,,,N,16,55,2015-01-19 16:55:00,38.2896723,-85.6825147,POINT (-85.6825147 38.2896723),0
155499,71560825,LOUISVILLE METRO POLICE DEPT,8015006125,AC,56,KY0155  ,,TAYLORSVILLE,RD   ,,38.2236711,-85.6786299,16.203,1/23/2015,2327,,,,,CAROLINA,AVE  ,,BROADMEADE,RD   ,2,1,0,1,2.0,CLEAR,05,WET,N,7.0,STATE,37.0,COLLISION WITH BICYCLIST,9.0,SINGLE VEHICLE,6.0,STRAIGHT & LEVEL,5.0,DARK-HWY LIGHTED/ON,,,N,23,27,2015-01-23 23:27:00,38.2236711,-85.6786299,POINT (-85.6786299 38.2236711),0
156973,71567441,LOUISVILLE METRO POLICE DEPT,8015010788,AC,56,,,JEANINE,DR   ,,38.1706953,-85.6886462,0.908,2/10/2015,1750,,INDIAN,TRL  ,,,,,,,2,1,0,1,2.0,CLEAR,01,DRY,N,5.0,LOCAL STREET,2.0,COLLISION WITH BICYCLE,9.0,SINGLE VEHICLE,6.0,STRAIGHT & LEVEL,2.0,DAYLIGHT,,,N,17,50,2015-02-10 17:50:00,38.1706953,-85.6886462,POINT (-85.68864619999999 38.1706953),0
157094,71567864,LOUISVILLE METRO POLICE DEPT,8015011010,AC,56,,,4TH,ST   ,S ,38.2420249,-85.7591114,1.017,2/11/2015,1518,,BRECKINRIDGE,ST   ,,,,,,,2,1,0,1,2.0,CLEAR,01,DRY,N,5.0,LOCAL STREET,2.0,COLLISION WITH BICYCLE,9.0,SINGLE VEHICLE,6.0,STRAIGHT & LEVEL,2.0,DAYLIGHT,,,N,15,18,2015-02-11 15:18:00,38.2420249,-85.7591114,POINT (-85.75911139999999 38.2420249),0
157412,71569262,LOUISVILLE METRO POLICE DEPT,8015011939,AC,56,,,CARLISLE,AVE  ,,38.1943768,-85.7883561,0.21,2/14/2015,2136,,WHEELER,AVE  ,,,,,,,2,1,0,1,3.0,CLOUDY,01,DRY,N,5.0,LOCAL STREET,2.0,COLLISION WITH BICYCLE,9.0,SINGLE VEHICLE,6.0,STRAIGHT & LEVEL,5.0,DARK-HWY LIGHTED/ON,,,N,21,36,2015-02-14 21:36:00,38.1943768,-85.7883561,POINT (-85.7883561 38.1943768),0
159390,71580920,LOUISVILLE METRO POLICE DEPT,8015017045,AC,56,KY0913  ,,BLANKENBAKER,PKWY ,,38.2046614,-85.5380492,1.409,3/9/2015,2341,,,,,ELECTRON,DR   ,,REHL,RD   ,2,1,1,0,3.0,CLOUDY,05,WET,N,7.0,STATE,37.0,COLLISION WITH BICYCLIST,9.0,SINGLE VEHICLE,2.0,CURVE & HILLCREST,6.0,DARK-HWY NOT LIGHTED,,,N,23,41,2015-03-09 23:41:00,38.2046614,-85.5380492,POINT (-85.5380492 38.2046614),0
159529,71580361,LOUISVILLE METRO POLICE DEPT,8015017544,AC,56,,,BROADWAY,,W ,38.2497265,-85.8031414,0.813,3/11/2015,2050,,,,,30TH,ST   ,,31ST,ST   ,2,1,0,1,2.0,CLEAR,01,DRY,Y,5.0,LOCAL STREET,37.0,COLLISION WITH BICYCLIST,9.0,SINGLE VEHICLE,6.0,STRAIGHT & LEVEL,5.0,DARK-HWY LIGHTED/ON,,,N,20,50,2015-03-11 20:50:00,38.2497265,-85.8031414,POINT (-85.8031414 38.2497265),0
159982,71582429,LOUISVILLE METRO POLICE DEPT,8015018876,AC,56,,,HERMAN,ST   ,,38.261497,-85.8205574,0.736,3/16/2015,1749,,43RD,ST   ,,,,,,,2,1,0,1,2.0,CLEAR,01,DRY,N,5.0,LOCAL STREET,2.0,COLLISION WITH BICYCLE,9.0,SINGLE VEHICLE,6.0,STRAIGHT & LEVEL,2.0,DAYLIGHT,,,N,17,49,2015-03-16 17:49:00,38.261497,-85.8205574,POINT (-85.8205574 38.261497),0
160454,71584639,LOUISVILLE METRO POLICE DEPT,8015020540,AC,56,US0060A ,,TAYLOR,BLVD ,,38.2005897,-85.7825645,1.792,3/22/2015,1504,,OLEANDA,AVE  ,,,,,,,2,1,0,1,2.0,CLEAR,01,DRY,N,2.0,FEDERAL,2.0,COLLISION WITH BICYCLE,9.0,SINGLE VEHICLE,6.0,STRAIGHT & LEVEL,2.0,DAYLIGHT,,,N,15,04,2015-03-22 15:04:00,38.2005897,-85.7825645,POINT (-85.78256450000001 38.2005897),0
160462,71585094,LOUISVILLE METRO POLICE DEPT,8015020576,AC,56,,9800.0,LOWER RIVER,RD   ,,38.1125401,-85.8928262,0.27,3/22/2015,1707,,,,,,,,,,2,1,0,1,2.0,CLEAR,01,DRY,N,5.0,LOCAL STREET,37.0,COLLISION WITH BICYCLIST,9.0,SINGLE VEHICLE,6.0,STRAIGHT & LEVEL,2.0,DAYLIGHT,,,N,17,07,2015-03-22 17:07:00,38.1125401,-85.8928262,POINT (-85.8928262 38.1125401),0
160571,1910062,LOUISVILLE METRO POLICE DEPT,8015021000,AC,56,,,VERMONT,,,38.201666667,-85.536666667,,3/24/2015,0422,,0033,ST   ,,,,,,,2,1,0,0,2.0,CLEAR,01,DRY,N,5.0,LOCAL STREET,2.0,COLLISION WITH BICYCLE,1.0,ANGLE,6.0,STRAIGHT & LEVEL,5.0,DARK-HWY LIGHTED/ON,,,,04,22,2015-03-24 04:22:00,38.201666667,-85.536666667,POINT (-85.53666666700001 38.201666667),0
160836,1890207,LOUISVILLE METRO POLICE DEPT,8015022868,AC,56,,,BROADWAY,,,38.201666667,-85.536666667,,3/30/2015,1745,,RUBEL,,,,,,,,2,1,0,0,2.0,CLEAR,01,DRY,N,5.0,LOCAL STREET,2.0,COLLISION WITH BICYCLE,3.0,HEAD ON,6.0,STRAIGHT & LEVEL,2.0,DAYLIGHT,,,,17,45,2015-03-30 17:45:00,38.201666667,-85.536666667,POINT (-85.53666666700001 38.201666667),0
160914,71587898,LOUISVILLE METRO POLICE DEPT,8015022899,AC,56,,,BROADWAY,,W ,38.2499238,-85.8098817,1.18,3/30/2015,100001,,35TH,ST   ,,,,,,,2,1,0,1,2.0,CLEAR,01,DRY,N,5.0,LOCAL STREET,2.0,COLLISION WITH BICYCLE,9.0,SINGLE VEHICLE,6.0,STRAIGHT & LEVEL,2.0,DAYLIGHT,,,N,10,00,2015-03-30 10:00:00,38.2499238,-85.8098817,POINT (-85.80988170000001 38.2499238),0
160915,71587899,LOUISVILLE METRO POLICE DEPT,8015022906,AC,56,KY1747  ,,FERN VALLEY,RD   ,,38.1578699,-85.6885569,2.383,3/30/2015,2000,,JEANINE,DR   ,,,,,,,3,2,0,2,2.0,CLEAR,01,DRY,N,7.0,STATE,2.0,COLLISION WITH BICYCLE,1.0,ANGLE,6.0,STRAIGHT & LEVEL,2.0,DAYLIGHT,,,N,20,00,2015-03-30 20:00:00,38.1578699,-85.6885569,POINT (-85.68855689999999 38.1578699),0
161149,1937042,LOUISVILLE METRO POLICE DEPT,8015023792,AC,56,,,MUHAMMAD ALI,BLVD ,,38.201666667,-85.536666667,,4/2/2015,1655,,PRESTON,,,,,,,,2,1,0,1,2.0,CLEAR,05,WET,Y,5.0,LOCAL STREET,2.0,COLLISION WITH BICYCLE,1.0,ANGLE,6.0,STRAIGHT & LEVEL,2.0,DAYLIGHT,,,,16,55,2015-04-02 16:55:00,38.201666667,-85.536666667,POINT (-85.53666666700001 38.201666667),0
161351,71590136,LOUISVILLE METRO POLICE DEPT,8015023957,AC,56,,,EASTERN,PKWY ,,38.2344876,-85.7051825,0.182,4/3/2015,0853,,,,,,,,,,2,1,0,1,6.0,RAINING,05,WET,N,5.0,LOCAL STREET,37.0,COLLISION WITH BICYCLIST,9.0,SINGLE VEHICLE,6.0,STRAIGHT & LEVEL,2.0,DAYLIGHT,,,N,08,53,2015-04-03 08:53:00,38.2344876,-85.7051825,POINT (-85.70518250000001 38.2344876),0
161483,71590261,LOUISVILLE METRO POLICE DEPT,8015024555,AC,56,,,BROADWAY,,W ,38.2499855,-85.811703,1.28,4/5/2015,1736,,SUTCLIFFE,AVE  ,,,,,,,2,1,0,1,2.0,CLEAR,01,DRY,N,5.0,LOCAL STREET,2.0,COLLISION WITH BICYCLE,9.0,SINGLE VEHICLE,6.0,STRAIGHT & LEVEL,2.0,DAYLIGHT,,,N,17,36,2015-04-05 17:36:00,38.2499855,-85.811703,POINT (-85.81170299999999 38.2499855),0
161498,71590257,LOUISVILLE METRO POLICE DEPT,8015024531,AC,56,,,LINDELL,AVE  ,,38.2509546,-85.8121732,0.064,4/5/2015,1543,,,,,BROADWAY,,,DEL PARK,TER  ,2,1,0,1,2.0,CLEAR,01,DRY,N,5.0,LOCAL STREET,37.0,COLLISION WITH BICYCLIST,9.0,SINGLE VEHICLE,6.0,STRAIGHT & LEVEL,2.0,DAYLIGHT,,,N,15,43,2015-04-05 15:43:00,38.2509546,-85.8121732,POINT (-85.8121732 38.2509546),0
161598,71591090,LOUISVILLE METRO POLICE DEPT,8015025107,AC,56,,,4TH,ST   ,S ,38.2051647,-85.765586,3.586,4/7/2015,1820,,CENTRAL,AVE  ,,,,,,,2,1,0,0,6.0,RAINING,05,WET,N,5.0,LOCAL STREET,2.0,COLLISION WITH BICYCLE,9.0,SINGLE VEHICLE,6.0,STRAIGHT & LEVEL,2.0,DAYLIGHT,,,N,18,20,2015-04-07 18:20:00,38.2051647,-85.765586,POINT (-85.765586 38.2051647),0
161601,71591093,LOUISVILLE METRO POLICE DEPT,8015025146,AC,56,KY0907  ,,3RD,ST   ,,38.1165329,-85.8116627,3.399,4/7/2015,2008,,,,,LAKERIDGE,DR   ,,WINDSOR PARK,DR   ,2,1,0,1,6.0,RAINING,05,WET,Y,7.0,STATE,37.0,COLLISION WITH BICYCLIST,9.0,SINGLE VEHICLE,6.0,STRAIGHT & LEVEL,3.0,DUSK,,,N,20,08,2015-04-07 20:08:00,38.1165329,-85.8116627,POINT (-85.8116627 38.1165329),0
161740,1939762,LOUISVILLE METRO POLICE DEPT,8015025703,AC,56,,,FRANFORT AVE,,,38.201666667,-85.536666667,,4/9/2015,1845,,KENNEDY AVE,,,,,,,,2,1,0,2,2.0,CLEAR,01,DRY,N,5.0,LOCAL STREET,2.0,COLLISION WITH BICYCLE,1.0,ANGLE,6.0,STRAIGHT & LEVEL,2.0,DAYLIGHT,,,,18,45,2015-04-09 18:45:00,38.201666667,-85.536666667,POINT (-85.53666666700001 38.201666667),0
162472,71596941,LOUISVILLE METRO POLICE DEPT,8015027905,AC,56,US0031E ,,MAIN,ST   ,E ,38.2555165,-85.7465013,17.498,4/17/2015,1235,,,,,,,,,,2,1,0,1,2.0,CLEAR,01,DRY,N,2.0,FEDERAL,37.0,COLLISION WITH BICYCLIST,9.0,SINGLE VEHICLE,6.0,STRAIGHT & LEVEL,2.0,DAYLIGHT,,,N,12,35,2015-04-17 12:35:00,38.2555165,-85.7465013,POINT (-85.74650130000001 38.2555165),0
162750,71596958,LOUISVILLE METRO POLICE DEPT,8015028962,AC,56,,,PAYNE,ST   ,,38.2519378,-85.7181856,0.814,4/20/2015,2157,,,,,SPRING,ST   ,,CHARLTON,ST   ,2,1,0,1,2.0,CLEAR,01,DRY,N,5.0,LOCAL STREET,37.0,COLLISION WITH BICYCLIST,9.0,SINGLE VEHICLE,4.0,STRAIGHT & GRADE,5.0,DARK-HWY LIGHTED/ON,,,N,21,57,2015-04-20 21:57:00,38.2519378,-85.7181856,POINT (-85.7181856 38.2519378),0
162844,71598411,SHIVELY POLICE DEPARTMENT,0415000787,AC,56,,,CARDINAL,CT   ,,38.1769685,-85.8174463,0.064,4/21/2015,1700,,,,,VENHOFF,AVE  ,,STEWART,LN   ,2,1,0,0,3.0,CLOUDY,01,DRY,N,5.0,LOCAL STREET,37.0,COLLISION WITH BICYCLIST,9.0,SINGLE VEHICLE,6.0,STRAIGHT & LEVEL,2.0,DAYLIGHT,,,N,17,00,2015-04-21 17:00:00,38.1769685,-85.8174463,POINT (-85.8174463 38.1769685),0
163485,71599920,LOUISVILLE METRO POLICE DEPT,8015031231,AC,56,,,PEE WEE REESE,RD   ,,38.2416729,-85.6735969,1.537,4/28/2015,1818,,ROCK CREEK,DR   ,,,,,,,2,1,0,1,2.0,CLEAR,01,DRY,N,5.0,LOCAL STREET,2.0,COLLISION WITH BICYCLE,9.0,SINGLE VEHICLE,3.0,CURVE & LEVEL,2.0,DAYLIGHT,,,N,18,18,2015-04-28 18:18:00,38.2416729,-85.6735969,POINT (-85.67359690000001 38.2416729),0
163822,71601798,LOUISVILLE METRO POLICE DEPT,8015032387,AC,56,,,RODMAN,ST   ,,38.2129377,-85.7692768,0.463,5/2/2015,1613,,CREEL,AVE  ,,,,,,,2,1,0,1,2.0,CLEAR,01,DRY,N,3.0,FRONTAGE ROAD,2.0,COLLISION WITH BICYCLE,9.0,SINGLE VEHICLE,6.0,STRAIGHT & LEVEL,2.0,DAYLIGHT,,,N,16,13,2015-05-02 16:13:00,38.2129377,-85.7692768,POINT (-85.7692768 38.2129377),0
163936,71601862,LOUISVILLE METRO POLICE DEPT,8015032782,AC,56,KY1727  ,,TERRY,RD   ,,38.1445276,-85.8719611,1.579,5/3/2015,1830,KY1931  ,GREENWOOD,RD   ,,,,,,,2,1,0,1,2.0,CLEAR,01,DRY,Y,7.0,STATE,2.0,COLLISION WITH BICYCLE,9.0,SINGLE VEHICLE,6.0,STRAIGHT & LEVEL,2.0,DAYLIGHT,,,N,18,30,2015-05-03 18:30:00,38.1445276,-85.8719611,POINT (-85.87196109999999 38.1445276),0
164051,71602815,LOUISVILLE METRO POLICE DEPT,8015033188,AC,56,US0031E ,,MARKET,ST   ,W ,38.254873,-85.7535428,17.789,5/5/2015,0828,US0031W ,2ND,ST   ,,,,,,,2,1,0,1,2.0,CLEAR,01,DRY,N,2.0,FEDERAL,2.0,COLLISION WITH BICYCLE,9.0,SINGLE VEHICLE,6.0,STRAIGHT & LEVEL,2.0,DAYLIGHT,,,N,08,28,2015-05-05 08:28:00,38.254873,-85.7535428,POINT (-85.75354280000001 38.254873),0
164323,71603870,LOUISVILLE METRO POLICE DEPT,8015034108,AC,56,,,MICHAEL EDWARD,DR   ,,38.1712006,-85.575873,0.174,5/7/2015,2013,,SPRUCEWOOD,DR   ,,,,,,,2,1,0,0,2.0,CLEAR,01,DRY,N,1.0,COUNTY ROAD,2.0,COLLISION WITH BICYCLE,9.0,SINGLE VEHICLE,6.0,STRAIGHT & LEVEL,2.0,DAYLIGHT,,,N,20,13,2015-05-07 20:13:00,38.1712006,-85.575873,POINT (-85.575873 38.1712006),0
164496,1910088,LOUISVILLE METRO POLICE DEPT,8015034690,AC,56,,,PORTLAND AVE,,,38.201666667,-85.536666667,,5/9/2015,1650,,0032,ST   ,,,,,,,2,1,0,0,2.0,CLEAR,01,DRY,N,5.0,LOCAL STREET,2.0,COLLISION WITH BICYCLE,1.0,ANGLE,6.0,STRAIGHT & LEVEL,2.0,DAYLIGHT,,,,16,50,2015-05-09 16:50:00,38.201666667,-85.536666667,POINT (-85.53666666700001 38.201666667),0
164639,71605931,SHIVELY POLICE DEPARTMENT,0415000949,AC,56,US0031W ,,DIXIE,HWY  ,,38.1893692,-85.8100026,15.109,5/10/2015,1143,,GARRS,LN   ,,,,,,,2,1,0,1,2.0,CLEAR,01,DRY,N,2.0,FEDERAL,2.0,COLLISION WITH BICYCLE,9.0,SINGLE VEHICLE,6.0,STRAIGHT & LEVEL,2.0,DAYLIGHT,,,N,11,43,2015-05-10 11:43:00,38.1893692,-85.8100026,POINT (-85.8100026 38.1893692),0