,MASTER FILE NUMBER,INVESTIGATING AGENCY,LOCAL CODE,COLLISION STATUS CODE,COUNTY NAME,ROADWAY NUMBER,BLOCK/HOUSE #,ROADWAY NAME,ROADWAY SUFFIX,ROADWAY DIRECTION CODE,GPS LATITUDE DECIMAL,GPS LONGITUDE DECIMAL,MILEPOINT DERIVED,COLLISION DATE,COLLISION TIME,INTERSECTION ROADWAY #,INTERSECTION ROADWAY NAME,INTERSECTION ROADWAY SFX,BETWEEN STREET ROADWAY # 1,BETWEEN STREET ROADWAY NAME 1,BETWEEN STREET ROADWAY SFX 1,BETWEEN STREET ROADWAY # 2,BETWEEN STREET ROADWAY NAME 2,BETWEEN STREET ROADWAY SFX 2,UNITS INVOLVED,MOTOR VEHICLES INVOLVED,KILLED,INJURED,WEATHER CODE,WEATHER,ROADWAY CONDITION CODE,ROADWAY CONDITION,HIT & RUN INDICATOR,ROADWAY TYPE CODE,ROADWAY TYPE,DIRECTIONAL ANALYSIS CODE,DIRECTIONAL ANALYSIS,MANNER OF COLLISION CODE,MANNER OF COLLISION,ROADWAY CHARACTER CODE,ROADWAY CHARACTER,LIGHT CONDITION CODE,LIGHT CONDITION,RAMP FROM ROADWAY ID,RAMP TO ROADWAY ID,SECONDARY COLLISION INDICATOR,hour,minute,Date,Latitude,Longitude,geometry,index_right
189371,71728893,LOUISVILLE METRO POLICE DEPT,8016010224,AC,56,,,4TH,ST   ,S ,38.2102901,-85.7646645,3.226,2/3/2016,0635,US0060A ,WINKLER,AVE  ,,,,,,,2,1,0,1,2.0,CLEAR,1.0,DRY,N,5.0,LOCAL STREET,2.0,COLLISION WITH BICYCLE,9.0,SINGLE VEHICLE,6.0,STRAIGHT & LEVEL,5.0,DARK-HWY LIGHTED/ON,,,N,06,35,2016-02-03 06:35:00,38.2102901,-85.7646645,POINT (-85.76466449999999 38.2102901),0
189703,71734810,LOUISVILLE METRO POLICE DEPT,8016011331,AC,56,,,LINCOLN,AVE  ,,38.2184766,-85.7790853,0.722,2/6/2016,2223,KY1931  ,7TH,ST   ,,,,,,,2,1,0,1,2.0,CLEAR,1.0,DRY,N,5.0,LOCAL STREET,2.0,COLLISION WITH BICYCLE,9.0,SINGLE VEHICLE,6.0,STRAIGHT & LEVEL,5.0,DARK-HWY LIGHTED/ON,,,N,22,23,2016-02-06 22:23:00,38.2184766,-85.7790853,POINT (-85.77908530000001 38.2184766),0
189704,71740280,LOUISVILLE METRO POLICE DEPT,8016011232,AC,56,,,HARTLAGE,CT   ,,38.2004048,-85.8359467,0.575,2/6/2016,1412,KY1934  ,CANE RUN,RD   ,,,,,,,2,1,0,1,2.0,CLEAR,1.0,DRY,N,5.0,LOCAL STREET,2.0,COLLISION WITH BICYCLE,9.0,SINGLE VEHICLE,6.0,STRAIGHT & LEVEL,2.0,DAYLIGHT,,,N,14,12,2016-02-06 14:12:00,38.2004048,-85.8359467,POINT (-85.83594669999999 38.2004048),0
191816,71741476,LOUISVILLE METRO POLICE DEPT,8016018025,AC,56,KY1447  ,,WESTPORT,RD   ,,38.2860233,-85.5777139,4.933,3/2/2016,1344,,,,,,,,,,2,1,0,0,3.0,CLOUDY,1.0,DRY,N,7.0,STATE,37.0,COLLISION WITH BICYCLIST,9.0,SINGLE VEHICLE,6.0,STRAIGHT & LEVEL,2.0,DAYLIGHT,,,N,13,44,2016-03-02 13:44:00,38.2860233,-85.5777139,POINT (-85.57771390000001 38.2860233),0
192368,71743958,LOUISVILLE METRO POLICE DEPT,8016019884,AC,56,KY1020  ,,3RD,ST   ,S ,38.2205542,-85.7611768,10.323,3/8/2016,100002,,CARDINAL,BLVD ,,,,,,,2,1,0,0,2.0,CLEAR,1.0,DRY,N,7.0,STATE,2.0,COLLISION WITH BICYCLE,9.0,SINGLE VEHICLE,6.0,STRAIGHT & LEVEL,2.0,DAYLIGHT,,,N,10,00,2016-03-08 10:00:00,38.2205542,-85.7611768,POINT (-85.7611768 38.2205542),0
192775,71745793,LOUISVILLE METRO POLICE DEPT,8016020918,AC,56,,,29TH,ST   ,N ,38.2653783,-85.7986299,0.715,3/11/2016,1817,,,,,ALFORD,AVE  ,,DUNCAN,ST   ,2,1,0,1,2.0,CLEAR,1.0,DRY,Y,5.0,LOCAL STREET,37.0,COLLISION WITH BICYCLIST,9.0,SINGLE VEHICLE,6.0,STRAIGHT & LEVEL,2.0,DAYLIGHT,,,N,18,17,2016-03-11 18:17:00,38.2653783,-85.7986299,POINT (-85.79862989999999 38.2653783),0
192782,71747032,UNIV. OF LOUISVILLE POLICE,R16000173 ,AC,56,,,4TH,ST   ,S ,38.2167243,-85.7635804,2.779,3/11/2016,1105,,,,,,,,,,2,1,0,1,3.0,CLOUDY,1.0,DRY,N,5.0,LOCAL STREET,37.0,COLLISION WITH BICYCLIST,9.0,SINGLE VEHICLE,5.0,STRAIGHT & HILLCREST,2.0,DAYLIGHT,,,N,11,05,2016-03-11 11:05:00,38.2167243,-85.7635804,POINT (-85.7635804 38.2167243),0
193645,71750052,UNIV. OF LOUISVILLE POLICE,R16000199 ,AC,56,,,CARDINAL,BLVD ,W ,38.2204283,-85.7597911,0.106,3/21/2016,2251,KY1020  ,2ND,ST   ,,,,,,,2,1,0,0,2.0,CLEAR,1.0,DRY,N,5.0,LOCAL STREET,2.0,COLLISION WITH BICYCLE,9.0,SINGLE VEHICLE,6.0,STRAIGHT & LEVEL,5.0,DARK-HWY LIGHTED/ON,,,N,22,51,2016-03-21 22:51:00,38.2204283,-85.7597911,POINT (-85.7597911 38.2204283),0
193688,71749931,LOUISVILLE METRO POLICE DEPT,8016024101,AC,56,,1228 ,BARRET,AVE  ,,38.2316839,-85.7245154,1.337,3/22/2016,1719,,,,,,,,,,2,1,0,1,2.0,CLEAR,1.0,DRY,N,5.0,LOCAL STREET,37.0,COLLISION WITH BICYCLIST,9.0,SINGLE VEHICLE,6.0,STRAIGHT & LEVEL,2.0,DAYLIGHT,,,N,17,19,2016-03-22 17:19:00,38.2316839,-85.7245154,POINT (-85.7245154 38.2316839),0
194150,71751724,LOUISVILLE METRO POLICE DEPT,8016025494,AC,56,US0031E ,967  ,BAXTER,AVE  ,,38.2408545,-85.7247778,15.697,3/26/2016,100005,,,,,,,,,,2,1,0,0,2.0,CLEAR,1.0,DRY,Y,2.0,FEDERAL,37.0,COLLISION WITH BICYCLIST,9.0,SINGLE VEHICLE,6.0,STRAIGHT & LEVEL,3.0,DUSK,,,N,10,00,2016-03-26 10:00:00,38.2408545,-85.7247778,POINT (-85.7247778 38.2408545),0
194163,1909936,LOUISVILLE METRO POLICE DEPT,8016025513,AC,56,,,MADISON,,,38.201666667,-85.536666667,,3/26/2016,0000,,DR W J HODGE,,,,,,,,2,1,0,1,2.0,CLEAR,1.0,DRY,Y,5.0,LOCAL STREET,2.0,COLLISION WITH BICYCLE,1.0,ANGLE,6.0,STRAIGHT & LEVEL,4.0,DARK-HWY LIGHTED/OFF,,,,00,00,2016-03-26 00:00:00,38.201666667,-85.536666667,POINT (-85.53666666700001 38.201666667),0
194190,71751751,LOUISVILLE METRO POLICE DEPT,8016025648,AC,56,,,BARRET,AVE  ,,38.2466188,-85.7315897,0.113,3/27/2016,1338,,RUBEL,AVE  ,,,,,,,2,1,0,0,3.0,CLOUDY,1.0,DRY,N,5.0,LOCAL STREET,2.0,COLLISION WITH BICYCLE,9.0,SINGLE VEHICLE,3.0,CURVE & LEVEL,2.0,DAYLIGHT,,,N,13,38,2016-03-27 13:38:00,38.2466188,-85.7315897,POINT (-85.7315897 38.2466188),0
194232,1889621,LOUISVILLE METRO POLICE DEPT,8016025738,AC,56,,,HUBBARDS,LN   ,,38.201666667,-85.536666667,,3/27/2016,2030,,,,,LEDYARD,,,BLEMHIEM,,2,1,0,0,3.0,CLOUDY,1.0,DRY,N,5.0,LOCAL STREET,37.0,COLLISION WITH BICYCLIST,7.0,SIDESWIPE-OPPOSITE DIRECTION,6.0,STRAIGHT & LEVEL,5.0,DARK-HWY LIGHTED/ON,,,,20,30,2016-03-27 20:30:00,38.201666667,-85.536666667,POINT (-85.53666666700001 38.201666667),0
195055,71755756,LOUISVILLE METRO POLICE DEPT,8016028530,AC,56,KY0155  ,,TAYLORSVILLE,RD   ,,38.2188896,-85.6034284,12.114,4/5/2016,2208,,,,,ARBORO,PL   ,,CARDWELL,WAY  ,2,1,0,1,2.0,CLEAR,1.0,DRY,N,7.0,STATE,37.0,COLLISION WITH BICYCLIST,9.0,SINGLE VEHICLE,6.0,STRAIGHT & LEVEL,5.0,DARK-HWY LIGHTED/ON,,,N,22,08,2016-04-05 22:08:00,38.2188896,-85.6034284,POINT (-85.6034284 38.2188896),0
195549,71758097,LOUISVILLE METRO POLICE DEPT,8016030177,AC,56,,,16TH,ST   ,S ,38.2485537,-85.7781843,0.732,4/11/2016,1610,US0150  ,BROADWAY,,,,,,,,2,1,0,1,3.0,CLOUDY,5.0,WET,N,5.0,LOCAL STREET,2.0,COLLISION WITH BICYCLE,9.0,SINGLE VEHICLE,6.0,STRAIGHT & LEVEL,2.0,DAYLIGHT,,,N,16,10,2016-04-11 16:10:00,38.2485537,-85.7781843,POINT (-85.77818430000001 38.2485537),0
195981,71760577,LOUISVILLE METRO POLICE DEPT,8016031442,AC,56,,,WHISPERING BROOK,DR   ,,38.1042612,-85.6965742,0.185,4/15/2016,1135,,QUIET WOOD,CT   ,,,,,,,2,1,1,0,2.0,CLEAR,1.0,DRY,N,5.0,LOCAL STREET,2.0,COLLISION WITH BICYCLE,9.0,SINGLE VEHICLE,4.0,STRAIGHT & GRADE,2.0,DAYLIGHT,,,N,11,35,2016-04-15 11:35:00,38.1042612,-85.6965742,POINT (-85.6965742 38.1042612),0
196146,71760690,LOUISVILLE METRO POLICE DEPT,8016031894,AC,56,US0031E ,,BARDSTOWN,RD   ,,38.2278071,-85.7000018,14.049,4/16/2016,1855,,ROANOKE,AVE  ,,,,,,,2,1,0,0,2.0,CLEAR,1.0,DRY,N,2.0,FEDERAL,2.0,COLLISION WITH BICYCLE,9.0,SINGLE VEHICLE,6.0,STRAIGHT & LEVEL,2.0,DAYLIGHT,,,N,18,55,2016-04-16 18:55:00,38.2278071,-85.7000018,POINT (-85.7000018 38.2278071),0
196478,71762159,LOUISVILLE METRO POLICE DEPT,8016032929,AC,56,,,DIXIE GARDEN,DR   ,,38.10143,-85.8767086,0.309,4/19/2016,1950,,BLAZE,WAY  ,,,,,,,2,1,0,0,2.0,CLEAR,1.0,DRY,N,1.0,COUNTY ROAD,2.0,COLLISION WITH BICYCLE,9.0,SINGLE VEHICLE,3.0,CURVE & LEVEL,2.0,DAYLIGHT,,,N,19,50,2016-04-19 19:50:00,38.10143,-85.8767086,POINT (-85.8767086 38.10143),0
196910,71763635,LOUISVILLE METRO POLICE DEPT,8016034140,AC,56,KY0061  ,,JACKSON,ST   ,S ,38.2324702,-85.7478062,11.407,4/23/2016,1408,,SHELBY,PKWY ,,,,,,,2,1,0,0,2.0,CLEAR,1.0,DRY,Y,7.0,STATE,2.0,COLLISION WITH BICYCLE,9.0,SINGLE VEHICLE,6.0,STRAIGHT & LEVEL,2.0,DAYLIGHT,,,N,14,08,2016-04-23 14:08:00,38.2324702,-85.7478062,POINT (-85.7478062 38.2324702),0
197042,71764222,LOUISVILLE METRO POLICE DEPT,8016034639,AC,56,US0031E ,,MARKET,ST   ,E ,38.2545461,-85.750373,17.576,4/25/2016,0934,,,,,,,,,,2,1,0,1,2.0,CLEAR,1.0,DRY,N,2.0,FEDERAL,37.0,COLLISION WITH BICYCLIST,9.0,SINGLE VEHICLE,6.0,STRAIGHT & LEVEL,2.0,DAYLIGHT,,,N,09,34,2016-04-25 09:34:00,38.2545461,-85.750373,POINT (-85.750373 38.2545461),0
197860,71770586,LOUISVILLE METRO POLICE DEPT,8016037162,RE,56,,1784.0,GAULBERT,AVE  ,W ,38.227533333,-85.789733333,0.623,5/2/2016,1840,,,,,,,,,,2,1,0,0,3.0,CLOUDY,5.0,WET,N,5.0,LOCAL STREET,37.0,COLLISION WITH BICYCLIST,9.0,SINGLE VEHICLE,6.0,STRAIGHT & LEVEL,2.0,DAYLIGHT,,,N,18,40,2016-05-02 18:40:00,38.227533333,-85.789733333,POINT (-85.789733333 38.227533333),0
197890,71768067,LOUISVILLE METRO POLICE DEPT,8016037397,AC,56,US0150  ,,BROADWAY,,W ,38.2458371,-85.7550449,2.56,5/3/2016,1540,KY1020  ,2ND,ST   ,,,,,,,2,1,0,1,2.0,CLEAR,1.0,DRY,N,2.0,FEDERAL,2.0,COLLISION WITH BICYCLE,9.0,SINGLE VEHICLE,6.0,STRAIGHT & LEVEL,2.0,DAYLIGHT,,,N,15,40,2016-05-03 15:40:00,38.2458371,-85.7550449,POINT (-85.7550449 38.2458371),0
198066,71770619,LOUISVILLE METRO POLICE DEPT,8016038010,AC,56,,,HOERTZ,AVE  ,,38.2265882,-85.737744,0.114,5/4/2016,1330,,,,,,,,,,2,1,0,0,2.0,CLEAR,1.0,DRY,Y,5.0,LOCAL STREET,37.0,COLLISION WITH BICYCLIST,9.0,SINGLE VEHICLE,6.0,STRAIGHT & LEVEL,2.0,DAYLIGHT,,,N,13,30,2016-05-04 13:30:00,38.2265882,-85.737744,POINT (-85.73774400000001 38.2265882),0
198581,71771310,LOUISVILLE METRO POLICE DEPT,8016039316,AC,56,,,DIXIE,HWY  ,,38.2283671,-85.7905463,1.494,5/9/2016,1625,,HILL,ST   ,,,,,,,2,1,0,1,2.0,CLEAR,1.0,DRY,Y,5.0,LOCAL STREET,2.0,COLLISION WITH BICYCLE,9.0,SINGLE VEHICLE,6.0,STRAIGHT & LEVEL,2.0,DAYLIGHT,,,N,16,25,2016-05-09 16:25:00,38.2283671,-85.7905463,POINT (-85.7905463 38.2283671),0
198789,71771916,LOUISVILLE METRO POLICE DEPT,8016039964,AC,56,,,34TH,ST   ,S ,38.2577575,-85.8075609,0.312,5/11/2016,1421,,LARKWOOD,AVE  ,,,,,,,2,1,0,0,2.0,CLEAR,1.0,DRY,N,5.0,LOCAL STREET,2.0,COLLISION WITH BICYCLE,9.0,SINGLE VEHICLE,6.0,STRAIGHT & LEVEL,2.0,DAYLIGHT,,,N,14,21,2016-05-11 14:21:00,38.2577575,-85.8075609,POINT (-85.8075609 38.2577575),0
198827,71773228,LOUISVILLE METRO POLICE DEPT,8016039820,AC,56,,,DURRETT,LN   ,,38.1863365,-85.7241763,0.001,5/11/2016,0546,KY0061  ,PRESTON,HWY  ,,,,,,,2,1,0,1,3.0,CLOUDY,5.0,WET,N,5.0,LOCAL STREET,2.0,COLLISION WITH BICYCLE,9.0,SINGLE VEHICLE,6.0,STRAIGHT & LEVEL,2.0,DAYLIGHT,,,N,05,46,2016-05-11 05:46:00,38.1863365,-85.7241763,POINT (-85.7241763 38.1863365),0
200111,71777766,LOUISVILLE METRO POLICE DEPT,8016043867,AC,56,,,ZORN,AVE  ,,38.2774136,-85.6991552,1.749,5/24/2016,000005,,RIVER,RD   ,,,,,,,2,1,0,1,2.0,CLEAR,1.0,DRY,N,1.0,COUNTY ROAD,2.0,COLLISION WITH BICYCLE,9.0,SINGLE VEHICLE,6.0,STRAIGHT & LEVEL,2.0,DAYLIGHT,,,N,00,00,2016-05-24 00:00:00,38.2774136,-85.6991552,POINT (-85.69915520000001 38.2774136),0
200596,71781808,SHIVELY POLICE DEPARTMENT,0416001212,AC,56,KY1931  ,3200.0,7TH STREET,RD   ,,38.2038077,-85.7911266,9.146,5/28/2016,2213,,,,,,,,,,2,1,0,1,2.0,CLEAR,1.0,DRY,Y,7.0,STATE,37.0,COLLISION WITH BICYCLIST,9.0,SINGLE VEHICLE,6.0,STRAIGHT & LEVEL,6.0,DARK-HWY NOT LIGHTED,,,N,22,13,2016-05-28 22:13:00,38.2038077,-85.7911266,POINT (-85.7911266 38.2038077),0
200771,71780877,LOUISVILLE METRO POLICE DEPT,8016046242,AC,56,,,MAHONEY,DR   ,,38.1214351,-85.8616031,0.003,5/31/2016,1732,,JOHNSONTOWN,RD   ,,,,,,,2,1,0,0,2.0,CLEAR,1.0,DRY,N,5.0,LOCAL STREET,2.0,COLLISION WITH BICYCLE,9.0,SINGLE VEHICLE,6.0,STRAIGHT & LEVEL,2.0,DAYLIGHT,,,N,17,32,2016-05-31 17:32:00,38.1214351,-85.8616031,POINT (-85.8616031 38.1214351),0
201067,71782343,SHIVELY POLICE DEPARTMENT,0416001251,AC,56,US0031W ,,DIXIE,HWY  ,,38.1960878,-85.8054222,15.658,6/3/2016,1626,,,,,MATHEIS,LN   ,,MATHEIS,LN   ,2,1,0,1,2.0,CLEAR,1.0,DRY,N,2.0,FEDERAL,37.0,COLLISION WITH BICYCLIST,9.0,SINGLE VEHICLE,6.0,STRAIGHT & LEVEL,2.0,DAYLIGHT,,,N,16,26,2016-06-03 16:26:00,38.1960878,-85.8054222,POINT (-85.8054222 38.1960878),0
201138,71783022,LOUISVILLE METRO POLICE DEPT,8016047229,AC,56,US0031W ,5244.0,DIXIE,HWY  ,,38.1604939,-85.832605,12.761,6/3/2016,1630,,,,,,,,,,2,1,0,1,3.0,CLOUDY,1.0,DRY,N,2.0,FEDERAL,37.0,COLLISION WITH BICYCLIST,9.0,SINGLE VEHICLE,6.0,STRAIGHT & LEVEL,2.0,DAYLIGHT,,,N,16,30,2016-06-03 16:30:00,38.1604939,-85.832605,POINT (-85.832605 38.1604939),0
201246,71783106,LOUISVILLE METRO POLICE DEPT,8016047572,AC,56,,,30TH,ST   ,S ,38.2316607,-85.805915,0.841,6/4/2016,1905,,,,,SOUTHERN,AVE  ,,YOUNG,AVE  ,2,1,0,0,6.0,RAINING,5.0,WET,Y,5.0,LOCAL STREET,37.0,COLLISION WITH BICYCLIST,9.0,SINGLE VEHICLE,6.0,STRAIGHT & LEVEL,2.0,DAYLIGHT,,,N,19,05,2016-06-04 19:05:00,38.2316607,-85.805915,POINT (-85.805915 38.2316607),0
201800,71786211,LOUISVILLE METRO POLICE DEPT,8016049230,AC,56,,,NOLTEMEYER WYNDE,,,38.1382651,-85.680439,0.009,6/10/2016,0950,KY1065  ,OUTER,LOOP ,,,,,,,2,1,0,1,2.0,CLEAR,1.0,DRY,N,5.0,LOCAL STREET,2.0,COLLISION WITH BICYCLE,9.0,SINGLE VEHICLE,6.0,STRAIGHT & LEVEL,2.0,DAYLIGHT,,,N,09,50,2016-06-10 09:50:00,38.1382651,-85.680439,POINT (-85.68043900000001 38.1382651),0
201960,71786353,LOUISVILLE METRO POLICE DEPT,8016049810,AC,56,,,FAIRMOUNT,RD   ,,38.1169832,-85.572883,2.477,6/12/2016,1000,,,,,OLD BARDSTOWN,RD   ,,GENTRY,LN   ,2,1,0,0,2.0,CLEAR,1.0,DRY,N,5.0,LOCAL STREET,37.0,COLLISION WITH BICYCLIST,9.0,SINGLE VEHICLE,6.0,STRAIGHT & LEVEL,2.0,DAYLIGHT,,,N,10,00,2016-06-12 10:00:00,38.1169832,-85.572883,POINT (-85.572883 38.1169832),0
201981,71786386,LOUISVILLE METRO POLICE DEPT,8016049954,AC,56,,,CHAMPION LAKES,PL   ,,38.2755902,-85.4810527,0.164,6/12/2016,2251,,CHAMPION LAKES,CT   ,,,,,,,3,1,0,2,3.0,CLOUDY,1.0,DRY,N,5.0,LOCAL STREET,2.0,COLLISION WITH BICYCLE,9.0,SINGLE VEHICLE,6.0,STRAIGHT & LEVEL,5.0,DARK-HWY LIGHTED/ON,,,N,22,51,2016-06-12 22:51:00,38.2755902,-85.4810527,POINT (-85.48105270000001 38.2755902),0
202305,71788577,LOUISVILLE METRO POLICE DEPT,8016050834,AC,56,KY2048  ,,CANNONS,LN   ,,38.2445649,-85.6628452,1.946,6/15/2016,1515,,,,,NANZ,AVE  ,,GRANDVIEW,AVE  ,2,1,0,0,2.0,CLEAR,1.0,DRY,N,7.0,STATE,37.0,COLLISION WITH BICYCLIST,9.0,SINGLE VEHICLE,3.0,CURVE & LEVEL,2.0,DAYLIGHT,,,N,15,15,2016-06-15 15:15:00,38.2445649,-85.6628452,POINT (-85.66284520000001 38.2445649),0
202391,71788613,LOUISVILLE METRO POLICE DEPT,8016051116,AC,56,US0031E ,,BARDSTOWN,RD   ,,38.2234563,-85.686056,13.209,6/16/2016,1346,,,,,WEBER,AVE  ,,TREVILIAN,WAY  ,2,1,0,0,2.0,CLEAR,1.0,DRY,N,2.0,FEDERAL,37.0,COLLISION WITH BICYCLIST,9.0,SINGLE VEHICLE,1.0,CURVE & GRADE,2.0,DAYLIGHT,,,N,13,46,2016-06-16 13:46:00,38.2234563,-85.686056,POINT (-85.68605599999999 38.2234563),0
202512,71789538,LOUISVILLE METRO POLICE DEPT,8016051507,RE,56,,,8TH,ST   ,S ,38.2562902,-85.7633325,0.073,6/17/2016,100007,,,,,,,,,,1,1,0,0,2.0,CLEAR,1.0,DRY,Y,5.0,LOCAL STREET,37.0,COLLISION WITH BICYCLIST,9.0,SINGLE VEHICLE,6.0,STRAIGHT & LEVEL,2.0,DAYLIGHT,,,N,10,00,2016-06-17 10:00:00,38.2562902,-85.7633325,POINT (-85.7633325 38.2562902),0
202649,71789752,LOUISVILLE METRO POLICE DEPT,8016052057,AC,56,,4911.0,SHASTA,TRL  ,,38.1788181,-85.6717813,0.517,6/19/2016,1839,,,,,,,,,,2,1,0,1,2.0,CLEAR,1.0,DRY,N,99.0,NONE OF THE ABOVE,37.0,COLLISION WITH BICYCLIST,9.0,SINGLE VEHICLE,6.0,STRAIGHT & LEVEL,2.0,DAYLIGHT,,,N,18,39,2016-06-19 18:39:00,38.1788181,-85.6717813,POINT (-85.67178130000001 38.1788181),0
202798,71791060,LOUISVILLE METRO POLICE DEPT,8016052582,AC,56,US0060A ,,TAYLOR,BLVD ,,38.2088419,-85.7730377,2.537,6/21/2016,1200,,,,,IOWA,AVE  ,,TENNESSEE,AVE  ,2,1,0,0,2.0,CLEAR,1.0,DRY,N,2.0,FEDERAL,37.0,COLLISION WITH BICYCLIST,9.0,SINGLE VEHICLE,6.0,STRAIGHT & LEVEL,2.0,DAYLIGHT,,,N,12,00,2016-06-21 12:00:00,38.2088419,-85.7730377,POINT (-85.7730377 38.2088419),0
202923,71791158,LOUISVILLE METRO POLICE DEPT,8016053058,AC,56,,,4TH,ST   ,S ,38.2097046,-85.7647768,3.267,6/22/2016,1912,,,,,,,,,,2,1,0,1,2.0,CLEAR,1.0,DRY,Y,5.0,LOCAL STREET,37.0,COLLISION WITH BICYCLIST,9.0,SINGLE VEHICLE,4.0,STRAIGHT & GRADE,2.0,DAYLIGHT,,,N,19,12,2016-06-22 19:12:00,38.2097046,-85.7647768,POINT (-85.76477680000001 38.2097046),0
203136,71792461,LOUISVILLE METRO POLICE DEPT,8016053531,AC,56,,,STANDARD,AVE  ,,38.2315593,-85.7917539,0.135,6/24/2016,1112,US0031W ,22ND,ST   ,,,,,,,2,1,0,1,2.0,CLEAR,1.0,DRY,N,5.0,LOCAL STREET,2.0,COLLISION WITH BICYCLE,9.0,SINGLE VEHICLE,6.0,STRAIGHT & LEVEL,2.0,DAYLIGHT,,,N,11,12,2016-06-24 11:12:00,38.2315593,-85.7917539,POINT (-85.7917539 38.2315593),0
203286,71792602,LOUISVILLE METRO POLICE DEPT,8016054189,AC,56,,,COLORADO,AVE  ,,38.2127085,-85.7752983,0.643,6/26/2016,1836,,,,,TENNESSEE,AVE  ,,LINCOLN,AVE  ,2,1,0,1,2.0,CLEAR,1.0,DRY,N,5.0,LOCAL STREET,37.0,COLLISION WITH BICYCLIST,9.0,SINGLE VEHICLE,5.0,STRAIGHT & HILLCREST,2.0,DAYLIGHT,,,N,18,36,2016-06-26 18:36:00,38.2127085,-85.7752983,POINT (-85.7752983 38.2127085),0
203936,71796539,LOUISVILLE METRO POLICE DEPT,8016056354,AC,56,KY1931  ,,7TH,ST   ,,38.218253,-85.7793547,10.332,7/3/2016,1652,,,,,,,,,,2,1,0,1,2.0,CLEAR,1.0,DRY,Y,7.0,STATE,37.0,COLLISION WITH BICYCLIST,9.0,SINGLE VEHICLE,6.0,STRAIGHT & LEVEL,2.0,DAYLIGHT,,,N,16,52,2016-07-03 16:52:00,38.218253,-85.7793547,POINT (-85.7793547 38.218253),0
204237,71798337,JEFFERSONTOWN POLICE DEPT,A0768998  ,AC,56,KY0155  ,,TAYLORSVILLE,RD   ,,38.2076413,-85.5831238,10.696,7/7/2016,1001,,JANLYN,RD   ,,,,,,,2,1,0,1,3.0,CLOUDY,1.0,DRY,N,7.0,STATE,2.0,COLLISION WITH BICYCLE,9.0,SINGLE VEHICLE,6.0,STRAIGHT & LEVEL,2.0,DAYLIGHT,,,N,10,01,2016-07-07 10:01:00,38.2076413,-85.5831238,POINT (-85.5831238 38.2076413),0
204302,71798955,LOUISVILLE METRO POLICE DEPT,8016057582,AC,56,US0060  ,,FRANKFORT,AVE  ,,38.2539861,-85.6980822,1.214,7/7/2016,1554,,PETERSON,AVE  ,,,,,,,2,1,0,1,2.0,CLEAR,1.0,DRY,N,2.0,FEDERAL,2.0,COLLISION WITH BICYCLE,9.0,SINGLE VEHICLE,6.0,STRAIGHT & LEVEL,2.0,DAYLIGHT,,,N,15,54,2016-07-07 15:54:00,38.2539861,-85.6980822,POINT (-85.6980822 38.2539861),0
204370,71800536,LOUISVILLE METRO POLICE DEPT,8016057811,AC,56,,,LOWELL,AVE  ,,38.2209589,-85.6815157,0.533,7/8/2016,1157,US0031E ,BARDSTOWN,RD   ,,,,,,,2,1,0,1,6.0,RAINING,5.0,WET,N,5.0,LOCAL STREET,2.0,COLLISION WITH BICYCLE,9.0,SINGLE VEHICLE,4.0,STRAIGHT & GRADE,2.0,DAYLIGHT,,,N,11,57,2016-07-08 11:57:00,38.2209589,-85.6815157,POINT (-85.68151570000001 38.2209589),0
204812,71802914,LOUISVILLE METRO POLICE DEPT,8016059322,AC,56,,,TYLER,LN   ,,38.2177892,-85.6774723,0.52,7/13/2016,1443,US0031E ,BARDSTOWN,RD   ,,,,,,,2,1,0,1,2.0,CLEAR,1.0,DRY,N,5.0,LOCAL STREET,2.0,COLLISION WITH BICYCLE,9.0,SINGLE VEHICLE,4.0,STRAIGHT & GRADE,2.0,DAYLIGHT,,,N,14,43,2016-07-13 14:43:00,38.2177892,-85.6774723,POINT (-85.67747230000001 38.2177892),0
205072,71807898,LOUISVILLE METRO POLICE DEPT,8016060101,AC,56,KY0061  ,,PRESTON,HWY  ,,38.1289293,-85.6814849,3.252,7/15/2016,2106,,,,,SAINT RITA,DR   ,,TRIO,AVE  ,2,1,0,0,2.0,CLEAR,1.0,DRY,N,7.0,STATE,37.0,COLLISION WITH BICYCLIST,9.0,SINGLE VEHICLE,6.0,STRAIGHT & LEVEL,2.0,DAYLIGHT,,,N,21,06,2016-07-15 21:06:00,38.1289293,-85.6814849,POINT (-85.6814849 38.1289293),0
205273,71808026,LOUISVILLE METRO POLICE DEPT,8016060725,AC,56,US0031E ,600.0,BAXTER,AVE  ,,38.2457891,-85.7286052,16.082,7/18/2016,0003,,,,,,,,,,2,1,0,0,2.0,CLEAR,1.0,DRY,Y,2.0,FEDERAL,37.0,COLLISION WITH BICYCLIST,9.0,SINGLE VEHICLE,6.0,STRAIGHT & LEVEL,5.0,DARK-HWY LIGHTED/ON,,,N,00,03,2016-07-18 00:03:00,38.2457891,-85.7286052,POINT (-85.7286052 38.2457891),0
205443,71816208,LOUISVILLE METRO POLICE DEPT,8016060997,AC,56,,1132.0,CAMDEN,AVE  ,,38.1925752,-85.7827253,0.783,7/19/2016,2025,,,,,,,,,,2,1,0,1,2.0,CLEAR,1.0,DRY,N,5.0,LOCAL STREET,37.0,COLLISION WITH BICYCLIST,9.0,SINGLE VEHICLE,6.0,STRAIGHT & LEVEL,2.0,DAYLIGHT,,,N,20,25,2016-07-19 20:25:00,38.1925752,-85.7827253,POINT (-85.7827253 38.1925752),0