,MASTER FILE NUMBER,INVESTIGATING AGENCY,LOCAL CODE,COLLISION STATUS CODE,COUNTY NAME,ROADWAY NUMBER,BLOCK/HOUSE #,ROADWAY NAME,ROADWAY SUFFIX,ROADWAY DIRECTION CODE,GPS LATITUDE DECIMAL,GPS LONGITUDE DECIMAL,MILEPOINT DERIVED,COLLISION DATE,COLLISION TIME,INTERSECTION ROADWAY #,INTERSECTION ROADWAY NAME,INTERSECTION ROADWAY SFX,BETWEEN STREET ROADWAY # 1,BETWEEN STREET ROADWAY NAME 1,BETWEEN STREET ROADWAY SFX 1,BETWEEN STREET ROADWAY # 2,BETWEEN STREET ROADWAY NAME 2,BETWEEN STREET ROADWAY SFX 2,UNITS INVOLVED,MOTOR VEHICLES INVOLVED,KILLED,INJURED,WEATHER CODE,WEATHER,ROADWAY CONDITION CODE,ROADWAY CONDITION,HIT & RUN INDICATOR,ROADWAY TYPE CODE,ROADWAY TYPE,DIRECTIONAL ANALYSIS CODE,DIRECTIONAL ANALYSIS,MANNER OF COLLISION CODE,MANNER OF COLLISION,ROADWAY CHARACTER CODE,ROADWAY CHARACTER,LIGHT CONDITION CODE,LIGHT CONDITION,RAMP FROM ROADWAY ID,RAMP TO ROADWAY ID,SECONDARY COLLISION INDICATOR,hour,minute,Date,Latitude,Longitude,geometry,index_right
205566,71808797,LOUISVILLE METRO POLICE DEPT,8016061779,AC,56,,,HILLBROOK,DR   ,,38.2241986,-85.634084,0.0,7/21/2016,1202,KY1932  ,BRECKENRIDGE,LN   ,,,,,,,2,1,0,0,2.0,CLEAR,1.0,DRY,N,5.0,LOCAL STREET,2.0,COLLISION WITH BICYCLE,9.0,SINGLE VEHICLE,3.0,CURVE & LEVEL,2.0,DAYLIGHT,,,N,12,02,2016-07-21 12:02:00,38.2241986,-85.634084,POINT (-85.634084 38.2241986),0
206471,71815347,LOUISVILLE METRO POLICE DEPT,8016064597,RE,56,,,MUHAMMAD ALI,BLVD ,W ,38.2558305,-85.7999076,2.603,7/30/2016,0610,,,,,,,,,,3,3,0,1,2.0,CLEAR,1.0,DRY,N,5.0,LOCAL STREET,37.0,COLLISION WITH BICYCLIST,5.0,REAR END,6.0,STRAIGHT & LEVEL,5.0,DARK-HWY LIGHTED/ON,,,N,06,10,2016-07-30 06:10:00,38.2558305,-85.7999076,POINT (-85.7999076 38.2558305),0
206676,71816263,LOUISVILLE METRO POLICE DEPT,8016065336,AC,56,,3742.0,LENTZ,AVE  ,,38.1896266,-85.7861562,0.467,8/1/2016,1850,,,,,,,,,,2,1,0,0,2.0,CLEAR,1.0,DRY,Y,5.0,LOCAL STREET,37.0,COLLISION WITH BICYCLIST,9.0,SINGLE VEHICLE,6.0,STRAIGHT & LEVEL,2.0,DAYLIGHT,,,N,18,50,2016-08-01 18:50:00,38.1896266,-85.7861562,POINT (-85.78615619999999 38.1896266),0
206697,71816427,ST. MATTHEWS POLICE DEPARTMENT,0316002099,AC,56,US0060  ,4000.0,SHELBYVILLE,RD   ,,38.2525229,-85.6508934,3.812,8/1/2016,1442,,,,,,,,,,2,1,0,1,3.0,CLOUDY,1.0,DRY,N,2.0,FEDERAL,37.0,COLLISION WITH BICYCLIST,9.0,SINGLE VEHICLE,6.0,STRAIGHT & LEVEL,2.0,DAYLIGHT,,,N,14,42,2016-08-01 14:42:00,38.2525229,-85.6508934,POINT (-85.6508934 38.2525229),0
206798,71817243,LOUISVILLE METRO POLICE DEPT,8016065745,AC,56,,,CENTRAL,AVE  ,,38.2063757,-85.7762939,1.033,8/2/2016,2347,US0060A ,TAYLOR,BLVD ,,,,,,,2,1,0,1,2.0,CLEAR,1.0,DRY,N,5.0,LOCAL STREET,2.0,COLLISION WITH BICYCLE,9.0,SINGLE VEHICLE,6.0,STRAIGHT & LEVEL,5.0,DARK-HWY LIGHTED/ON,,,N,23,47,2016-08-02 23:47:00,38.2063757,-85.7762939,POINT (-85.7762939 38.2063757),0
206914,71818839,LOUISVILLE METRO POLICE DEPT,8016066015,AC,56,,1365.0,CYPRESS,ST   ,,38.2341838,-85.7981286,0.255,8/3/2016,1937,,,,,,,,,,2,1,0,1,2.0,CLEAR,1.0,DRY,Y,5.0,LOCAL STREET,37.0,COLLISION WITH BICYCLIST,9.0,SINGLE VEHICLE,6.0,STRAIGHT & LEVEL,2.0,DAYLIGHT,,,N,19,37,2016-08-03 19:37:00,38.2341838,-85.7981286,POINT (-85.7981286 38.2341838),0
206937,71824605,SHIVELY POLICE DEPARTMENT,0416001726,AC,56,US0031W ,,DIXIE,HWY  ,,38.1751109,-85.8222824,13.921,8/3/2016,0057,,,,,STALLINGS,AVE  ,,KLAGES,AVE  ,3,2,0,1,2.0,CLEAR,1.0,DRY,N,2.0,FEDERAL,37.0,COLLISION WITH BICYCLIST,1.0,ANGLE,6.0,STRAIGHT & LEVEL,7.0,DARK (UNKNOWN ROADWAY LIGHTING),,,N,00,57,2016-08-03 00:57:00,38.1751109,-85.8222824,POINT (-85.82228240000001 38.1751109),0
206952,71818846,LOUISVILLE METRO POLICE DEPT,8016066139,AC,56,,,YORK,ST   ,,38.2441354,-85.757756,0.416,8/4/2016,1032,,,,,LIBRARY,LN   ,,LIBRARY,PL   ,2,1,0,1,2.0,CLEAR,1.0,DRY,N,5.0,LOCAL STREET,37.0,COLLISION WITH BICYCLIST,9.0,SINGLE VEHICLE,6.0,STRAIGHT & LEVEL,2.0,DAYLIGHT,,,N,10,32,2016-08-04 10:32:00,38.2441354,-85.757756,POINT (-85.757756 38.2441354),0
207047,71821480,LOUISVILLE METRO POLICE DEPT,8016066153,AC,56,KY0061  ,7121.0,PRESTON,HWY  ,,38.1476494,-85.6918352,4.644,8/4/2016,1128,,,,,,,,,,2,1,0,1,2.0,CLEAR,1.0,DRY,N,7.0,STATE,37.0,COLLISION WITH BICYCLIST,9.0,SINGLE VEHICLE,6.0,STRAIGHT & LEVEL,2.0,DAYLIGHT,,,N,11,28,2016-08-04 11:28:00,38.1476494,-85.6918352,POINT (-85.6918352 38.1476494),0
207310,71823191,LOUISVILLE METRO POLICE DEPT,8016067130,AC,56,,,SHELBY,ST   ,S ,38.2242021,-85.7425338,0.465,8/7/2016,1400,,,,,BURNETT,AVE  ,,SYLVIA,ST   ,2,1,0,1,2.0,CLEAR,1.0,DRY,N,5.0,LOCAL STREET,37.0,COLLISION WITH BICYCLIST,9.0,SINGLE VEHICLE,6.0,STRAIGHT & LEVEL,2.0,DAYLIGHT,,,N,14,00,2016-08-07 14:00:00,38.2242021,-85.7425338,POINT (-85.7425338 38.2242021),0
207386,71821523,LOUISVILLE METRO POLICE DEPT,8016067506,AC,56,,,HIKES,LN   ,,38.2119649,-85.6393858,2.303,8/8/2016,1707,,FURMAN,BLVD ,,,,,,,2,1,0,1,2.0,CLEAR,1.0,DRY,N,5.0,LOCAL STREET,2.0,COLLISION WITH BICYCLE,9.0,SINGLE VEHICLE,6.0,STRAIGHT & LEVEL,2.0,DAYLIGHT,,,N,17,07,2016-08-08 17:07:00,38.2119649,-85.6393858,POINT (-85.6393858 38.2119649),0
207820,71825892,LOUISVILLE METRO POLICE DEPT,8016068801,AC,56,,,MILTON,ST   ,,38.2258,-85.7418175,0.001,8/12/2016,1650,,SHELBY,ST   ,,,,,,,2,1,0,0,2.0,CLEAR,1.0,DRY,N,5.0,LOCAL STREET,2.0,COLLISION WITH BICYCLE,9.0,SINGLE VEHICLE,6.0,STRAIGHT & LEVEL,2.0,DAYLIGHT,,,N,16,50,2016-08-12 16:50:00,38.2258,-85.7418175,POINT (-85.7418175 38.2258),0
207935,71826184,SHIVELY POLICE DEPARTMENT,0416001823,AC,56,US0031W ,,DIXIE,HWY  ,,38.1925268,-85.8077667,15.38,8/13/2016,1250,,,,KY2049  ,CRUMS,LN   ,KY2049,CRUMS,LN   ,2,1,0,1,2.0,CLEAR,1.0,DRY,N,2.0,FEDERAL,37.0,COLLISION WITH BICYCLIST,9.0,SINGLE VEHICLE,4.0,STRAIGHT & GRADE,2.0,DAYLIGHT,,,N,12,50,2016-08-13 12:50:00,38.1925268,-85.8077667,POINT (-85.8077667 38.1925268),0
208216,71830279,LOUISVILLE METRO POLICE DEPT,8016070034,AC,56,US0060  ,,FRANKFORT,AVE  ,,38.2535713,-85.7056277,0.805,8/16/2016,1740,,,,,CLIFTON,AVE  ,,RASTETTER,AVE  ,2,1,0,0,2.0,CLEAR,1.0,DRY,N,2.0,FEDERAL,37.0,COLLISION WITH BICYCLIST,9.0,SINGLE VEHICLE,5.0,STRAIGHT & HILLCREST,2.0,DAYLIGHT,,,N,17,40,2016-08-16 17:40:00,38.2535713,-85.7056277,POINT (-85.70562769999999 38.2535713),0
208315,71828350,LOUISVILLE METRO POLICE DEPT,8016070343,AC,56,,,26TH,ST   ,N ,38.2635577,-85.7932316,0.196,8/17/2016,1526,,DUNCAN,ST   ,,,,,,,2,1,0,1,2.0,CLEAR,1.0,DRY,N,5.0,LOCAL STREET,2.0,COLLISION WITH BICYCLE,9.0,SINGLE VEHICLE,6.0,STRAIGHT & LEVEL,2.0,DAYLIGHT,,,N,15,26,2016-08-17 15:26:00,38.2635577,-85.7932316,POINT (-85.7932316 38.2635577),0
208329,71828378,LOUISVILLE METRO POLICE DEPT,8016070475,AC,56,,,26TH,ST   ,S ,38.2529874,-85.7945099,0.537,8/17/2016,2223,,CHESTNUT,ST   ,,,,,,,2,1,0,0,2.0,CLEAR,1.0,DRY,Y,5.0,LOCAL STREET,2.0,COLLISION WITH BICYCLE,9.0,SINGLE VEHICLE,6.0,STRAIGHT & LEVEL,5.0,DARK-HWY LIGHTED/ON,,,N,22,23,2016-08-17 22:23:00,38.2529874,-85.7945099,POINT (-85.79450989999999 38.2529874),0
208435,71828938,LOUISVILLE METRO POLICE DEPT,8016070772,AC,56,KY2048  ,,CANNONS,LN   ,,38.2462472,-85.664296,2.087,8/18/2016,100005,,PEE WEE REESE,RD   ,,,,,,,2,1,0,0,2.0,CLEAR,1.0,DRY,N,7.0,STATE,2.0,COLLISION WITH BICYCLE,9.0,SINGLE VEHICLE,6.0,STRAIGHT & LEVEL,2.0,DAYLIGHT,,,N,10,00,2016-08-18 10:00:00,38.2462472,-85.664296,POINT (-85.66429599999999 38.2462472),0
208436,71828939,LOUISVILLE METRO POLICE DEPT,8016070777,AC,56,,,STRAWBERRY,LN   ,,38.160814,-85.7609155,0.276,8/18/2016,2110,,,,,STEEDLY,DR   ,,DOWNES,LN   ,2,1,0,1,2.0,CLEAR,1.0,DRY,Y,5.0,LOCAL STREET,37.0,COLLISION WITH BICYCLIST,9.0,SINGLE VEHICLE,6.0,STRAIGHT & LEVEL,6.0,DARK-HWY NOT LIGHTED,,,N,21,10,2016-08-18 21:10:00,38.160814,-85.7609155,POINT (-85.7609155 38.160814),0
208778,71830492,LOUISVILLE METRO POLICE DEPT,8016071505,RE,56,KY0841  ,,,,,38.1166255,-85.7480769,0.286,8/21/2016,1225,KY1020  ,NATIONAL,TPKE ,,,,,,,2,2,0,1,2.0,CLEAR,1.0,DRY,N,7.0,STATE,2.0,COLLISION WITH BICYCLE,1.0,ANGLE,4.0,STRAIGHT & GRADE,2.0,DAYLIGHT,,,N,12,25,2016-08-21 12:25:00,38.1166255,-85.7480769,POINT (-85.7480769 38.1166255),0
208779,71830493,LOUISVILLE METRO POLICE DEPT,8016071506,AC,56,US0031W ,,DIXIE,HWY  ,,38.1029702,-85.8696461,8.276,8/21/2016,1225,,BARRETT,LN   ,,,,,,,2,1,0,1,2.0,CLEAR,1.0,DRY,N,2.0,FEDERAL,2.0,COLLISION WITH BICYCLE,9.0,SINGLE VEHICLE,6.0,STRAIGHT & LEVEL,2.0,DAYLIGHT,,,N,12,25,2016-08-21 12:25:00,38.1029702,-85.8696461,POINT (-85.8696461 38.1029702),0
208798,71831662,ST. MATTHEWS POLICE DEPARTMENT,0316002328,AC,56,KY1447  ,,RIDGEWAY,AVE  ,,38.2568034,-85.6482369,0.455,8/21/2016,1638,KY1447  ,WESTPORT,RD   ,,,,,,,2,1,0,0,3.0,CLOUDY,1.0,DRY,N,7.0,STATE,2.0,COLLISION WITH BICYCLE,9.0,SINGLE VEHICLE,6.0,STRAIGHT & LEVEL,2.0,DAYLIGHT,,,N,16,38,2016-08-21 16:38:00,38.2568034,-85.6482369,POINT (-85.6482369 38.2568034),0
208881,71831493,AUDUBON PARK POLICE DEPARTMENT,1916000096,AC,56,KY0061  ,,PRESTON,HWY  ,,38.2127128,-85.7412891,9.934,8/22/2016,1610,,,,,PARKWAY,DR   ,,CLARKS,LN   ,2,1,0,1,2.0,CLEAR,1.0,DRY,N,7.0,STATE,37.0,COLLISION WITH BICYCLIST,9.0,SINGLE VEHICLE,4.0,STRAIGHT & GRADE,2.0,DAYLIGHT,,,N,16,10,2016-08-22 16:10:00,38.2127128,-85.7412891,POINT (-85.7412891 38.2127128),0
209744,71837702,LOUISVILLE METRO POLICE DEPT,8016074742,AC,56,,,HALE,AVE  ,,38.2420202,-85.8279381,2.619,8/31/2016,2110,,45TH,ST   ,,,,,,,2,1,0,1,2.0,CLEAR,1.0,DRY,N,5.0,LOCAL STREET,2.0,COLLISION WITH BICYCLE,9.0,SINGLE VEHICLE,6.0,STRAIGHT & LEVEL,1.0,DAWN,,,N,21,10,2016-08-31 21:10:00,38.2420202,-85.8279381,POINT (-85.8279381 38.2420202),0
209880,71840394,LOUISVILLE METRO POLICE DEPT,8016074888,AC,56,,,CITATION,RD   ,,38.1132855,-85.8625145,0.0,9/1/2016,1030,US0031W ,DIXIE,HWY  ,,,,,,,2,1,0,1,3.0,CLOUDY,1.0,DRY,Y,5.0,LOCAL STREET,2.0,COLLISION WITH BICYCLE,9.0,SINGLE VEHICLE,6.0,STRAIGHT & LEVEL,2.0,DAYLIGHT,,,N,10,30,2016-09-01 10:30:00,38.1132855,-85.8625145,POINT (-85.8625145 38.1132855),0
210090,71840546,LOUISVILLE METRO POLICE DEPT,8016075648,AC,56,,,40TH,ST   ,N ,38.2659911,-85.8144405,0.128,9/3/2016,1858,,DUNCAN,ST   ,,,,,,,2,1,0,1,2.0,CLEAR,1.0,DRY,N,5.0,LOCAL STREET,2.0,COLLISION WITH BICYCLE,9.0,SINGLE VEHICLE,6.0,STRAIGHT & LEVEL,2.0,DAYLIGHT,,,N,18,58,2016-09-03 18:58:00,38.2659911,-85.8144405,POINT (-85.8144405 38.2659911),0
210574,71844928,LOUISVILLE METRO POLICE DEPT,8016077418,AC,56,,,PAYNE,ST   ,,38.246263,-85.7289416,0.108,9/9/2016,1400,US0031E ,BAXTER,AVE  ,,,,,,,2,1,0,1,2.0,CLEAR,1.0,DRY,N,1.0,COUNTY ROAD,2.0,COLLISION WITH BICYCLE,9.0,SINGLE VEHICLE,6.0,STRAIGHT & LEVEL,2.0,DAYLIGHT,,,N,14,00,2016-09-09 14:00:00,38.246263,-85.7289416,POINT (-85.7289416 38.246263),0
210662,71847248,GRAYMOOR-DEVONDALE POLICE DEPT,5016000184,AC,56,KY2050  ,,HERR,LN   ,,38.2702171,-85.615673,1.031,9/9/2016,1455,KY1447  ,WESTPORT,RD   ,,,,,,,2,1,0,1,2.0,CLEAR,1.0,DRY,N,7.0,STATE,2.0,COLLISION WITH BICYCLE,9.0,SINGLE VEHICLE,6.0,STRAIGHT & LEVEL,2.0,DAYLIGHT,,,N,14,55,2016-09-09 14:55:00,38.2702171,-85.615673,POINT (-85.615673 38.2702171),0
210664,71848633,LOUISVILLE METRO POLICE DEPT,8016077448,AC,56,,,MASEMURE,CT   ,,38.2072028,-85.6517326,0.003,9/9/2016,1539,,,,,GOLDSMITH,LN   ,,DELL BROOKE,AVE  ,2,1,0,0,2.0,CLEAR,1.0,DRY,N,5.0,LOCAL STREET,37.0,COLLISION WITH BICYCLIST,9.0,SINGLE VEHICLE,6.0,STRAIGHT & LEVEL,2.0,DAYLIGHT,,,N,15,39,2016-09-09 15:39:00,38.2072028,-85.6517326,POINT (-85.6517326 38.2072028),0
210671,71852635,LOUISVILLE METRO POLICE DEPT,8016077483,AC,56,,,HANCOCK,ST   ,S ,38.2451289,-85.7435651,0.688,9/9/2016,1700,US0150  ,BROADWAY,,,,,,,,2,1,0,1,2.0,CLEAR,1.0,DRY,N,5.0,LOCAL STREET,2.0,COLLISION WITH BICYCLE,9.0,SINGLE VEHICLE,3.0,CURVE & LEVEL,2.0,DAYLIGHT,,,N,17,00,2016-09-09 17:00:00,38.2451289,-85.7435651,POINT (-85.7435651 38.2451289),0
210782,71845061,LOUISVILLE METRO POLICE DEPT,8016077971,AC,56,,,DIXIE,HWY  ,,38.2301016,-85.7897785,1.367,9/11/2016,1042,,,,,,,,,,2,1,0,1,2.0,CLEAR,1.0,DRY,N,5.0,LOCAL STREET,37.0,COLLISION WITH BICYCLIST,9.0,SINGLE VEHICLE,4.0,STRAIGHT & GRADE,2.0,DAYLIGHT,,,N,10,42,2016-09-11 10:42:00,38.2301016,-85.7897785,POINT (-85.7897785 38.2301016),0
210786,71845071,LOUISVILLE METRO POLICE DEPT,8016078037,AC,56,,,HILL,ST   ,W ,38.2258155,-85.7603258,0.186,9/11/2016,1525,KY1020  ,3RD,ST   ,,,,,,,2,1,0,1,2.0,CLEAR,1.0,DRY,N,5.0,LOCAL STREET,2.0,COLLISION WITH BICYCLE,9.0,SINGLE VEHICLE,6.0,STRAIGHT & LEVEL,2.0,DAYLIGHT,,,N,15,25,2016-09-11 15:25:00,38.2258155,-85.7603258,POINT (-85.7603258 38.2258155),0
210865,71845895,LOUISVILLE METRO POLICE DEPT,8016078207,AC,56,,,CHEROKEE,RD   ,,38.2405462,-85.7220472,0.351,9/12/2016,0822,,,,,HIGHLAND,AVE  ,KY2860,GRINSTEAD,DR   ,2,1,0,0,2.0,CLEAR,1.0,DRY,N,5.0,LOCAL STREET,37.0,COLLISION WITH BICYCLIST,9.0,SINGLE VEHICLE,6.0,STRAIGHT & LEVEL,2.0,DAYLIGHT,,,N,08,22,2016-09-12 08:22:00,38.2405462,-85.7220472,POINT (-85.72204720000001 38.2405462),0
211068,71847799,LOUISVILLE METRO POLICE DEPT,8016079097,AC,56,,,QUEST,DR   ,,38.250553,-85.7724446,0.0,9/14/2016,2134,,CHESTNUT,ST   ,,,,,,,2,1,0,0,2.0,CLEAR,1.0,DRY,Y,5.0,LOCAL STREET,2.0,COLLISION WITH BICYCLE,9.0,SINGLE VEHICLE,6.0,STRAIGHT & LEVEL,5.0,DARK-HWY LIGHTED/ON,,,N,21,34,2016-09-14 21:34:00,38.250553,-85.7724446,POINT (-85.7724446 38.250553),0
211255,71850024,LOUISVILLE METRO POLICE DEPT,8016079479,AC,56,,,SAINT CATHERINE,ST   ,E ,38.2353329,-85.7472892,0.866,9/16/2016,0734,KY0061  ,JACKSON,ST   ,,,,,,,2,1,0,1,2.0,CLEAR,1.0,DRY,Y,5.0,LOCAL STREET,2.0,COLLISION WITH BICYCLE,9.0,SINGLE VEHICLE,6.0,STRAIGHT & LEVEL,2.0,DAYLIGHT,,,N,07,34,2016-09-16 07:34:00,38.2353329,-85.7472892,POINT (-85.7472892 38.2353329),0
211433,71850168,LOUISVILLE METRO POLICE DEPT,8016079919,AC,56,,3208.0,DUVALLE,DR   ,,38.227094,-85.8089138,0.001,9/17/2016,1600,,,,,,,,,,2,1,0,0,2.0,CLEAR,1.0,DRY,N,5.0,LOCAL STREET,37.0,COLLISION WITH BICYCLIST,9.0,SINGLE VEHICLE,6.0,STRAIGHT & LEVEL,2.0,DAYLIGHT,,,N,16,00,2016-09-17 16:00:00,38.227094,-85.8089138,POINT (-85.8089138 38.227094),0
211453,71852643,LOUISVILLE METRO POLICE DEPT,8016079970,RE,56,KY0864  ,,SHELBY,ST   ,S ,38.2397949,-85.740335,15.149,9/17/2016,1730,,,,,,,,,,3,3,0,0,2.0,CLEAR,1.0,DRY,Y,7.0,STATE,37.0,COLLISION WITH BICYCLIST,8.0,SIDESWIPE-SAME DIRECTION,6.0,STRAIGHT & LEVEL,2.0,DAYLIGHT,,,N,17,30,2016-09-17 17:30:00,38.2397949,-85.740335,POINT (-85.740335 38.2397949),0
211528,71850249,LOUISVILLE METRO POLICE DEPT,8016080310,AC,56,,,7TH,ST   ,S ,38.2203862,-85.7768133,0.038,9/19/2016,000007,,,,KY2054  ,ALGONQUIN,PKWY ,,INDUSTRY,RD   ,2,1,0,1,3.0,CLOUDY,1.0,DRY,Y,5.0,LOCAL STREET,37.0,COLLISION WITH BICYCLIST,9.0,SINGLE VEHICLE,6.0,STRAIGHT & LEVEL,2.0,DAYLIGHT,,,N,00,00,2016-09-19 00:00:00,38.2203862,-85.7768133,POINT (-85.7768133 38.2203862),0
211577,71851138,LOUISVILLE METRO POLICE DEPT,8016080475,AC,56,,,PARK BOUNDARY,RD   ,,38.2325669,-85.6821604,0.545,9/19/2016,1548,,,,,,,,,,2,1,0,1,2.0,CLEAR,1.0,DRY,N,5.0,LOCAL STREET,37.0,COLLISION WITH BICYCLIST,9.0,SINGLE VEHICLE,1.0,CURVE & GRADE,2.0,DAYLIGHT,,,N,15,48,2016-09-19 15:48:00,38.2325669,-85.6821604,POINT (-85.6821604 38.2325669),0
211989,71853423,LOUISVILLE METRO POLICE DEPT,8016081689,AC,56,US0031E ,,BARDSTOWN,RD   ,,38.2378065,-85.7198949,15.35,9/23/2016,0830,,,,,,,,,,2,1,0,0,2.0,CLEAR,1.0,DRY,N,2.0,FEDERAL,37.0,COLLISION WITH BICYCLIST,9.0,SINGLE VEHICLE,6.0,STRAIGHT & LEVEL,1.0,DAWN,,,N,08,30,2016-09-23 08:30:00,38.2378065,-85.7198949,POINT (-85.7198949 38.2378065),0
212236,71854939,LOUISVILLE METRO POLICE DEPT,8016082364,AC,56,US0031E ,,MAIN,ST   ,W ,38.2562754,-85.7533408,17.963,9/25/2016,0928,,2ND,ST   ,,,,,,,2,1,0,0,2.0,CLEAR,1.0,DRY,N,2.0,FEDERAL,2.0,COLLISION WITH BICYCLE,9.0,SINGLE VEHICLE,6.0,STRAIGHT & LEVEL,2.0,DAYLIGHT,,,N,09,28,2016-09-25 09:28:00,38.2562754,-85.7533408,POINT (-85.7533408 38.2562754),0
212423,71856713,LOUISVILLE METRO POLICE DEPT,8016083052,AC,56,,5604.0,FOX HORN,CIR  ,,38.1628863,-85.8565622,0.06,9/27/2016,1820,,,,,,,,,,2,1,0,1,2.0,CLEAR,1.0,DRY,N,99.0,NONE OF THE ABOVE,37.0,COLLISION WITH BICYCLIST,9.0,SINGLE VEHICLE,6.0,STRAIGHT & LEVEL,2.0,DAYLIGHT,,,N,18,20,2016-09-27 18:20:00,38.1628863,-85.8565622,POINT (-85.8565622 38.1628863),0
212638,71858397,LOUISVILLE METRO POLICE DEPT,8016083603,AC,56,US0031E ,,BARDSTOWN,RD   ,,38.2108132,-85.6710307,12.012,9/29/2016,1420,,,,,,,,,,2,1,0,0,3.0,CLOUDY,1.0,DRY,Y,2.0,FEDERAL,37.0,COLLISION WITH BICYCLIST,9.0,SINGLE VEHICLE,3.0,CURVE & LEVEL,2.0,DAYLIGHT,,,N,14,20,2016-09-29 14:20:00,38.2108132,-85.6710307,POINT (-85.6710307 38.2108132),0
213082,71869782,LOUISVILLE METRO POLICE DEPT,8016084533,AC,56,US0031W ,,DIXIE,HWY  ,,38.1668176,-85.8293748,13.181,10/3/2016,0510,,,,,,,,,,2,1,0,1,3.0,CLOUDY,1.0,DRY,N,2.0,FEDERAL,37.0,COLLISION WITH BICYCLIST,9.0,SINGLE VEHICLE,06,STRAIGHT & LEVEL,5.0,DARK-HWY LIGHTED/ON,,,N,05,10,2016-10-03 05:10:00,38.1668176,-85.8293748,POINT (-85.8293748 38.1668176),0
213370,71863457,LOUISVILLE METRO POLICE DEPT,8016085758,AC,56,,,LIBERTY,ST   ,W ,38.2528825,-85.7554972,0.699,10/6/2016,1755,KY1020  ,3RD,ST   ,,,,,,,2,1,0,1,2.0,CLEAR,1.0,DRY,N,5.0,LOCAL STREET,2.0,COLLISION WITH BICYCLE,9.0,SINGLE VEHICLE,06,STRAIGHT & LEVEL,2.0,DAYLIGHT,,,N,17,55,2016-10-06 17:55:00,38.2528825,-85.7554972,POINT (-85.75549719999999 38.2528825),0
213438,71864796,LOUISVILLE METRO POLICE DEPT,8016085882,AC,56,KY1932  ,,CHENOWETH,LN   ,,38.262016,-85.6628759,6.28,10/7/2016,000000,,,,,NAPANEE,RD   ,,NAPANEE,RD   ,2,1,0,1,2.0,CLEAR,1.0,DRY,N,7.0,STATE,37.0,COLLISION WITH BICYCLIST,9.0,SINGLE VEHICLE,06,STRAIGHT & LEVEL,2.0,DAYLIGHT,,,N,00,00,2016-10-07 00:00:00,38.262016,-85.6628759,POINT (-85.6628759 38.262016),0
213630,71869792,LOUISVILLE METRO POLICE DEPT,8016086391,AC,56,,,18TH,ST   ,S ,38.2577965,-85.7799468,0.097,10/8/2016,1811,US0031W ,MARKET,ST   ,,,,,,,2,1,0,0,2.0,CLEAR,1.0,DRY,N,5.0,LOCAL STREET,2.0,COLLISION WITH BICYCLE,9.0,SINGLE VEHICLE,06,STRAIGHT & LEVEL,2.0,DAYLIGHT,,,N,18,11,2016-10-08 18:11:00,38.2577965,-85.7799468,POINT (-85.7799468 38.2577965),0
213691,71864975,LOUISVILLE METRO POLICE DEPT,8016086600,AC,56,KY1703  ,,BAXTER,AVE  ,,38.2319521,-85.7176479,5.009,10/9/2016,1437,,WINDSOR,PL   ,,,,,,,2,1,0,1,2.0,CLEAR,1.0,DRY,N,7.0,STATE,2.0,COLLISION WITH BICYCLE,9.0,SINGLE VEHICLE,06,STRAIGHT & LEVEL,2.0,DAYLIGHT,,,N,14,37,2016-10-09 14:37:00,38.2319521,-85.7176479,POINT (-85.7176479 38.2319521),0
214285,71869968,LOUISVILLE METRO POLICE DEPT,8016088521,AC,56,KY1020  ,,2ND,ST   ,S ,38.2458317,-85.755024,12.097,10/15/2016,2055,US0150  ,BROADWAY,,,,,,,,2,1,0,1,2.0,CLEAR,1.0,DRY,N,7.0,STATE,2.0,COLLISION WITH BICYCLE,9.0,SINGLE VEHICLE,06,STRAIGHT & LEVEL,5.0,DARK-HWY LIGHTED/ON,,,N,20,55,2016-10-15 20:55:00,38.2458317,-85.755024,POINT (-85.75502400000001 38.2458317),0
214373,71883846,LOUISVILLE METRO POLICE DEPT,8016088559,AC,56,I 0264  ,,,,,38.2105731,-85.6708753,0.322,10/16/2016,0045,US0031E ,BARDSTOWN,RD   ,,,,,,,2,1,0,1,2.0,CLEAR,1.0,DRY,N,4.0,INTERSTATE,2.0,COLLISION WITH BICYCLE,9.0,SINGLE VEHICLE,03,CURVE & LEVEL,5.0,DARK-HWY LIGHTED/ON,,,N,00,45,2016-10-16 00:45:00,38.2105731,-85.6708753,POINT (-85.67087530000001 38.2105731),0
214563,71872059,LOUISVILLE METRO POLICE DEPT,8016089463,AC,56,KY0061  ,,PRESTON,HWY  ,,38.1061155,-85.6737153,1.634,10/18/2016,2000,I 0265  ,I265 N EXIT12 ON RAMP FROM KY61,,,,,,,,2,1,0,1,2.0,CLEAR,1.0,DRY,N,7.0,STATE,2.0,COLLISION WITH BICYCLE,9.0,SINGLE VEHICLE,06,STRAIGHT & LEVEL,5.0,DARK-HWY LIGHTED/ON,,,N,20,00,2016-10-18 20:00:00,38.1061155,-85.6737153,POINT (-85.6737153 38.1061155),0
215029,71875619,LOUISVILLE METRO POLICE DEPT,8016090839,AC,56,KY1020  ,,SOUTHERN PKY,,,38.1981459,-85.7668886,8.954,10/23/2016,0850,,KENTON,ST   ,,,,,,,2,1,0,1,2.0,CLEAR,1.0,DRY,N,7.0,STATE,2.0,COLLISION WITH BICYCLE,9.0,SINGLE VEHICLE,03,CURVE & LEVEL,2.0,DAYLIGHT,,,N,08,50,2016-10-23 08:50:00,38.1981459,-85.7668886,POINT (-85.7668886 38.1981459),0