,MASTER FILE NUMBER,INVESTIGATING AGENCY,LOCAL CODE,COLLISION STATUS CODE,COUNTY NAME,ROADWAY NUMBER,BLOCK/HOUSE #,ROADWAY NAME,ROADWAY SUFFIX,ROADWAY DIRECTION CODE,GPS LATITUDE DECIMAL,GPS LONGITUDE DECIMAL,MILEPOINT DERIVED,COLLISION DATE,COLLISION TIME,INTERSECTION ROADWAY #,INTERSECTION ROADWAY NAME,INTERSECTION ROADWAY SFX,BETWEEN STREET ROADWAY # 1,BETWEEN STREET ROADWAY NAME 1,BETWEEN STREET ROADWAY SFX 1,BETWEEN STREET ROADWAY # 2,BETWEEN STREET ROADWAY NAME 2,BETWEEN STREET ROADWAY SFX 2,UNITS INVOLVED,MOTOR VEHICLES INVOLVED,KILLED,INJURED,WEATHER CODE,WEATHER,ROADWAY CONDITION CODE,ROADWAY CONDITION,HIT & RUN INDICATOR,ROADWAY TYPE CODE,ROADWAY TYPE,DIRECTIONAL ANALYSIS CODE,DIRECTIONAL ANALYSIS,MANNER OF COLLISION CODE,MANNER OF COLLISION,ROADWAY CHARACTER CODE,ROADWAY CHARACTER,LIGHT CONDITION CODE,LIGHT CONDITION,RAMP FROM ROADWAY ID,RAMP TO ROADWAY ID,SECONDARY COLLISION INDICATOR,hour,minute,Date,Latitude,Longitude,geometry,index_right
215052,71875644,LOUISVILLE METRO POLICE DEPT,8016090987,AC,56,US0031E ,,BARDSTOWN,RD   ,,38.2263887,-85.6978405,13.89,10/23/2016,2115,,ALFRESCO,PL   ,,,,,,,2,1,0,0,2.0,CLEAR,1.0,DRY,Y,2.0,FEDERAL,2.0,COLLISION WITH BICYCLE,9.0,SINGLE VEHICLE,06,STRAIGHT & LEVEL,5.0,DARK-HWY LIGHTED/ON,,,N,21,15,2016-10-23 21:15:00,38.2263887,-85.6978405,POINT (-85.6978405 38.2263887),0
215148,71876513,LOUISVILLE METRO POLICE DEPT,8016091276,AC,56,KY1865  ,,TAYLOR,BLVD ,,38.1847265,-85.7839902,5.397,10/24/2016,1710,,,,,MANITAU,AVE  ,,CARRICO,AVE  ,2,1,0,0,2.0,CLEAR,1.0,DRY,Y,7.0,STATE,37.0,COLLISION WITH BICYCLIST,9.0,SINGLE VEHICLE,06,STRAIGHT & LEVEL,2.0,DAYLIGHT,,,N,17,10,2016-10-24 17:10:00,38.1847265,-85.7839902,POINT (-85.78399020000001 38.1847265),0
215211,71877294,LOUISVILLE METRO POLICE DEPT,8016091437,AC,56,,,MADISON,ST   ,W ,38.2531511,-85.7858228,0.726,10/25/2016,1137,US0031W ,DR W J HODGE,ST   ,,,,,,,2,1,0,1,2.0,CLEAR,1.0,DRY,N,5.0,LOCAL STREET,2.0,COLLISION WITH BICYCLE,9.0,SINGLE VEHICLE,06,STRAIGHT & LEVEL,2.0,DAYLIGHT,,,N,11,37,2016-10-25 11:37:00,38.2531511,-85.7858228,POINT (-85.78582280000001 38.2531511),0
215230,71877332,LOUISVILLE METRO POLICE DEPT,8016091670,AC,56,,,BARRET,AVE  ,,38.2430038,-85.7333386,0.421,10/25/2016,2104,,,,,,,,,,2,1,0,1,2.0,CLEAR,1.0,DRY,N,5.0,LOCAL STREET,37.0,COLLISION WITH BICYCLIST,9.0,SINGLE VEHICLE,06,STRAIGHT & LEVEL,4.0,DARK-HWY LIGHTED/OFF,,,N,21,04,2016-10-25 21:04:00,38.2430038,-85.7333386,POINT (-85.7333386 38.2430038),0
215790,71881259,JEFFERSONTOWN POLICE DEPT,A1064473  ,AC,56,KY1819  ,,BILLTOWN,RD   ,,38.1796485,-85.5712901,8.133,10/31/2016,1518,,ST RENE,RD   ,,,,,,,2,1,0,1,2.0,CLEAR,1.0,DRY,N,7.0,STATE,2.0,COLLISION WITH BICYCLE,9.0,SINGLE VEHICLE,06,STRAIGHT & LEVEL,2.0,DAYLIGHT,,,N,15,18,2016-10-31 15:18:00,38.1796485,-85.5712901,POINT (-85.5712901 38.1796485),0
215851,71882918,LOUISVILLE METRO POLICE DEPT,8016093244,AC,56,,,15TH,ST   ,S ,38.2520451,-85.7759181,1.853,10/31/2016,0658,,MADISON,ST   ,,,,,,,2,1,0,1,2.0,CLEAR,1.0,DRY,N,5.0,LOCAL STREET,2.0,COLLISION WITH BICYCLE,9.0,SINGLE VEHICLE,06,STRAIGHT & LEVEL,1.0,DAWN,,,N,06,58,2016-10-31 06:58:00,38.2520451,-85.7759181,POINT (-85.7759181 38.2520451),0
216054,71882972,LOUISVILLE METRO POLICE DEPT,8016094160,AC,56,US0150  ,,BROADWAY,,E ,38.2449841,-85.74357,3.189,11/2/2016,1830,,HANCOCK,ST   ,,,,,,,2,1,0,1,2.0,CLEAR,1.0,DRY,N,2.0,FEDERAL,2.0,COLLISION WITH BICYCLE,9.0,SINGLE VEHICLE,06,STRAIGHT & LEVEL,3.0,DUSK,,,N,18,30,2016-11-02 18:30:00,38.2449841,-85.74357,POINT (-85.74357000000001 38.2449841),0
216323,71885409,LOUISVILLE METRO POLICE DEPT,8016094883,AC,56,,,GRAFTON HALL,RD   ,,38.1019056,-85.8556033,0.243,11/4/2016,2020,,,,,,,,,,2,1,0,1,2.0,CLEAR,1.0,DRY,N,5.0,LOCAL STREET,37.0,COLLISION WITH BICYCLIST,9.0,SINGLE VEHICLE,06,STRAIGHT & LEVEL,6.0,DARK-HWY NOT LIGHTED,,,N,20,20,2016-11-04 20:20:00,38.1019056,-85.8556033,POINT (-85.8556033 38.1019056),0
216775,71887974,LOUISVILLE METRO POLICE DEPT,8016096210,AC,56,US0031W ,,DIXIE,HWY  ,,38.2175738,-85.7953002,17.234,11/9/2016,0523,,,,,HAROLD,AVE  ,,HARDESTY,AVE  ,2,1,0,1,3.0,CLOUDY,1.0,DRY,Y,2.0,FEDERAL,37.0,COLLISION WITH BICYCLIST,9.0,SINGLE VEHICLE,06,STRAIGHT & LEVEL,5.0,DARK-HWY LIGHTED/ON,,,N,05,23,2016-11-09 05:23:00,38.2175738,-85.7953002,POINT (-85.7953002 38.2175738),0
216921,71890854,LOUISVILLE METRO POLICE DEPT,8016096533,AC,56,KY1865  ,,TAYLOR,BLVD ,,38.1750854,-85.7825678,4.715,11/10/2016,1426,,BROOKLINE,AVE  ,,,,,,,2,1,0,0,2.0,CLEAR,1.0,DRY,Y,7.0,STATE,2.0,COLLISION WITH BICYCLE,9.0,SINGLE VEHICLE,06,STRAIGHT & LEVEL,2.0,DAYLIGHT,,,N,14,26,2016-11-10 14:26:00,38.1750854,-85.7825678,POINT (-85.7825678 38.1750854),0
216928,71891786,LOUISVILLE METRO POLICE DEPT,8016096542,AC,56,,,CAROLINA CROSSINGS,WAY  ,,38.1474234,-85.6600211,0.105,11/10/2016,1700,KY2052  ,SHEPHERDSVILLE,RD   ,,,,,,,2,1,0,1,2.0,CLEAR,1.0,DRY,N,5.0,LOCAL STREET,2.0,COLLISION WITH BICYCLE,9.0,SINGLE VEHICLE,06,STRAIGHT & LEVEL,2.0,DAYLIGHT,,,N,17,00,2016-11-10 17:00:00,38.1474234,-85.6600211,POINT (-85.66002109999999 38.1474234),0
217323,71891849,LOUISVILLE METRO POLICE DEPT,8016097921,AC,56,,,ARTHUR,ST   ,,38.214582,-85.7527229,0.017,11/15/2016,1651,,WARNOCK,ST   ,,,,,,,2,1,0,0,2.0,CLEAR,1.0,DRY,N,5.0,LOCAL STREET,2.0,COLLISION WITH BICYCLE,9.0,SINGLE VEHICLE,06,STRAIGHT & LEVEL,2.0,DAYLIGHT,,,N,16,51,2016-11-15 16:51:00,38.214582,-85.7527229,POINT (-85.75272289999999 38.214582),0
217434,71892550,LOUISVILLE METRO POLICE DEPT,8016098269,AC,56,KY0146  ,,NEW LA GRANGE,RD   ,,38.2581237,-85.6049226,0.913,11/16/2016,1735,,,,,,,,,,2,1,0,0,2.0,CLEAR,1.0,DRY,Y,7.0,STATE,37.0,COLLISION WITH BICYCLIST,9.0,SINGLE VEHICLE,06,STRAIGHT & LEVEL,3.0,DUSK,,,N,17,35,2016-11-16 17:35:00,38.2581237,-85.6049226,POINT (-85.60492259999999 38.2581237),0
217624,71893548,LOUISVILLE METRO POLICE DEPT,8016098749,AC,56,,,ORMSBY,AVE  ,W ,38.2344794,-85.7787864,1.088,11/18/2016,1100,,,,,,,,,,2,1,0,2,2.0,CLEAR,1.0,DRY,N,5.0,LOCAL STREET,37.0,COLLISION WITH BICYCLIST,9.0,SINGLE VEHICLE,04,STRAIGHT & GRADE,2.0,DAYLIGHT,,,N,11,00,2016-11-18 11:00:00,38.2344794,-85.7787864,POINT (-85.7787864 38.2344794),0
218875,71902923,LOUISVILLE METRO POLICE DEPT,8016102611,AC,56,,,ROY WILKINS,AVE  ,,38.2547235,-85.7652871,0.199,12/1/2016,1621,,JEFFERSON,ST   ,,,,,,,2,1,0,1,2.0,CLEAR,1.0,DRY,N,5.0,LOCAL STREET,2.0,COLLISION WITH BICYCLE,9.0,SINGLE VEHICLE,06,STRAIGHT & LEVEL,2.0,DAYLIGHT,,,N,16,21,2016-12-01 16:21:00,38.2547235,-85.7652871,POINT (-85.76528709999999 38.2547235),0
219057,71904657,LOUISVILLE METRO POLICE DEPT,8016102965,AC,56,US0060A ,,EASTERN,PKWY ,,38.2308616,-85.7115486,6.684,12/2/2016,100007,,NORRIS,PL   ,,,,,,,2,1,0,1,3.0,CLOUDY,1.0,DRY,N,2.0,FEDERAL,2.0,COLLISION WITH BICYCLE,9.0,SINGLE VEHICLE,04,STRAIGHT & GRADE,5.0,DARK-HWY LIGHTED/ON,,,N,10,00,2016-12-02 10:00:00,38.2308616,-85.7115486,POINT (-85.7115486 38.2308616),0
219094,71904687,LOUISVILLE METRO POLICE DEPT,8016103108,AC,56,,,BROWNS,LN   ,,38.2306444,-85.6249941,1.952,12/3/2016,0655,,LYNNBROOK,DR   ,,,,,,,2,1,0,1,2.0,CLEAR,1.0,DRY,N,5.0,LOCAL STREET,2.0,COLLISION WITH BICYCLE,9.0,SINGLE VEHICLE,06,STRAIGHT & LEVEL,1.0,DAWN,,,N,06,55,2016-12-03 06:55:00,38.2306444,-85.6249941,POINT (-85.6249941 38.2306444),0
219247,71907175,LOUISVILLE METRO POLICE DEPT,8016103501,AC,56,US0031  ,,CLARK MEMORIAL BRG,,,38.262014,-85.7521029,0.404,12/4/2016,1840,,,,,,,,,,2,1,0,1,6.0,RAINING,5.0,WET,Y,2.0,FEDERAL,37.0,COLLISION WITH BICYCLIST,9.0,SINGLE VEHICLE,06,STRAIGHT & LEVEL,5.0,DARK-HWY LIGHTED/ON,,,N,18,40,2016-12-04 18:40:00,38.262014,-85.7521029,POINT (-85.7521029 38.262014),0
219626,71907812,JEFFERSONTOWN POLICE DEPT,A1266453  ,AC,56,KY1819  ,,WATTERSON,TRL  ,,38.212607,-85.5587841,11.1,12/8/2016,1716,,BUNSEN,WAY  ,,,,,,,2,1,0,1,3.0,CLOUDY,1.0,DRY,N,7.0,STATE,2.0,COLLISION WITH BICYCLE,9.0,SINGLE VEHICLE,01,CURVE & GRADE,3.0,DUSK,,,N,17,16,2016-12-08 17:16:00,38.212607,-85.5587841,POINT (-85.5587841 38.212607),0
221620,71920820,LOUISVILLE METRO POLICE DEPT,8016110249,AC,56,US0150  ,,BROADWAY,,W ,38.2461647,-85.7592896,2.333,12/27/2016,1612,,,,,4TH,ST   ,,5TH,ST   ,2,1,0,0,2.0,CLEAR,1.0,DRY,N,2.0,FEDERAL,37.0,COLLISION WITH BICYCLIST,9.0,SINGLE VEHICLE,06,STRAIGHT & LEVEL,2.0,DAYLIGHT,,,N,16,12,2016-12-27 16:12:00,38.2461647,-85.7592896,POINT (-85.7592896 38.2461647),0
223599,71936918,LOUISVILLE METRO POLICE DEPT,8017005293,AC,56,,,LAMBORNE,BLVD ,,38.1147767,-85.8136114,0.114,1/18/2017,1210,,,,KY0907  ,3RD,ST   ,,SCARBOROUGH,AVE  ,2,1,0,0,3.0,CLOUDY,1.0,DRY,N,5.0,LOCAL STREET,37.0,COLLISION WITH BICYCLIST,9.0,SINGLE VEHICLE,01,CURVE & GRADE,2.0,DAYLIGHT,,,N,12,10,2017-01-18 12:10:00,38.1147767,-85.8136114,POINT (-85.8136114 38.1147767),0
224651,71946806,LOUISVILLE METRO POLICE DEPT,8017009387,AC,56,KY2050  ,,LYNDON,LN   ,,38.2620276,-85.606885,0.267,2/1/2017,2215,,LA GRANGE,RD   ,,,,,,,2,1,0,0,2.0,CLEAR,1.0,DRY,Y,7.0,STATE,2.0,COLLISION WITH BICYCLE,9.0,SINGLE VEHICLE,06,STRAIGHT & LEVEL,5.0,DARK-HWY LIGHTED/ON,,,N,22,15,2017-02-01 22:15:00,38.2620276,-85.606885,POINT (-85.60688500000001 38.2620276),0
224808,71949138,LOUISVILLE METRO POLICE DEPT,8017009649,AC,56,KY1934  ,,GREENBELT,HWY  ,,38.1542255,-85.8854641,4.965,2/3/2017,1959,,,,,DISTRIBUTION,DR   ,,INTERMODAL,DR   ,2,1,0,1,3.0,CLOUDY,1.0,DRY,N,7.0,STATE,37.0,COLLISION WITH BICYCLIST,9.0,SINGLE VEHICLE,06,STRAIGHT & LEVEL,6.0,DARK-HWY NOT LIGHTED,,,N,19,59,2017-02-03 19:59:00,38.1542255,-85.8854641,POINT (-85.88546409999999 38.1542255),0
224979,71949314,LOUISVILLE METRO POLICE DEPT,8017010523,AC,56,US0060A ,,BERRY,BLVD ,,38.1965228,-85.7900272,1.074,2/5/2017,1705,,POWELL,AVE  ,,,,,,,2,1,0,1,2.0,CLEAR,1.0,DRY,N,2.0,FEDERAL,2.0,COLLISION WITH BICYCLE,9.0,SINGLE VEHICLE,06,STRAIGHT & LEVEL,2.0,DAYLIGHT,,,N,17,05,2017-02-05 17:05:00,38.1965228,-85.7900272,POINT (-85.7900272 38.1965228),0
225410,71954323,LOUISVILLE METRO POLICE DEPT,8017011946,AC,56,,,MAIN,ST   ,W ,38.2611499,-85.7973257,0.605,2/10/2017,1435,,28TH,ST   ,,,,,,,2,1,0,1,2.0,CLEAR,1.0,DRY,N,5.0,LOCAL STREET,2.0,COLLISION WITH BICYCLE,9.0,SINGLE VEHICLE,06,STRAIGHT & LEVEL,2.0,DAYLIGHT,,,N,14,35,2017-02-10 14:35:00,38.2611499,-85.7973257,POINT (-85.7973257 38.2611499),0
225432,71954357,LOUISVILLE METRO POLICE DEPT,8017012062,AC,56,,,MARKET,ST   ,W ,38.26196,-85.8141929,1.528,2/10/2017,2123,,39TH,ST   ,,,,,,,2,1,0,1,3.0,CLOUDY,1.0,DRY,N,5.0,LOCAL STREET,2.0,COLLISION WITH BICYCLE,9.0,SINGLE VEHICLE,06,STRAIGHT & LEVEL,5.0,DARK-HWY LIGHTED/ON,,,N,21,23,2017-02-10 21:23:00,38.26196,-85.8141929,POINT (-85.81419289999999 38.26196),0
225463,71954368,LOUISVILLE METRO POLICE DEPT,8017012136,AC,56,US0060  ,,SHELBYVILLE,RD   ,,38.2493432,-85.6133356,5.86,2/11/2017,0543,,OXMOOR,LN   ,,,,,,,2,1,0,0,2.0,CLEAR,1.0,DRY,N,2.0,FEDERAL,2.0,COLLISION WITH BICYCLE,9.0,SINGLE VEHICLE,06,STRAIGHT & LEVEL,5.0,DARK-HWY LIGHTED/ON,,,N,05,43,2017-02-11 05:43:00,38.2493432,-85.6133356,POINT (-85.6133356 38.2493432),0
225605,71955328,LOUISVILLE METRO POLICE DEPT,8017012694,AC,56,US0031E ,,BARDSTOWN,RD   ,,38.2251867,-85.6952328,13.723,2/13/2017,1220,,PRINCETON,DR   ,,,,,,,2,1,0,1,2.0,CLEAR,1.0,DRY,N,2.0,FEDERAL,2.0,COLLISION WITH BICYCLE,9.0,SINGLE VEHICLE,06,STRAIGHT & LEVEL,2.0,DAYLIGHT,,,N,12,20,2017-02-13 12:20:00,38.2251867,-85.6952328,POINT (-85.6952328 38.2251867),0
225895,71959682,LOUISVILLE METRO POLICE DEPT,8017013885,AC,56,KY1020  ,600  ,3RD,ST   ,S ,38.2463502,-85.7567126,12.127,2/17/2017,1234,,,,,,,,,,2,1,0,0,2.0,CLEAR,1.0,DRY,N,7.0,STATE,37.0,COLLISION WITH BICYCLIST,9.0,SINGLE VEHICLE,06,STRAIGHT & LEVEL,2.0,DAYLIGHT,,,N,12,34,2017-02-17 12:34:00,38.2463502,-85.7567126,POINT (-85.7567126 38.2463502),0
226177,71960553,LOUISVILLE METRO POLICE DEPT,8017014779,AC,56,US0150  ,,BROADWAY,,E ,38.2451971,-85.7455919,3.075,2/20/2017,1445,KY0061  ,JACKSON,ST   ,,,,,,,2,1,0,1,2.0,CLEAR,1.0,DRY,N,2.0,FEDERAL,2.0,COLLISION WITH BICYCLE,9.0,SINGLE VEHICLE,06,STRAIGHT & LEVEL,2.0,DAYLIGHT,,,N,14,45,2017-02-20 14:45:00,38.2451971,-85.7455919,POINT (-85.74559189999999 38.2451971),0
227627,71969609,LOUISVILLE METRO POLICE DEPT,8017019063,AC,56,KY1065  ,,OUTER,LOOP ,,38.1263906,-85.7761219,1.028,3/7/2017,1932,KY1865  ,NEW CUT,RD   ,,,,,,,2,1,0,1,3.0,CLOUDY,1.0,DRY,N,7.0,STATE,2.0,COLLISION WITH BICYCLE,9.0,SINGLE VEHICLE,06,STRAIGHT & LEVEL,6.0,DARK-HWY NOT LIGHTED,,,N,19,32,2017-03-07 19:32:00,38.1263906,-85.7761219,POINT (-85.77612190000001 38.1263906),0
227698,71970175,LOUISVILLE METRO POLICE DEPT,8017019297,AC,56,,,28TH,ST   ,S ,38.2555316,-85.797222,0.383,3/8/2017,1558,,MUHAMMAD ALI,BLVD ,,,,,,,2,1,0,0,2.0,CLEAR,1.0,DRY,N,5.0,LOCAL STREET,2.0,COLLISION WITH BICYCLE,9.0,SINGLE VEHICLE,06,STRAIGHT & LEVEL,2.0,DAYLIGHT,,,N,15,58,2017-03-08 15:58:00,38.2555316,-85.797222,POINT (-85.797222 38.2555316),0
228163,71973483,LOUISVILLE METRO POLICE DEPT,8017020465,AC,56,,,MAGNOLIA,AVE  ,W ,38.2287814,-85.7580532,0.09,3/13/2017,0814,KY1020  ,2ND,ST   ,,,,,,,2,1,0,0,2.0,CLEAR,1.0,DRY,N,5.0,LOCAL STREET,2.0,COLLISION WITH BICYCLE,9.0,SINGLE VEHICLE,06,STRAIGHT & LEVEL,2.0,DAYLIGHT,,,N,08,14,2017-03-13 08:14:00,38.2287814,-85.7580532,POINT (-85.75805320000001 38.2287814),0
228696,71976355,LOUISVILLE METRO POLICE DEPT,8017022353,AC,56,KY1142  ,1020 ,PALATKA,RD   ,,38.1521087,-85.7858086,0.917,3/19/2017,2238,,,,,,,,,,2,1,1,0,2.0,CLEAR,1.0,DRY,N,7.0,STATE,37.0,COLLISION WITH BICYCLIST,9.0,SINGLE VEHICLE,04,STRAIGHT & GRADE,5.0,DARK-HWY LIGHTED/ON,,,N,22,38,2017-03-19 22:38:00,38.1521087,-85.7858086,POINT (-85.7858086 38.1521087),0
229020,71978529,LOUISVILLE METRO POLICE DEPT,8017023270,AC,56,KY0155  ,,TAYLORSVILLE,RD   ,,38.221237,-85.648508,14.561,3/23/2017,000008,,,,I 0264  ,I264 E EXIT17A OFF RAMP TO KY155,,,FURMAN,BLVD ,2,1,0,1,2.0,CLEAR,1.0,DRY,N,7.0,STATE,37.0,COLLISION WITH BICYCLIST,9.0,SINGLE VEHICLE,04,STRAIGHT & GRADE,2.0,DAYLIGHT,,,N,00,00,2017-03-23 00:00:00,38.221237,-85.648508,POINT (-85.64850800000001 38.221237),0
229411,71981336,LOUISVILLE METRO POLICE DEPT,8017024513,AC,56,US0031E ,,BARDSTOWN,RD   ,,38.2383992,-85.720946,15.421,3/27/2017,1344,,,,,,,,,,2,1,0,0,02,CLEAR,01,DRY,N,2.0,FEDERAL,37.0,COLLISION WITH BICYCLIST,09,SINGLE VEHICLE,06,STRAIGHT & LEVEL,02,DAYLIGHT,,,N,13,44,2017-03-27 13:44:00,38.2383992,-85.720946,POINT (-85.720946 38.2383992),0
229816,71984718,LOUISVILLE METRO POLICE DEPT,8017025591,AC,56,,,1ST,ST   ,S ,38.2506564,-85.7525097,0.377,3/31/2017,1206,,,,,MUHAMMAD ALI,BLVD ,I 0065,I65 S EXIT136 ON RAMP FROM  S 1ST ST,,2,1,0,1,03,CLOUDY,01,DRY,N,5.0,LOCAL STREET,37.0,COLLISION WITH BICYCLIST,09,SINGLE VEHICLE,06,STRAIGHT & LEVEL,02,DAYLIGHT,,,N,12,06,2017-03-31 12:06:00,38.2506564,-85.7525097,POINT (-85.7525097 38.2506564),0
229854,71986738,LOUISVILLE METRO POLICE DEPT,8017025649,AC,56,US0031E ,,BARDSTOWN,RD   ,,38.2354495,-85.7155869,15.065,3/31/2017,1446,,,,,LONGEST,AVE  ,,BEECHWOOD,AVE  ,2,1,0,1,03,CLOUDY,01,DRY,N,2.0,FEDERAL,37.0,COLLISION WITH BICYCLIST,09,SINGLE VEHICLE,06,STRAIGHT & LEVEL,02,DAYLIGHT,,,N,14,46,2017-03-31 14:46:00,38.2354495,-85.7155869,POINT (-85.71558690000001 38.2354495),0
229915,71988539,SHIVELY POLICE DEPARTMENT,0417000707,AC,56,KY1931  ,,7TH ST,RD   ,,38.2093801,-85.7871292,9.612,4/1/2017,2122,,ARCADE,AVE  ,,,,,,,2,1,0,1,02,CLEAR,01,DRY,Y,7.0,STATE,2.0,COLLISION WITH BICYCLE,09,SINGLE VEHICLE,06,STRAIGHT & LEVEL,05,DARK-HWY LIGHTED/ON,,,N,21,22,2017-04-01 21:22:00,38.2093801,-85.7871292,POINT (-85.7871292 38.2093801),0
230030,71986747,LOUISVILLE METRO POLICE DEPT,8017026247,AC,56,,,PHILLIPS,LN   ,,38.1934249,-85.7397849,0.729,4/3/2017,0535,,FREEDOM,WAY  ,,,,,,,2,1,0,1,02,CLEAR,01,DRY,N,5.0,LOCAL STREET,2.0,COLLISION WITH BICYCLE,09,SINGLE VEHICLE,06,STRAIGHT & LEVEL,05,DARK-HWY LIGHTED/ON,,,N,05,35,2017-04-03 05:35:00,38.1934249,-85.7397849,POINT (-85.7397849 38.1934249),0
230116,71987485,LOUISVILLE METRO POLICE DEPT,8017026728,AC,56,,,BURNETT,AVE  ,E ,38.225721,-85.7468884,0.544,4/4/2017,1908,,HANCOCK,ST   ,,,,,,,2,1,0,1,02,CLEAR,01,DRY,N,5.0,LOCAL STREET,2.0,COLLISION WITH BICYCLE,09,SINGLE VEHICLE,06,STRAIGHT & LEVEL,05,DARK-HWY LIGHTED/ON,,,N,19,08,2017-04-04 19:08:00,38.225721,-85.7468884,POINT (-85.7468884 38.225721),0
230342,71989049,LOUISVILLE METRO POLICE DEPT,8017027558,AC,56,,,TENNY,AVE  ,E ,38.1765693,-85.7627621,0.031,4/7/2017,1645,,,,,HOLLINS,RD   ,,1ST,ST   ,2,1,0,0,02,CLEAR,01,DRY,N,5.0,LOCAL STREET,37.0,COLLISION WITH BICYCLIST,09,SINGLE VEHICLE,06,STRAIGHT & LEVEL,02,DAYLIGHT,,,N,16,45,2017-04-07 16:45:00,38.1765693,-85.7627621,POINT (-85.7627621 38.1765693),0
230378,71989081,LOUISVILLE METRO POLICE DEPT,8017027729,AC,56,,,FLORENCE,AVE  ,W ,38.1910684,-85.7724529,0.478,4/8/2017,1415,,,,,BELLEVUE,AVE  ,,BELLEVUE,AVE  ,2,1,0,0,02,CLEAR,01,DRY,Y,5.0,LOCAL STREET,37.0,COLLISION WITH BICYCLIST,09,SINGLE VEHICLE,06,STRAIGHT & LEVEL,02,DAYLIGHT,,,N,14,15,2017-04-08 14:15:00,38.1910684,-85.7724529,POINT (-85.7724529 38.1910684),0
230421,71993931,ST. MATTHEWS POLICE DEPARTMENT,0317001019,AC,56,KY1447  ,4200 ,WESTPORT,RD   ,,38.2606387,-85.6402639,0.968,4/8/2017,1438,,,,,,,,,,2,1,0,0,02,CLEAR,01,DRY,N,7.0,STATE,37.0,COLLISION WITH BICYCLIST,09,SINGLE VEHICLE,06,STRAIGHT & LEVEL,02,DAYLIGHT,,,N,14,38,2017-04-08 14:38:00,38.2606387,-85.6402639,POINT (-85.64026389999999 38.2606387),0
231450,71995682,LOUISVILLE METRO POLICE DEPT,8017031069,AC,56,US0031E ,,BARDSTOWN,RD   ,,38.2313675,-85.707007,14.5,4/19/2017,00001,,STEVENS,AVE  ,,,,,,,2,1,0,1,02,CLEAR,01,DRY,Y,2.0,FEDERAL,2.0,COLLISION WITH BICYCLE,09,SINGLE VEHICLE,06,STRAIGHT & LEVEL,02,DAYLIGHT,,,N,00,00,2017-04-19 00:00:00,38.2313675,-85.707007,POINT (-85.707007 38.2313675),0
231464,71995649,LOUISVILLE METRO POLICE DEPT,8017030877,AC,56,,,FOX HORN,CIR  ,,38.1629942,-85.8568611,0.075,4/19/2017,0900,,STERLING,DR   ,,,,,,,2,1,0,1,02,CLEAR,01,DRY,N,5.0,LOCAL STREET,2.0,COLLISION WITH BICYCLE,09,SINGLE VEHICLE,06,STRAIGHT & LEVEL,02,DAYLIGHT,,,N,09,00,2017-04-19 09:00:00,38.1629942,-85.8568611,POINT (-85.8568611 38.1629942),0
231552,71996421,LOUISVILLE METRO POLICE DEPT,8017031482,AC,56,KY2052  ,,HIKES,LN   ,,38.1984236,-85.6609371,4.205,4/20/2017,1655,US0031E ,BUECHEL,BYP  ,,,,,,,2,1,0,1,02,CLEAR,01,DRY,N,7.0,STATE,2.0,COLLISION WITH BICYCLE,09,SINGLE VEHICLE,06,STRAIGHT & LEVEL,02,DAYLIGHT,,,N,16,55,2017-04-20 16:55:00,38.1984236,-85.6609371,POINT (-85.6609371 38.1984236),0
231705,71998038,LOUISVILLE METRO POLICE DEPT,8017031755,AC,56,KY1703  ,,BAXTER,AVE  ,,38.2383452,-85.7228154,5.533,4/21/2017,1813,,,,,,,,,,2,1,0,0,02,CLEAR,01,DRY,N,7.0,STATE,37.0,COLLISION WITH BICYCLIST,09,SINGLE VEHICLE,06,STRAIGHT & LEVEL,02,DAYLIGHT,,,N,18,13,2017-04-21 18:13:00,38.2383452,-85.7228154,POINT (-85.7228154 38.2383452),0
232015,71999673,LOUISVILLE METRO POLICE DEPT,8017032504,AC,56,,,GARDEN,DR   ,,38.2486696,-85.6805871,0.001,4/24/2017,1602,US0060A ,LEXINGTON,RD   ,,,,,,,2,1,0,1,02,CLEAR,01,DRY,N,5.0,LOCAL STREET,2.0,COLLISION WITH BICYCLE,09,SINGLE VEHICLE,06,STRAIGHT & LEVEL,02,DAYLIGHT,,,N,16,02,2017-04-24 16:02:00,38.2486696,-85.6805871,POINT (-85.6805871 38.2486696),0
232033,71999680,LOUISVILLE METRO POLICE DEPT,8017032646,AC,56,US0060  ,,FRANKFORT,AVE  ,,38.2557134,-85.7133606,0.351,4/25/2017,0759,,,,,STOLL,AVE  ,,HALDEMAN,AVE  ,2,1,0,0,02,CLEAR,01,DRY,N,2.0,FEDERAL,37.0,COLLISION WITH BICYCLIST,09,SINGLE VEHICLE,06,STRAIGHT & LEVEL,02,DAYLIGHT,,,N,07,59,2017-04-25 07:59:00,38.2557134,-85.7133606,POINT (-85.7133606 38.2557134),0