,MASTER FILE NUMBER,INVESTIGATING AGENCY,LOCAL CODE,COLLISION STATUS CODE,COUNTY NAME,ROADWAY NUMBER,BLOCK/HOUSE #,ROADWAY NAME,ROADWAY SUFFIX,ROADWAY DIRECTION CODE,GPS LATITUDE DECIMAL,GPS LONGITUDE DECIMAL,MILEPOINT DERIVED,COLLISION DATE,COLLISION TIME,INTERSECTION ROADWAY #,INTERSECTION ROADWAY NAME,INTERSECTION ROADWAY SFX,BETWEEN STREET ROADWAY # 1,BETWEEN STREET ROADWAY NAME 1,BETWEEN STREET ROADWAY SFX 1,BETWEEN STREET ROADWAY # 2,BETWEEN STREET ROADWAY NAME 2,BETWEEN STREET ROADWAY SFX 2,UNITS INVOLVED,MOTOR VEHICLES INVOLVED,KILLED,INJURED,WEATHER CODE,WEATHER,ROADWAY CONDITION CODE,ROADWAY CONDITION,HIT & RUN INDICATOR,ROADWAY TYPE CODE,ROADWAY TYPE,DIRECTIONAL ANALYSIS CODE,DIRECTIONAL ANALYSIS,MANNER OF COLLISION CODE,MANNER OF COLLISION,ROADWAY CHARACTER CODE,ROADWAY CHARACTER,LIGHT CONDITION CODE,LIGHT CONDITION,RAMP FROM ROADWAY ID,RAMP TO ROADWAY ID,SECONDARY COLLISION INDICATOR,hour,minute,Date,Latitude,Longitude,geometry,index_right
232896,72005486,LOUISVILLE METRO POLICE DEPT,8017035398,AC,56,US0031W ,,DIXIE,HWY  ,,38.0842392,-85.8806503,6.851,5/4/2017,0819,,,,,,,,,,2,1,0,0,06,RAINING,05,WET,N,2.0,FEDERAL,37.0,COLLISION WITH BICYCLIST,09,SINGLE VEHICLE,06,STRAIGHT & LEVEL,02,DAYLIGHT,,,N,08,19,2017-05-04 08:19:00,38.0842392,-85.8806503,POINT (-85.8806503 38.0842392),0
233077,72009561,LOUISVILLE METRO POLICE DEPT,8017035546,AC,56,KY1703  ,,BAXTER,AVE  ,,38.2372224,-85.7219096,5.441,5/4/2017,1521,,RUFER,AVE  ,,,,,,,2,1,0,0,06,RAINING,05,WET,N,7.0,STATE,2.0,COLLISION WITH BICYCLE,09,SINGLE VEHICLE,06,STRAIGHT & LEVEL,02,DAYLIGHT,,,N,15,21,2017-05-04 15:21:00,38.2372224,-85.7219096,POINT (-85.7219096 38.2372224),0
233492,72008078,LOUISVILLE METRO POLICE DEPT,8017036779,AC,56,KY1931  ,,7TH,ST   ,,38.219866,-85.7776617,10.468,5/8/2017,1301,,,,,,,,,,2,1,0,1,02,CLEAR,01,DRY,N,7.0,STATE,37.0,COLLISION WITH BICYCLIST,09,SINGLE VEHICLE,06,STRAIGHT & LEVEL,02,DAYLIGHT,,,N,13,01,2017-05-08 13:01:00,38.219866,-85.7776617,POINT (-85.7776617 38.219866),0
233516,72008540,LOUISVILLE METRO POLICE DEPT,8017036884,AC,56,,,FENLEY,AVE  ,,38.2550004,-85.6712554,0.078,5/8/2017,1740,,SEMINARY VILLAGE,RD   ,,,,,,,2,1,0,1,02,CLEAR,01,DRY,N,5.0,LOCAL STREET,2.0,COLLISION WITH BICYCLE,09,SINGLE VEHICLE,06,STRAIGHT & LEVEL,02,DAYLIGHT,,,N,17,40,2017-05-08 17:40:00,38.2550004,-85.6712554,POINT (-85.67125540000001 38.2550004),0
233773,72009622,LOUISVILLE METRO POLICE DEPT,8017037852,AC,56,,,CHESTNUT,ST   ,W ,38.2490356,-85.7586892,2.319,5/11/2017,1710,,,,,4TH,ST   ,,5TH,ST   ,2,1,0,0,06,RAINING,05,WET,N,5.0,LOCAL STREET,37.0,COLLISION WITH BICYCLIST,09,SINGLE VEHICLE,06,STRAIGHT & LEVEL,02,DAYLIGHT,,,N,17,10,2017-05-11 17:10:00,38.2490356,-85.7586892,POINT (-85.75868920000001 38.2490356),0
234064,72011092,LOUISVILLE METRO POLICE DEPT,8017038631,AC,56,,2106 ,OAK,ST   ,W ,38.2375187,-85.7907594,1.943,5/14/2017,1105,,,,,,,,,,2,1,0,0,02,CLEAR,01,DRY,N,5.0,LOCAL STREET,37.0,COLLISION WITH BICYCLIST,09,SINGLE VEHICLE,06,STRAIGHT & LEVEL,02,DAYLIGHT,,,N,11,05,2017-05-14 11:05:00,38.2375187,-85.7907594,POINT (-85.7907594 38.2375187),0
234398,72012608,LOUISVILLE METRO POLICE DEPT,8017039761,AC,56,,2633 ,DIXDALE,AVE  ,,38.2220291,-85.7904461,0.34,5/17/2017,00000,,,,,,,,,,2,1,0,0,02,CLEAR,01,DRY,N,5.0,LOCAL STREET,37.0,COLLISION WITH BICYCLIST,09,SINGLE VEHICLE,06,STRAIGHT & LEVEL,02,DAYLIGHT,,,N,00,00,2017-05-17 00:00:00,38.2220291,-85.7904461,POINT (-85.7904461 38.2220291),0
234675,72014504,LOUISVILLE METRO POLICE DEPT,8017040534,AC,56,KY0148  ,,TAYLORSVILLE,RD   ,,38.1889194,-85.4545864,1.238,5/20/2017,1010,,,,,,,,,,2,1,0,1,02,CLEAR,01,DRY,Y,7.0,STATE,37.0,COLLISION WITH BICYCLIST,09,SINGLE VEHICLE,06,STRAIGHT & LEVEL,02,DAYLIGHT,,,N,10,10,2017-05-20 10:10:00,38.1889194,-85.4545864,POINT (-85.4545864 38.1889194),0
234737,72014583,LOUISVILLE METRO POLICE DEPT,8017040809,AC,56,US0031E ,,BARDSTOWN,RD   ,,38.2238062,-85.6887953,13.366,5/21/2017,1400,,DOROTHY,AVE  ,,,,,,,2,1,0,1,03,CLOUDY,01,DRY,N,2.0,FEDERAL,2.0,COLLISION WITH BICYCLE,09,SINGLE VEHICLE,06,STRAIGHT & LEVEL,02,DAYLIGHT,,,N,14,00,2017-05-21 14:00:00,38.2238062,-85.6887953,POINT (-85.6887953 38.2238062),0
234766,72014593,LOUISVILLE METRO POLICE DEPT,8017040831,AC,56,KY1447  ,,WESTPORT,RD   ,,38.3031483,-85.5283342,7.799,5/21/2017,1444,,,,,,,,,,2,1,0,0,03,CLOUDY,01,DRY,Y,7.0,STATE,37.0,COLLISION WITH BICYCLIST,09,SINGLE VEHICLE,06,STRAIGHT & LEVEL,02,DAYLIGHT,,,N,14,44,2017-05-21 14:44:00,38.3031483,-85.5283342,POINT (-85.5283342 38.3031483),0
234801,72016188,LOUISVILLE METRO POLICE DEPT,8017040880,AC,56,,,VIRGINIA,AVE  ,,38.2403825,-85.8253548,1.433,5/21/2017,1819,,43RD,ST   ,,,,,,,2,1,0,1,02,CLEAR,01,DRY,N,5.0,LOCAL STREET,2.0,COLLISION WITH BICYCLE,09,SINGLE VEHICLE,06,STRAIGHT & LEVEL,02,DAYLIGHT,,,N,18,19,2017-05-21 18:19:00,38.2403825,-85.8253548,POINT (-85.8253548 38.2403825),0
235065,72016750,LOUISVILLE METRO POLICE DEPT,8017041829,AC,56,,,GARFIELD,AVE  ,,38.2643276,-85.7869983,0.096,5/24/2017,1815,,,,,,,,,,2,1,0,1,06,RAINING,05,WET,N,5.0,LOCAL STREET,37.0,COLLISION WITH BICYCLIST,09,SINGLE VEHICLE,06,STRAIGHT & LEVEL,02,DAYLIGHT,,,N,18,15,2017-05-24 18:15:00,38.2643276,-85.7869983,POINT (-85.78699829999999 38.2643276),0
235304,72018280,LOUISVILLE METRO POLICE DEPT,8017042411,AC,56,,,CENTRAL,AVE  ,,38.2052784,-85.7666717,0.503,5/26/2017,1530,,,,,,,,,,2,1,0,0,02,CLEAR,01,DRY,N,99.0,NONE OF THE ABOVE,37.0,COLLISION WITH BICYCLIST,09,SINGLE VEHICLE,06,STRAIGHT & LEVEL,02,DAYLIGHT,,,N,15,30,2017-05-26 15:30:00,38.2052784,-85.7666717,POINT (-85.7666717 38.2052784),0
235576,72020180,LOUISVILLE METRO POLICE DEPT,8017043499,AC,56,KY1747  ,,FERN VALLEY,RD   ,,38.1578567,-85.6941618,2.101,5/30/2017,1717,,,,,,,,,,2,1,0,1,02,CLEAR,01,DRY,N,7.0,STATE,37.0,COLLISION WITH BICYCLIST,09,SINGLE VEHICLE,06,STRAIGHT & LEVEL,02,DAYLIGHT,,,N,17,17,2017-05-30 17:17:00,38.1578567,-85.6941618,POINT (-85.6941618 38.1578567),0
235720,72020216,LOUISVILLE METRO POLICE DEPT,8017044122,AC,56,,,SCHNEITER,AVE  ,,38.2051593,-85.7877467,0.345,6/1/2017,1457,,,,,,,,,,2,1,0,0,02,CLEAR,01,DRY,N,5.0,LOCAL STREET,37.0,COLLISION WITH BICYCLIST,09,SINGLE VEHICLE,06,STRAIGHT & LEVEL,01,DAWN,,,N,14,57,2017-06-01 14:57:00,38.2051593,-85.7877467,POINT (-85.7877467 38.2051593),0
235760,72020236,LOUISVILLE METRO POLICE DEPT,8017044210,AC,56,US0031E ,,MARKET,ST   ,E ,38.2531839,-85.7380384,16.936,6/1/2017,1827,,SHELBY,ST   ,,,,,,,2,1,0,0,02,CLEAR,01,DRY,N,2.0,FEDERAL,2.0,COLLISION WITH BICYCLE,09,SINGLE VEHICLE,06,STRAIGHT & LEVEL,02,DAYLIGHT,,,N,18,27,2017-06-01 18:27:00,38.2531839,-85.7380384,POINT (-85.73803839999999 38.2531839),0
235850,72021632,LOUISVILLE METRO POLICE DEPT,8017044453,AC,56,,,DIXIE,HWY  ,,38.2300663,-85.789756,1.369,6/2/2017,1530,,BURNETT,AVE  ,,,,,,,2,1,0,1,02,CLEAR,01,DRY,N,5.0,LOCAL STREET,2.0,COLLISION WITH BICYCLE,09,SINGLE VEHICLE,06,STRAIGHT & LEVEL,02,DAYLIGHT,,,N,15,30,2017-06-02 15:30:00,38.2300663,-85.789756,POINT (-85.789756 38.2300663),0
235992,72021747,LOUISVILLE METRO POLICE DEPT,8017044886,AC,56,,,HAWTHORNE,AVE  ,,38.2215361,-85.6674997,0.575,6/4/2017,1101,,BON AIR,AVE  ,,,,,,,2,1,0,1,02,CLEAR,01,DRY,N,5.0,LOCAL STREET,2.0,COLLISION WITH BICYCLE,09,SINGLE VEHICLE,06,STRAIGHT & LEVEL,02,DAYLIGHT,,,N,11,01,2017-06-04 11:01:00,38.2215361,-85.6674997,POINT (-85.66749969999999 38.2215361),0
236017,72021762,LOUISVILLE METRO POLICE DEPT,8017044961,AC,56,,,4TH,ST   ,S ,38.1993083,-85.7677425,4.005,6/4/2017,1639,,WINN,AVE  ,,,,,,,2,1,0,1,02,CLEAR,01,DRY,N,5.0,LOCAL STREET,2.0,COLLISION WITH BICYCLE,09,SINGLE VEHICLE,03,CURVE & LEVEL,02,DAYLIGHT,,,N,16,39,2017-06-04 16:39:00,38.1993083,-85.7677425,POINT (-85.7677425 38.1993083),0
236035,72023113,LOUISVILLE METRO POLICE DEPT,8017044979,AC,56,,,3RD,ST   ,S ,38.1940915,-85.764955,0.449,6/4/2017,1835,,,,,WHITNEY,AVE  ,,FAIRMONT,AVE  ,2,1,0,0,02,CLEAR,01,DRY,N,5.0,LOCAL STREET,37.0,COLLISION WITH BICYCLIST,09,SINGLE VEHICLE,06,STRAIGHT & LEVEL,02,DAYLIGHT,,,N,18,35,2017-06-04 18:35:00,38.1940915,-85.764955,POINT (-85.764955 38.1940915),0
236081,72022486,LOUISVILLE METRO POLICE DEPT,8017045183,AC,56,,,3RD,ST   ,S ,38.1787997,-85.7667202,1.511,6/5/2017,1404,,KENWOOD,WAY  ,,,,,,,2,1,0,0,02,CLEAR,01,DRY,N,5.0,LOCAL STREET,2.0,COLLISION WITH BICYCLE,09,SINGLE VEHICLE,06,STRAIGHT & LEVEL,02,DAYLIGHT,,,N,14,04,2017-06-05 14:04:00,38.1787997,-85.7667202,POINT (-85.76672019999999 38.1787997),0
236138,72038400,LOUISVILLE METRO POLICE DEPT,8017054203,AC,56,KY0907  ,,3RD,ST   ,,38.1152149,-85.834111,2.151,6/5/2017,2223,,,,,PAGES,LN   ,,HOLIDAY,DR   ,2,1,0,0,02,CLEAR,01,DRY,Y,7.0,STATE,37.0,COLLISION WITH BICYCLIST,09,SINGLE VEHICLE,06,STRAIGHT & LEVEL,06,DARK-HWY NOT LIGHTED,,,N,22,23,2017-06-05 22:23:00,38.1152149,-85.834111,POINT (-85.83411099999999 38.1152149),0
236329,72024104,LOUISVILLE METRO POLICE DEPT,8017046099,AC,56,,,SLEVIN,ST   ,,38.2649334,-85.7905334,0.113,6/8/2017,1345,,,,,,,,,,2,1,0,1,02,CLEAR,01,DRY,N,5.0,LOCAL STREET,37.0,COLLISION WITH BICYCLIST,09,SINGLE VEHICLE,06,STRAIGHT & LEVEL,02,DAYLIGHT,,,N,13,45,2017-06-08 13:45:00,38.2649334,-85.7905334,POINT (-85.7905334 38.2649334),0
236592,72025492,LOUISVILLE METRO POLICE DEPT,8017047011,AC,56,KY1020  ,,3RD,ST   ,S ,38.2016649,-85.7645054,9.238,6/11/2017,2104,,,,,,,,,,2,1,0,1,02,CLEAR,01,DRY,N,7.0,STATE,37.0,COLLISION WITH BICYCLIST,09,SINGLE VEHICLE,06,STRAIGHT & LEVEL,03,DUSK,,,N,21,04,2017-06-11 21:04:00,38.2016649,-85.7645054,POINT (-85.7645054 38.2016649),0
236697,72028950,LOUISVILLE METRO POLICE DEPT,8017047261,AC,56,US0150  ,,BROADWAY,,W ,38.2467655,-85.7651598,2.008,6/12/2017,1700,,8TH,ST   ,,,,,,,2,1,0,1,02,CLEAR,01,DRY,N,2.0,FEDERAL,2.0,COLLISION WITH BICYCLE,09,SINGLE VEHICLE,04,STRAIGHT & GRADE,02,DAYLIGHT,,,N,17,00,2017-06-12 17:00:00,38.2467655,-85.7651598,POINT (-85.76515980000001 38.2467655),0
236890,72027854,LOUISVILLE METRO POLICE DEPT,8017047810,AC,56,,10400,CASA LANDA,DR   ,,38.1061225,-85.8740085,0.098,6/14/2017,1228,,,,,,,,,,2,1,0,1,02,CLEAR,01,DRY,N,5.0,LOCAL STREET,37.0,COLLISION WITH BICYCLIST,09,SINGLE VEHICLE,06,STRAIGHT & LEVEL,02,DAYLIGHT,,,N,12,28,2017-06-14 12:28:00,38.1061225,-85.8740085,POINT (-85.8740085 38.1061225),0
236904,72027309,LOUISVILLE METRO POLICE DEPT,8017048002,AC,56,,,11TH,ST   ,S ,38.2530512,-85.7689626,0.337,6/14/2017,2304,,FISK,CT   ,,,,,,,2,1,0,1,02,CLEAR,01,DRY,N,5.0,LOCAL STREET,2.0,COLLISION WITH BICYCLE,09,SINGLE VEHICLE,06,STRAIGHT & LEVEL,05,DARK-HWY LIGHTED/ON,,,N,23,04,2017-06-14 23:04:00,38.2530512,-85.7689626,POINT (-85.76896259999999 38.2530512),0
237014,72029658,LOUISVILLE METRO POLICE DEPT,8017048194,AC,56,,,ENTERPRISE,DR   ,,38.1477211,-85.7588344,0.039,6/15/2017,1420,KY1020  ,NATIONAL,TPKE ,,,,,,,2,1,0,1,03,CLOUDY,01,DRY,N,5.0,LOCAL STREET,2.0,COLLISION WITH BICYCLE,09,SINGLE VEHICLE,06,STRAIGHT & LEVEL,02,DAYLIGHT,,,N,14,20,2017-06-15 14:20:00,38.1477211,-85.7588344,POINT (-85.7588344 38.1477211),0
237168,72029128,LOUISVILLE METRO POLICE DEPT,8017048844,AC,56,US0150  ,,BROADWAY,,W ,38.2491353,-85.7862138,0.841,6/17/2017,100000,,,,,,,,,,2,1,0,1,02,CLEAR,01,DRY,N,2.0,FEDERAL,37.0,COLLISION WITH BICYCLIST,09,SINGLE VEHICLE,06,STRAIGHT & LEVEL,02,DAYLIGHT,,,N,10,00,2017-06-17 10:00:00,38.2491353,-85.7862138,POINT (-85.7862138 38.2491353),0
237296,72029283,UNIV. OF LOUISVILLE POLICE,R17000452 ,AC,56,KY1020  ,2200 ,3RD,ST   ,S ,38.216431056,-85.761771146,10.043,6/19/2017,0742,,,,,,,,,,2,1,0,1,02,CLEAR,01,DRY,N,7.0,STATE,37.0,COLLISION WITH BICYCLIST,09,SINGLE VEHICLE,06,STRAIGHT & LEVEL,02,DAYLIGHT,,,N,07,42,2017-06-19 07:42:00,38.216431056,-85.761771146,POINT (-85.761771146 38.216431056),0
237528,72032984,LOUISVILLE METRO POLICE DEPT,8017049944,AC,56,KY0864  ,,SHELBY,ST   ,S ,38.2384586,-85.7405865,15.056,6/21/2017,100009,,CALDWELL,ST   ,,,,,,,2,1,0,1,02,CLEAR,01,DRY,N,7.0,STATE,2.0,COLLISION WITH BICYCLE,09,SINGLE VEHICLE,06,STRAIGHT & LEVEL,02,DAYLIGHT,,,N,10,00,2017-06-21 10:00:00,38.2384586,-85.7405865,POINT (-85.74058650000001 38.2384586),0
237787,72033825,LOUISVILLE METRO POLICE DEPT,8017051505,AC,56,,,WAMPUM,AVE  ,W ,38.1864054,-85.7653344,0.182,6/23/2017,0650,,3RD,ST   ,,,,,,,2,1,0,1,02,CLEAR,01,DRY,N,5.0,LOCAL STREET,2.0,COLLISION WITH BICYCLE,09,SINGLE VEHICLE,04,STRAIGHT & GRADE,02,DAYLIGHT,,,N,06,50,2017-06-23 06:50:00,38.1864054,-85.7653344,POINT (-85.7653344 38.1864054),0
238309,72035529,LOUISVILLE METRO POLICE DEPT,8017052525,AC,56,KY0061  ,,JACKSON,ST   ,S ,38.2353261,-85.7472948,11.616,6/29/2017,2217,,SAINT CATHERINE,ST   ,,,,,,,2,1,0,1,02,CLEAR,01,DRY,N,7.0,STATE,2.0,COLLISION WITH BICYCLE,09,SINGLE VEHICLE,06,STRAIGHT & LEVEL,06,DARK-HWY NOT LIGHTED,,,N,22,17,2017-06-29 22:17:00,38.2353261,-85.7472948,POINT (-85.74729480000001 38.2353261),0
238411,72036680,LOUISVILLE METRO POLICE DEPT,8017052715,AC,56,KY1020  ,,3RD,ST   ,S ,38.2075376,-85.7634575,9.675,6/30/2017,1522,,IOWA,AVE  ,,,,,,,2,1,0,1,02,CLEAR,01,DRY,N,7.0,STATE,2.0,COLLISION WITH BICYCLE,09,SINGLE VEHICLE,06,STRAIGHT & LEVEL,02,DAYLIGHT,,,N,15,22,2017-06-30 15:22:00,38.2075376,-85.7634575,POINT (-85.7634575 38.2075376),0
238416,72036691,LOUISVILLE METRO POLICE DEPT,8017052753,AC,56,,,PATTON,CT   ,,38.2248253,-85.777717,0.225,6/30/2017,1700,,,,,,,,,,2,1,0,1,02,CLEAR,01,DRY,N,5.0,LOCAL STREET,37.0,COLLISION WITH BICYCLIST,09,SINGLE VEHICLE,06,STRAIGHT & LEVEL,02,DAYLIGHT,,,N,17,00,2017-06-30 17:00:00,38.2248253,-85.777717,POINT (-85.777717 38.2248253),0
238619,72037748,LOUISVILLE METRO POLICE DEPT,8017053580,AC,56,I 0065  ,,I65 S,,,38.1058538,-85.7013088,124.526,7/3/2017,2028,,,,,,,,,,2,1,0,1,02,CLEAR,01,DRY,N,4.0,INTERSTATE,37.0,COLLISION WITH BICYCLIST,09,SINGLE VEHICLE,06,STRAIGHT & LEVEL,02,DAYLIGHT,,,N,20,28,2017-07-03 20:28:00,38.1058538,-85.7013088,POINT (-85.70130880000001 38.1058538),0
238908,72040239,LOUISVILLE METRO POLICE DEPT,8017054491,AC,56,US0060A ,,TAYLOR,BLVD ,,38.2001966,-85.7825663,1.759,7/6/2017,1600,,,,,,,,,,2,1,0,1,02,CLEAR,01,DRY,N,2.0,FEDERAL,37.0,COLLISION WITH BICYCLIST,09,SINGLE VEHICLE,06,STRAIGHT & LEVEL,02,DAYLIGHT,,,N,16,00,2017-07-06 16:00:00,38.2001966,-85.7825663,POINT (-85.7825663 38.2001966),0
239015,72040313,LOUISVILLE METRO POLICE DEPT,8017054917,AC,56,US0060  ,,SHELBYVILLE,RD   ,,38.2485657,-85.5313291,10.396,7/7/2017,2335,,EVERGREEN,RD   ,,,,,,,2,1,0,1,03,CLOUDY,05,WET,N,2.0,FEDERAL,2.0,COLLISION WITH BICYCLE,09,SINGLE VEHICLE,06,STRAIGHT & LEVEL,05,DARK-HWY LIGHTED/ON,,,N,23,35,2017-07-07 23:35:00,38.2485657,-85.5313291,POINT (-85.53132909999999 38.2485657),0
239175,72040976,LOUISVILLE METRO POLICE DEPT,8017055455,AC,56,US0060  ,,FRANKFORT,AVE  ,,38.2546609,-85.7100339,0.546,7/10/2017,1045,,,,,,,,,,2,1,0,0,02,CLEAR,01,DRY,N,2.0,FEDERAL,37.0,COLLISION WITH BICYCLIST,09,SINGLE VEHICLE,06,STRAIGHT & LEVEL,02,DAYLIGHT,,,N,10,45,2017-07-10 10:45:00,38.2546609,-85.7100339,POINT (-85.7100339 38.2546609),0
239244,72041665,LOUISVILLE METRO POLICE DEPT,8017055796,AC,56,,4200 ,MEDALLION,CT   ,,38.1667757,-85.6815594,0.012,7/11/2017,1308,,,,,,,,,,2,1,0,0,02,CLEAR,01,DRY,N,99.0,NONE OF THE ABOVE,37.0,COLLISION WITH BICYCLIST,09,SINGLE VEHICLE,06,STRAIGHT & LEVEL,02,DAYLIGHT,,,N,13,08,2017-07-11 13:08:00,38.1667757,-85.6815594,POINT (-85.6815594 38.1667757),0
239287,72041686,LOUISVILLE METRO POLICE DEPT,8017055865,AC,56,,,NORRIS,PL   ,,38.22808,-85.709352,0.301,7/11/2017,1637,,BONNYCASTLE,AVE  ,,,,,,,2,1,0,0,03,CLOUDY,01,DRY,N,5.0,LOCAL STREET,2.0,COLLISION WITH BICYCLE,09,SINGLE VEHICLE,06,STRAIGHT & LEVEL,02,DAYLIGHT,,,N,16,37,2017-07-11 16:37:00,38.22808,-85.709352,POINT (-85.709352 38.22808),0
239304,72042825,LOUISVILLE METRO POLICE DEPT,8017055873,AC,56,KY3082  ,,BANK,ST   ,,38.2683044,-85.7881387,1.26,7/11/2017,1700,,,,,,,,,,2,1,0,0,02,CLEAR,01,DRY,N,7.0,STATE,37.0,COLLISION WITH BICYCLIST,09,SINGLE VEHICLE,06,STRAIGHT & LEVEL,02,DAYLIGHT,,,N,17,00,2017-07-11 17:00:00,38.2683044,-85.7881387,POINT (-85.7881387 38.2683044),0
239429,72042715,LOUISVILLE METRO POLICE DEPT,8017056338,AC,56,KY1020  ,,2ND,ST   ,S ,38.2217074,-85.7593105,10.416,7/13/2017,0900,,BLOOM,ST   ,,,,,,,2,1,0,1,02,CLEAR,01,DRY,N,7.0,STATE,2.0,COLLISION WITH BICYCLE,09,SINGLE VEHICLE,06,STRAIGHT & LEVEL,02,DAYLIGHT,,,N,09,00,2017-07-13 09:00:00,38.2217074,-85.7593105,POINT (-85.7593105 38.2217074),0
239489,72044135,LOUISVILLE METRO POLICE DEPT,8017056302,AC,56,US0031E ,,BARDSTOWN,RD   ,,38.1789809,-85.6227626,8.43,7/13/2017,0150,,,,,WATTERSON,TRL  ,,WATTERSON,TRL  ,2,1,1,0,03,CLOUDY,01,DRY,N,2.0,FEDERAL,37.0,COLLISION WITH BICYCLIST,09,SINGLE VEHICLE,06,STRAIGHT & LEVEL,06,DARK-HWY NOT LIGHTED,,,N,01,50,2017-07-13 01:50:00,38.1789809,-85.6227626,POINT (-85.6227626 38.1789809),0
239532,72044163,LOUISVILLE METRO POLICE DEPT,8017056806,AC,56,,,YORK,ST   ,,38.2442458,-85.7587689,0.36,7/14/2017,1545,,,,,,,,,,2,1,0,1,02,CLEAR,01,DRY,Y,5.0,LOCAL STREET,37.0,COLLISION WITH BICYCLIST,09,SINGLE VEHICLE,06,STRAIGHT & LEVEL,02,DAYLIGHT,,,N,15,45,2017-07-14 15:45:00,38.2442458,-85.7587689,POINT (-85.75876890000001 38.2442458),0
239693,72044280,LOUISVILLE METRO POLICE DEPT,8017057351,AC,56,,,MACON,AVE  ,,38.2520273,-85.6597745,0.004,7/16/2017,1954,US0060A ,LEXINGTON,RD   ,,,,,,,2,1,0,1,02,CLEAR,01,DRY,N,5.0,LOCAL STREET,2.0,COLLISION WITH BICYCLE,09,SINGLE VEHICLE,06,STRAIGHT & LEVEL,02,DAYLIGHT,,,N,19,54,2017-07-16 19:54:00,38.2520273,-85.6597745,POINT (-85.6597745 38.2520273),0
239838,72045494,LOUISVILLE METRO POLICE DEPT,8017057823,AC,56,,,16TH,ST   ,S ,38.2485802,-85.7781855,0.734,7/18/2017,1100,US0150  ,BROADWAY,,,,,,,,2,1,0,1,02,CLEAR,01,DRY,N,5.0,LOCAL STREET,2.0,COLLISION WITH BICYCLE,09,SINGLE VEHICLE,06,STRAIGHT & LEVEL,02,DAYLIGHT,,,N,11,00,2017-07-18 11:00:00,38.2485802,-85.7781855,POINT (-85.77818550000001 38.2485802),0
239971,72046185,JEFFERSONTOWN POLICE DEPT,A0771223  ,AC,56,,9800 ,LINN STATION,RD   ,,38.2279022,-85.5752596,1.272,7/20/2017,000008,,,,,,,,,,2,1,0,1,03,CLOUDY,01,DRY,N,5.0,LOCAL STREET,37.0,COLLISION WITH BICYCLIST,09,SINGLE VEHICLE,06,STRAIGHT & LEVEL,02,DAYLIGHT,,,N,00,00,2017-07-20 00:00:00,38.2279022,-85.5752596,POINT (-85.5752596 38.2279022),0
240759,72052243,LOUISVILLE METRO POLICE DEPT,8017061206,AC,56,,,HIKES,LN   ,,38.2166879,-85.6311141,2.86,7/28/2017,2105,,EL PATIO,PL   ,,,,,,,2,1,0,1,02,CLEAR,01,DRY,N,5.0,LOCAL STREET,2.0,COLLISION WITH BICYCLE,09,SINGLE VEHICLE,06,STRAIGHT & LEVEL,05,DARK-HWY LIGHTED/ON,,,N,21,05,2017-07-28 21:05:00,38.2166879,-85.6311141,POINT (-85.6311141 38.2166879),0
240818,72052268,LOUISVILLE METRO POLICE DEPT,8017061363,AC,56,KY1020  ,,SOUTHERN,PKWY ,,38.1841092,-85.7675946,8.001,7/29/2017,1319,,WELLINGTON,AVE  ,,,,,,,2,1,0,1,02,CLEAR,01,DRY,N,7.0,STATE,2.0,COLLISION WITH BICYCLE,09,SINGLE VEHICLE,03,CURVE & LEVEL,02,DAYLIGHT,,,N,13,19,2017-07-29 13:19:00,38.1841092,-85.7675946,POINT (-85.7675946 38.1841092),0
240903,72052320,LOUISVILLE METRO POLICE DEPT,8017061625,AC,56,,,CHESTNUT,ST   ,W ,38.2495076,-85.7628548,2.09,7/30/2017,1320,,,,,,,,,,2,1,0,0,02,CLEAR,01,DRY,N,5.0,LOCAL STREET,37.0,COLLISION WITH BICYCLIST,09,SINGLE VEHICLE,06,STRAIGHT & LEVEL,02,DAYLIGHT,,,N,13,20,2017-07-30 13:20:00,38.2495076,-85.7628548,POINT (-85.7628548 38.2495076),0
240911,72052328,LOUISVILLE METRO POLICE DEPT,8017061653,AC,56,US0031W ,,MAIN,ST   ,W ,38.2569983,-85.7598679,21.748,7/30/2017,1545,,6TH,ST   ,,,,,,,2,1,0,0,02,CLEAR,01,DRY,N,2.0,FEDERAL,2.0,COLLISION WITH BICYCLE,09,SINGLE VEHICLE,04,STRAIGHT & GRADE,02,DAYLIGHT,,,N,15,45,2017-07-30 15:45:00,38.2569983,-85.7598679,POINT (-85.7598679 38.2569983),0
241218,72060226,LOUISVILLE METRO POLICE DEPT,8017062644,AC,56,,,KESWICK,BLVD ,,38.217252,-85.7372792,0.399,8/2/2017,2000,,,,,,,,,,3,2,0,0,02,CLEAR,01,DRY,N,5.0,LOCAL STREET,37.0,COLLISION WITH BICYCLIST,01,ANGLE,06,STRAIGHT & LEVEL,03,DUSK,,,N,20,00,2017-08-02 20:00:00,38.217252,-85.7372792,POINT (-85.7372792 38.217252),0