,MASTER FILE NUMBER,INVESTIGATING AGENCY,LOCAL CODE,COLLISION STATUS CODE,COUNTY NAME,ROADWAY NUMBER,BLOCK/HOUSE #,ROADWAY NAME,ROADWAY SUFFIX,ROADWAY DIRECTION CODE,GPS LATITUDE DECIMAL,GPS LONGITUDE DECIMAL,MILEPOINT DERIVED,COLLISION DATE,COLLISION TIME,INTERSECTION ROADWAY #,INTERSECTION ROADWAY NAME,INTERSECTION ROADWAY SFX,BETWEEN STREET ROADWAY # 1,BETWEEN STREET ROADWAY NAME 1,BETWEEN STREET ROADWAY SFX 1,BETWEEN STREET ROADWAY # 2,BETWEEN STREET ROADWAY NAME 2,BETWEEN STREET ROADWAY SFX 2,UNITS INVOLVED,MOTOR VEHICLES INVOLVED,KILLED,INJURED,WEATHER CODE,WEATHER,ROADWAY CONDITION CODE,ROADWAY CONDITION,HIT & RUN INDICATOR,ROADWAY TYPE CODE,ROADWAY TYPE,DIRECTIONAL ANALYSIS CODE,DIRECTIONAL ANALYSIS,MANNER OF COLLISION CODE,MANNER OF COLLISION,ROADWAY CHARACTER CODE,ROADWAY CHARACTER,LIGHT CONDITION CODE,LIGHT CONDITION,RAMP FROM ROADWAY ID,RAMP TO ROADWAY ID,SECONDARY COLLISION INDICATOR,hour,minute,Date,Latitude,Longitude,geometry,index_right
241296,72054917,LOUISVILLE METRO POLICE DEPT,8017062930,AC,56,,,JEFFERSON,ST   ,W ,38.2579278,-85.7939338,2.3,8/3/2017,1843,,26TH,ST   ,,,,,,,2,1,0,1,02,CLEAR,01,DRY,N,5.0,LOCAL STREET,2.0,COLLISION WITH BICYCLE,09,SINGLE VEHICLE,06,STRAIGHT & LEVEL,02,DAYLIGHT,,,N,18,43,2017-08-03 18:43:00,38.2579278,-85.7939338,POINT (-85.7939338 38.2579278),0
241322,72059705,SHIVELY POLICE DEPARTMENT,04-17-0017,AC,56,        ,     ,FARNSLEY,RD   ,  ,38.203144723,-85.828061658,1.428,8/3/2017,1835,        ,RIEDLEY,RD   ,,,,,,,2,1,1,0,02,CLEAR,01,DRY,N,5.0,LOCAL STREET,2.0,COLLISION WITH BICYCLE,09,SINGLE VEHICLE,06,STRAIGHT & LEVEL,02,DAYLIGHT,,,N,18,35,2017-08-03 18:35:00,38.203144723,-85.828061658,POINT (-85.828061658 38.203144723),0
241346,72056616,LOUISVILLE METRO POLICE DEPT,8017063096,AC,56,US0031E ,,BARDSTOWN,RD   ,,38.2365487,-85.7176138,15.199,8/4/2017,1145,,BEECHWOOD,AVE  ,,,,,,,2,1,0,0,03,CLOUDY,01,DRY,N,2.0,FEDERAL,2.0,COLLISION WITH BICYCLE,09,SINGLE VEHICLE,06,STRAIGHT & LEVEL,02,DAYLIGHT,,,N,11,45,2017-08-04 11:45:00,38.2365487,-85.7176138,POINT (-85.7176138 38.2365487),0
241994,72060302,LOUISVILLE METRO POLICE DEPT,8017065183,AC,56,US0031E ,,BARDSTOWN,RD   ,,38.2245214,-85.6938729,13.637,8/11/2017,1732,,DOUGLASS,BLVD ,,,,,,,2,1,0,1,03,CLOUDY,01,DRY,N,2.0,FEDERAL,2.0,COLLISION WITH BICYCLE,09,SINGLE VEHICLE,06,STRAIGHT & LEVEL,02,DAYLIGHT,,,N,17,32,2017-08-11 17:32:00,38.2245214,-85.6938729,POINT (-85.6938729 38.2245214),0
242036,72060320,LOUISVILLE METRO POLICE DEPT,8017065244,AC,56,KY1142  ,,PALATKA,RD   ,,38.1538186,-85.7946866,0.416,8/11/2017,2154,,,,,,,,,,2,1,0,1,02,CLEAR,01,DRY,N,7.0,STATE,37.0,COLLISION WITH BICYCLIST,09,SINGLE VEHICLE,03,CURVE & LEVEL,06,DARK-HWY NOT LIGHTED,,,N,21,54,2017-08-11 21:54:00,38.1538186,-85.7946866,POINT (-85.79468660000001 38.1538186),0
242068,72060221,LOUISVILLE METRO POLICE DEPT,8017-65364,AC,56,KY1932  ,,CHENOWETH,LN   ,,38.2652776,-85.6654869,6.548,8/12/2017,1238,,,,US0042  ,BROWNSBORO,RD   ,,OLYMPIC,AVE  ,2,1,0,0,02,CLEAR,01,DRY,N,7.0,STATE,37.0,COLLISION WITH BICYCLIST,09,SINGLE VEHICLE,06,STRAIGHT & LEVEL,02,DAYLIGHT,,,N,12,38,2017-08-12 12:38:00,38.2652776,-85.6654869,POINT (-85.6654869 38.2652776),0
242120,72061907,LOUISVILLE METRO POLICE DEPT,8017065364,AC,56,KY1932  ,     ,CHENOWETH,LN   ,  ,38.2652776,-85.6654869,6.548,8/12/2017,1238,,,,US0042  ,BROWNSBORO,RD   ,,OLYMPIC,AVE  ,2,1,0,0,02,CLEAR,01,DRY,N,7.0,STATE,37.0,COLLISION WITH BICYCLIST,09,SINGLE VEHICLE,06,STRAIGHT & LEVEL,02,DAYLIGHT,,,N,12,38,2017-08-12 12:38:00,38.2652776,-85.6654869,POINT (-85.6654869 38.2652776),0
242143,72060389,LOUISVILLE METRO POLICE DEPT,8017065611,RE,56,,,POPE LICK,RD   ,S ,38.21972,-85.5079058,2.745,8/13/2017,1251,,,,,,,,,,2,2,0,1,02,CLEAR,01,DRY,N,1.0,COUNTY ROAD,37.0,COLLISION WITH BICYCLIST,05,REAR END,06,STRAIGHT & LEVEL,02,DAYLIGHT,,,N,12,51,2017-08-13 12:51:00,38.21972,-85.5079058,POINT (-85.5079058 38.21972),0
242305,72060975,LOUISVILLE METRO POLICE DEPT,8017066089,AC,56,KY0864  ,,POPLAR LEVEL,RD   ,,38.171553,-85.6847956,9.226,8/15/2017,0635,,INDIAN,TRL  ,,,,,,,2,1,0,0,02,CLEAR,01,DRY,N,7.0,STATE,2.0,COLLISION WITH BICYCLE,09,SINGLE VEHICLE,06,STRAIGHT & LEVEL,01,DAWN,,,N,06,35,2017-08-15 06:35:00,38.171553,-85.6847956,POINT (-85.6847956 38.171553),0
242820,72079657,LOUISVILLE METRO POLICE DEPT,8017067547,AC,56,US0031W ,     ,DIXIE,HWY  ,  ,38.0856908,-85.8797836,6.961,8/19/2017,1750,        ,FLOWERVALE,LN   ,,,,,,,2,1,0,1,02,CLEAR,01,DRY,N,2.0,FEDERAL,2.0,COLLISION WITH BICYCLE,09,SINGLE VEHICLE,06,STRAIGHT & LEVEL,02,DAYLIGHT,,,N,17,50,2017-08-19 17:50:00,38.0856908,-85.8797836,POINT (-85.8797836 38.0856908),0
242893,72076245,LOUISVILLE METRO POLICE DEPT,8017067814,AC,56,US0150  ,     ,BROADWAY,     ,E ,38.2449707,-85.7437234,3.18,8/20/2017,2052,,,,,,,,,,2,1,0,0,02,CLEAR,01,DRY,N,2.0,FEDERAL,37.0,COLLISION WITH BICYCLIST,09,SINGLE VEHICLE,06,STRAIGHT & LEVEL,05,DARK-HWY LIGHTED/ON,,,N,20,52,2017-08-20 20:52:00,38.2449707,-85.7437234,POINT (-85.74372339999999 38.2449707),0
242940,72072121,LOUISVILLE METRO POLICE DEPT,8017067992,AC,56,        ,     ,HILL,ST   ,W ,38.2259287,-85.761116,0.23,8/21/2017,1327,,,,KY1020  ,3RD,ST   ,,4TH,ST   ,2,1,0,1,02,CLEAR,01,DRY,N,5.0,LOCAL STREET,37.0,COLLISION WITH BICYCLIST,09,SINGLE VEHICLE,06,STRAIGHT & LEVEL,02,DAYLIGHT,,,N,13,27,2017-08-21 13:27:00,38.2259287,-85.761116,POINT (-85.761116 38.2259287),0
242968,72072144,LOUISVILLE METRO POLICE DEPT,8017068116,AC,56,        ,     ,MUD,LN   ,  ,38.088146,-85.6782821,0.897,8/21/2017,2220,,,,        ,ELDA,DR   ,,BROOKLEY,DR   ,2,1,0,0,02,CLEAR,01,DRY,N,5.0,LOCAL STREET,37.0,COLLISION WITH BICYCLIST,09,SINGLE VEHICLE,06,STRAIGHT & LEVEL,04,DARK-HWY LIGHTED/OFF,,,N,22,20,2017-08-21 22:20:00,38.088146,-85.6782821,POINT (-85.6782821 38.088146),0
243315,72073833,LOUISVILLE METRO POLICE DEPT,8017069190,AC,56,US0031W ,     ,DIXIE,HWY  ,  ,38.1293826,-85.8484052,10.438,8/25/2017,1139,,,,        ,PAGES,LN   ,,STEPHAN,DR   ,2,1,0,1,02,CLEAR,01,DRY,N,2.0,FEDERAL,37.0,COLLISION WITH BICYCLIST,09,SINGLE VEHICLE,06,STRAIGHT & LEVEL,02,DAYLIGHT,,,N,11,39,2017-08-25 11:39:00,38.1293826,-85.8484052,POINT (-85.8484052 38.1293826),0
243347,72074742,LOUISVILLE METRO POLICE DEPT,8017069287,AC,56,        ,     ,VETTER,AVE  ,  ,38.2012126,-85.781096,0.043,8/25/2017,1620,,,,        ,QUEEN,AVE  ,,OLEANDA,AVE  ,2,1,0,1,02,CLEAR,01,DRY,N,5.0,LOCAL STREET,37.0,COLLISION WITH BICYCLIST,09,SINGLE VEHICLE,06,STRAIGHT & LEVEL,02,DAYLIGHT,,,N,16,20,2017-08-25 16:20:00,38.2012126,-85.781096,POINT (-85.78109600000001 38.2012126),0
243357,72074734,LOUISVILLE METRO POLICE DEPT,8017069267,AC,56,        ,     ,VETTER,AVE  ,  ,38.2012126,-85.781096,0.043,8/25/2017,1620,,,,        ,QUEEN,AVE  ,,OLEANDA,AVE  ,2,1,0,1,02,CLEAR,01,DRY,N,5.0,LOCAL STREET,37.0,COLLISION WITH BICYCLIST,09,SINGLE VEHICLE,06,STRAIGHT & LEVEL,02,DAYLIGHT,,,N,16,20,2017-08-25 16:20:00,38.2012126,-85.781096,POINT (-85.78109600000001 38.2012126),0
243436,72074815,LOUISVILLE METRO POLICE DEPT,8017069580,AC,56,        ,     ,MONTICELLO,AVE  ,  ,38.1893223,-85.6609316,0.062,8/26/2017,2130,        ,SHELTON,AVE  ,,,,,,,2,1,0,1,02,CLEAR,01,DRY,N,5.0,LOCAL STREET,2.0,COLLISION WITH BICYCLE,09,SINGLE VEHICLE,03,CURVE & LEVEL,03,DUSK,,,N,21,30,2017-08-26 21:30:00,38.1893223,-85.6609316,POINT (-85.6609316 38.1893223),0
243506,72074843,LOUISVILLE METRO POLICE DEPT,8017069709,AC,56,        ,     ,BROOK,ST   ,N ,38.2567893,-85.7497765,0.062,8/27/2017,1330,,,,        ,WASHINGTON,ST   ,,WITHERSPOON,ST   ,2,1,0,0,02,CLEAR,01,DRY,Y,5.0,LOCAL STREET,37.0,COLLISION WITH BICYCLIST,09,SINGLE VEHICLE,06,STRAIGHT & LEVEL,02,DAYLIGHT,,,N,13,30,2017-08-27 13:30:00,38.2567893,-85.7497765,POINT (-85.7497765 38.2567893),0
243527,72074856,LOUISVILLE METRO POLICE DEPT,8017069782,AC,56,        ,     ,INDIAN,TRL  ,E ,38.170769,-85.6882994,1.013,8/27/2017,1847,,,,,,,,,,2,1,0,1,02,CLEAR,01,DRY,N,5.0,LOCAL STREET,37.0,COLLISION WITH BICYCLIST,09,SINGLE VEHICLE,06,STRAIGHT & LEVEL,02,DAYLIGHT,,,N,18,47,2017-08-27 18:47:00,38.170769,-85.6882994,POINT (-85.68829940000001 38.170769),0
243699,72078164,LOUISVILLE METRO POLICE DEPT,8017070330,AC,56,        ,     ,YORK,ST   ,  ,38.2442003,-85.7586613,0.366,8/29/2017,1619,        ,LIBRARY,PL   ,,,,,,,2,1,0,1,03,CLOUDY,01,DRY,Y,5.0,LOCAL STREET,2.0,COLLISION WITH BICYCLE,09,SINGLE VEHICLE,04,STRAIGHT & GRADE,02,DAYLIGHT,,,N,16,19,2017-08-29 16:19:00,38.2442003,-85.7586613,POINT (-85.7586613 38.2442003),0
244257,72078603,UNIV. OF LOUISVILLE POLICE,R17000663 ,AC,56,        ,430  ,CARDINAL,BLVD ,W ,38.221120326,-85.764599772,0.348,9/4/2017,2000,,,,,,,,,,2,1,0,0,02,CLEAR,01,DRY,Y,99.0,NONE OF THE ABOVE,37.0,COLLISION WITH BICYCLIST,09,SINGLE VEHICLE,03,CURVE & LEVEL,05,DARK-HWY LIGHTED/ON,,,N,20,00,2017-09-04 20:00:00,38.221120326,-85.764599772,POINT (-85.764599772 38.221120326),0
245032,72082612,ST. MATTHEWS POLICE DEPARTMENT,0317002771,AC,56,        ,     ,HUBBARDS,LN   ,S ,38.251579946,-85.640000371,0.005,9/13/2017,1655,,,,,,,,,,2,2,0,0,06,RAINING,05,WET,N,5.0,LOCAL STREET,37.0,COLLISION WITH BICYCLIST,01,ANGLE,06,STRAIGHT & LEVEL,02,DAYLIGHT,,,N,16,55,2017-09-13 16:55:00,38.251579946,-85.640000371,POINT (-85.640000371 38.251579946),0
245433,72084192,JEFFERSONTOWN POLICE DEPT,A0974344  ,AC,56,KY0155  ,9410 ,TAYLORSVILLE,RD   ,  ,38.207532972,-85.58307099,10.688,9/16/2017,1451,,,,,,,,,,2,1,0,1,02,CLEAR,01,DRY,N,7.0,STATE,37.0,COLLISION WITH BICYCLIST,09,SINGLE VEHICLE,06,STRAIGHT & LEVEL,02,DAYLIGHT,,,N,14,51,2017-09-16 14:51:00,38.207532972,-85.58307099,POINT (-85.58307099 38.207532972),0
245436,72084265,SHIVELY POLICE DEPARTMENT,04-17-0020,AC,56,US0031W ,3200 ,DIXIE,HWY  ,  ,38.20399161,-85.800293154,16.237,9/16/2017,1618,,,,        ,CLINTON,PL   ,,GILLETTE,AVE  ,2,1,0,1,02,CLEAR,01,DRY,Y,5.0,LOCAL STREET,37.0,COLLISION WITH BICYCLIST,09,SINGLE VEHICLE,06,STRAIGHT & LEVEL,02,DAYLIGHT,,,N,16,18,2017-09-16 16:18:00,38.20399161,-85.800293154,POINT (-85.800293154 38.20399161),0
245661,72085887,LOUISVILLE METRO POLICE DEPT,8017076499,AC,56,KY0061  ,634  ,PRESTON,ST   ,S ,38.2469436,-85.7473397,12.372,9/19/2017,100005,,,,,,,,,,2,1,0,1,02,CLEAR,01,DRY,N,7.0,STATE,37.0,COLLISION WITH BICYCLIST,09,SINGLE VEHICLE,06,STRAIGHT & LEVEL,02,DAYLIGHT,,,N,10,00,2017-09-19 10:00:00,38.2469436,-85.7473397,POINT (-85.7473397 38.2469436),0
246334,72094575,LOUISVILLE METRO POLICE DEPT,8017080708,AC,56,        ,     ,PINOAK VIEW,DR   ,  ,38.1858223,-85.5619645,0.223,9/26/2017,1900,,,,,,,,,,2,1,0,0,02,CLEAR,01,DRY,N,5.0,LOCAL STREET,37.0,COLLISION WITH BICYCLIST,09,SINGLE VEHICLE,06,STRAIGHT & LEVEL,03,DUSK,,,N,19,00,2017-09-26 19:00:00,38.1858223,-85.5619645,POINT (-85.5619645 38.1858223),0
246495,72089842,ST. MATTHEWS POLICE DEPARTMENT,0317002923,AC,56,        ,     ,HUBBARDS,LN   ,S ,38.250442317,-85.640156352,0.084,9/28/2017,1656,,,,US0060  ,SHELBYVILLE,RD   ,,NORBOURNE,BLVD ,2,1,0,0,02,CLEAR,01,DRY,N,99.0,NONE OF THE ABOVE,37.0,COLLISION WITH BICYCLIST,09,SINGLE VEHICLE,06,STRAIGHT & LEVEL,02,DAYLIGHT,,,N,16,56,2017-09-28 16:56:00,38.250442317,-85.640156352,POINT (-85.64015635200001 38.250442317),0
246521,72090066,LOUISVILLE METRO POLICE DEPT,8017079263,AC,56,        ,     ,7TH,ST   ,S ,38.2464642,-85.763374,2.023,9/28/2017,1704,US0150  ,BROADWAY,     ,,,,,,,2,1,0,1,02,CLEAR,01,DRY,N,1.0,COUNTY ROAD,2.0,COLLISION WITH BICYCLE,09,SINGLE VEHICLE,06,STRAIGHT & LEVEL,02,DAYLIGHT,,,N,17,04,2017-09-28 17:04:00,38.2464642,-85.763374,POINT (-85.763374 38.2464642),0
246578,72090093,LOUISVILLE METRO POLICE DEPT,8017079392,AC,56,I 0065  ,     ,I65 N EXIT131A OFF RAMP,     ,  ,38.1874864,-85.7264601,0.87,9/29/2017,0423,I 0065  ,I65 N EXIT131A RAMP TO I264 W,     ,,,,,,,2,2,0,0,02,CLEAR,01,DRY,N,4.0,INTERSTATE,2.0,COLLISION WITH BICYCLE,08,SIDESWIPE-SAME DIRECTION,06,STRAIGHT & LEVEL,05,DARK-HWY LIGHTED/ON,,,N,04,23,2017-09-29 04:23:00,38.1874864,-85.7264601,POINT (-85.7264601 38.1874864),0
246612,72091179,LOUISVILLE METRO POLICE DEPT,8017079501,AC,56,US0031E ,     ,MARKET,ST   ,E ,38.2527513,-85.7340378,16.717,9/29/2017,1340,        ,WENZEL,ST   ,,,,,,,2,1,0,1,02,CLEAR,01,DRY,N,2.0,FEDERAL,2.0,COLLISION WITH BICYCLE,09,SINGLE VEHICLE,06,STRAIGHT & LEVEL,02,DAYLIGHT,,,N,13,40,2017-09-29 13:40:00,38.2527513,-85.7340378,POINT (-85.7340378 38.2527513),0
246770,72093189,LOUISVILLE METRO POLICE DEPT,8017079792,AC,56,        ,     ,BLENHEIM,RD   ,  ,38.2561863,-85.6394439,0.224,9/30/2017,1317,        ,HUBBARDS,LN   ,,,,,,,2,1,0,0,02,CLEAR,01,DRY,N,5.0,LOCAL STREET,2.0,COLLISION WITH BICYCLE,09,SINGLE VEHICLE,06,STRAIGHT & LEVEL,02,DAYLIGHT,,,N,13,17,2017-09-30 13:17:00,38.2561863,-85.6394439,POINT (-85.6394439 38.2561863),0
246969,72092238,LOUISVILLE METRO POLICE DEPT,8017080647,AC,56,        ,     ,CRAWFORD,AVE  ,  ,38.1500788,-85.837209,0.009,10/3/2017,1357,US0031W ,DIXIE,HWY  ,,,,,,,2,1,0,1,02,CLEAR,01,DRY,N,5.0,LOCAL STREET,2.0,COLLISION WITH BICYCLE,09,SINGLE VEHICLE,06,STRAIGHT & LEVEL,02,DAYLIGHT,,,N,13,57,2017-10-03 13:57:00,38.1500788,-85.837209,POINT (-85.837209 38.1500788),0
247907,72096682,LOUISVILLE METRO POLICE DEPT,8017083383,AC,56,KY0061  ,     ,PRESTON,HWY  ,  ,38.1643798,-85.7019517,5.946,10/12/2017,1219,,,,        ,VINEWOOD,RD   ,,BENNETT,LN   ,2,1,0,1,03,CLOUDY,01,DRY,N,7.0,STATE,37.0,COLLISION WITH BICYCLIST,09,SINGLE VEHICLE,05,STRAIGHT & HILLCREST,02,DAYLIGHT,,,N,12,19,2017-10-12 12:19:00,38.1643798,-85.7019517,POINT (-85.7019517 38.1643798),0
248266,72098161,SHIVELY POLICE DEPARTMENT,04-17-0023,AC,56,KY2049  ,     ,CRUMS,LN   ,  ,38.195109004,-85.826367793,0.651,10/16/2017,1616,,,,        ,BURRELL,DR   ,,BURRELL,DR   ,2,1,0,1,02,CLEAR,01,DRY,N,7.0,STATE,37.0,COLLISION WITH BICYCLIST,09,SINGLE VEHICLE,06,STRAIGHT & LEVEL,02,DAYLIGHT,,,N,16,16,2017-10-16 16:16:00,38.195109004,-85.826367793,POINT (-85.826367793 38.195109004),0
248871,72101410,LOUISVILLE METRO POLICE DEPT,8017086338,AC,56,KY1020  ,     ,3RD,ST   ,S ,38.2205532,-85.761176,10.323,10/22/2017,1958,        ,CARDINAL,BLVD ,,,,,,,2,1,0,0,02,CLEAR,01,DRY,N,7.0,STATE,2.0,COLLISION WITH BICYCLE,09,SINGLE VEHICLE,06,STRAIGHT & LEVEL,01,DAWN,,,N,19,58,2017-10-22 19:58:00,38.2205532,-85.761176,POINT (-85.76117600000001 38.2205532),0
250061,72108489,LOUISVILLE METRO POLICE DEPT,8017089782,AC,56,US0031W ,     ,DIXIE,HWY  ,  ,38.1301812,-85.8478458,10.501,11/3/2017,100007,        ,PAGES,LN   ,,,,,,,2,1,0,0,02,CLEAR,01,DRY,N,2.0,FEDERAL,2.0,COLLISION WITH BICYCLE,09,SINGLE VEHICLE,06,STRAIGHT & LEVEL,05,DARK-HWY LIGHTED/ON,,,N,10,00,2017-11-03 10:00:00,38.1301812,-85.8478458,POINT (-85.8478458 38.1301812),0
250183,72108587,LOUISVILLE METRO POLICE DEPT,8017090199,AC,56,I 0265  ,     ,I265 S,     ,  ,38.286067,-85.5127418,30.311,11/5/2017,1457,,,,I 0265  ,I265 S EXIT30 ON RAMP FROM KY146,     ,I 0265,I265 S EXIT30 OFF RAMP KY146,     ,2,2,0,0,03,CLOUDY,01,DRY,N,4.0,INTERSTATE,37.0,COLLISION WITH BICYCLIST,05,REAR END,06,STRAIGHT & LEVEL,02,DAYLIGHT,,,N,14,57,2017-11-05 14:57:00,38.286067,-85.5127418,POINT (-85.5127418 38.286067),0
250735,72112234,LOUISVILLE METRO POLICE DEPT,8017091827,AC,56,        ,     ,CHESTNUT,ST   ,W ,38.2485865,-85.7546379,2.542,11/10/2017,1912,KY1020  ,2ND,ST   ,,,,,,,2,1,0,1,02,CLEAR,01,DRY,Y,5.0,LOCAL STREET,2.0,COLLISION WITH BICYCLE,09,SINGLE VEHICLE,06,STRAIGHT & LEVEL,07,DARK (UNKNOWN ROADWAY LIGHTING),,,N,19,12,2017-11-10 19:12:00,38.2485865,-85.7546379,POINT (-85.75463790000001 38.2485865),0
251023,72113289,LOUISVILLE METRO POLICE DEPT,8017092590,AC,56,        ,     ,30TH,ST   ,N ,38.2635249,-85.8002771,0.553,11/13/2017,1810,,,,,,,,,,2,1,0,1,02,CLEAR,01,DRY,Y,5.0,LOCAL STREET,37.0,COLLISION WITH BICYCLIST,09,SINGLE VEHICLE,06,STRAIGHT & LEVEL,06,DARK-HWY NOT LIGHTED,,,N,18,10,2017-11-13 18:10:00,38.2635249,-85.8002771,POINT (-85.8002771 38.2635249),0
251925,72118642,LOUISVILLE METRO POLICE DEPT,8017095219,AC,56,        ,     ,WILSON,AVE  ,  ,38.2301964,-85.8038105,1.679,11/22/2017,1701,        ,HEMLOCK,ST   ,,,,,,,2,1,0,1,02,CLEAR,01,DRY,N,5.0,LOCAL STREET,2.0,COLLISION WITH BICYCLE,09,SINGLE VEHICLE,06,STRAIGHT & LEVEL,02,DAYLIGHT,,,N,17,01,2017-11-22 17:01:00,38.2301964,-85.8038105,POINT (-85.8038105 38.2301964),0
252313,72119780,LOUISVILLE METRO POLICE DEPT,8017096691,AC,56,US0060A ,3340 ,TAYLOR,BLVD ,  ,38.2005066,-85.7825728,1.785,11/28/2017,1539,,,,,,,,,,2,1,0,1,02,CLEAR,01,DRY,N,2.0,FEDERAL,37.0,COLLISION WITH BICYCLIST,09,SINGLE VEHICLE,06,STRAIGHT & LEVEL,02,DAYLIGHT,,,N,15,39,2017-11-28 15:39:00,38.2005066,-85.7825728,POINT (-85.7825728 38.2005066),0
252657,72122170,LOUISVILLE METRO POLICE DEPT,8017097782,AC,56,US0031E ,     ,MARKET,ST   ,E ,38.253831,-85.744082,17.265,12/1/2017,2320,KY0061  ,JACKSON,ST   ,,,,,,,2,1,0,0,02,CLEAR,01,DRY,N,2.0,FEDERAL,2.0,COLLISION WITH BICYCLE,09,SINGLE VEHICLE,06,STRAIGHT & LEVEL,05,DARK-HWY LIGHTED/ON,,,N,23,20,2017-12-01 23:20:00,38.253831,-85.744082,POINT (-85.74408200000001 38.253831),0
252727,72122229,LOUISVILLE METRO POLICE DEPT,8017098008,AC,56,KY1931  ,     ,GREENWOOD,RD   ,  ,38.1443103,-85.8581917,2.132,12/2/2017,1822,        ,FEYHURST,DR   ,,,,,,,2,1,0,1,02,CLEAR,01,DRY,N,7.0,STATE,2.0,COLLISION WITH BICYCLE,09,SINGLE VEHICLE,06,STRAIGHT & LEVEL,06,DARK-HWY NOT LIGHTED,,,N,18,22,2017-12-02 18:22:00,38.1443103,-85.8581917,POINT (-85.85819170000001 38.1443103),0
253011,72123368,LOUISVILLE METRO POLICE DEPT,8017098682,AC,56,        ,6600 ,GRADE,LN   ,  ,38.1538153,-85.7336441,2.387,12/5/2017,0707,,,,,,,,,,2,1,0,1,06,RAINING,05,WET,N,5.0,LOCAL STREET,37.0,COLLISION WITH BICYCLIST,09,SINGLE VEHICLE,06,STRAIGHT & LEVEL,04,DARK-HWY LIGHTED/OFF,,,N,07,07,2017-12-05 07:07:00,38.1538153,-85.7336441,POINT (-85.73364410000001 38.1538153),0
253098,72129917,LOUISVILLE METRO POLICE DEPT,8017098682,AC,56,        ,6600 ,GRADE,LN   ,  ,38.1538153,-85.7336441,2.387,12/5/2017,0707,,,,,,,,,,2,1,0,1,06,RAINING,05,WET,N,5.0,LOCAL STREET,37.0,COLLISION WITH BICYCLIST,09,SINGLE VEHICLE,06,STRAIGHT & LEVEL,04,DARK-HWY LIGHTED/OFF,,,N,07,07,2017-12-05 07:07:00,38.1538153,-85.7336441,POINT (-85.73364410000001 38.1538153),0
253931,72127942,LOUISVILLE METRO POLICE DEPT,8017101406,AC,56,        ,     ,JEANINE,DR   ,  ,38.1636178,-85.6880079,0.413,12/14/2017,1709,        ,WOODED,WAY  ,,,,,,,2,1,0,1,03,CLOUDY,01,DRY,N,5.0,LOCAL STREET,2.0,COLLISION WITH BICYCLE,09,SINGLE VEHICLE,06,STRAIGHT & LEVEL,03,DUSK,,,N,17,09,2017-12-14 17:09:00,38.1636178,-85.6880079,POINT (-85.6880079 38.1636178),0
254491,72130250,LOUISVILLE METRO POLICE DEPT,8017102897,AC,56,KY0864  ,     ,POPLAR LEVEL,RD   ,  ,38.1600301,-85.6714798,8.064,12/19/2017,100002,        ,JEFFERSON,BLVD ,,,,,,,2,1,0,1,02,CLEAR,01,DRY,N,7.0,STATE,2.0,COLLISION WITH BICYCLE,09,SINGLE VEHICLE,06,STRAIGHT & LEVEL,04,DARK-HWY LIGHTED/OFF,,,N,10,00,2017-12-19 10:00:00,38.1600301,-85.6714798,POINT (-85.6714798 38.1600301),0
254702,72131366,LOUISVILLE METRO POLICE DEPT,8017103524,AC,56,        ,     ,WOODGATE,LN   ,  ,38.1982569,-85.6263092,0.778,12/21/2017,1956,        ,ARJAY,LN   ,,,,,,,2,1,0,1,02,CLEAR,01,DRY,N,5.0,LOCAL STREET,2.0,COLLISION WITH BICYCLE,09,SINGLE VEHICLE,06,STRAIGHT & LEVEL,07,DARK (UNKNOWN ROADWAY LIGHTING),,,N,19,56,2017-12-21 19:56:00,38.1982569,-85.6263092,POINT (-85.62630919999999 38.1982569),0
254898,72132863,LOUISVILLE METRO POLICE DEPT,8017103882,AC,56,        ,     ,TRADE PORT,DR   ,  ,38.1248191,-85.8906576,0.424,12/22/2017,2151,,,,,,,,,,2,1,0,0,06,RAINING,06,WATER (STANDING OR MOVING),N,5.0,LOCAL STREET,37.0,COLLISION WITH BICYCLIST,09,SINGLE VEHICLE,06,STRAIGHT & LEVEL,04,DARK-HWY LIGHTED/OFF,,,N,21,51,2017-12-22 21:51:00,38.1248191,-85.8906576,POINT (-85.8906576 38.1248191),0